task,model,building_id,source_area,context_tolerance_m,paired_point_rmse_m,hausdorff_distance_m,relative_area_error_pct,source_is_valid,target_is_valid,prediction_is_valid
Fixed 2 m target,Identity baseline,2426,wedding,,0.08873284913294877,0.4719905342238709,0.08894653251907256,True,True,True
Fixed 2 m target,Identity baseline,2427,wedding,,0.3929229621436412,1.2454980001888118,2.5763931542877834,True,True,True
Fixed 2 m target,Identity baseline,2428,wedding,,0.6703971073435067,1.0082919773029597,1.3470936426575664,True,True,True
Fixed 2 m target,Identity baseline,2429,wedding,,0.42547656320163374,1.0750164079614273,1.627221387544543,True,True,True
Fixed 2 m target,Identity baseline,2430,wedding,,1.052370421006817,1.5664522148459332,0.008894747038346001,True,True,True
Fixed 2 m target,Identity baseline,2431,wedding,,1.5839639069420888,1.9161229353535423,1.6591504201288636,True,True,True
Fixed 2 m target,Identity baseline,2432,wedding,,0.29558716639480626,0.5099391858654352,0.2714253581860215,True,True,True
Fixed 2 m target,Identity baseline,2433,wedding,,0.46904296341592916,1.5217700684158288,2.7571077522962875,True,True,True
Fixed 2 m target,Identity baseline,2434,wedding,,0.12813442390181373,0.4025526176460716,0.36756606574046724,True,True,True
Fixed 2 m target,Identity baseline,2435,wedding,,2.0697523518478453,2.395744979287713,6.764302892518748,True,True,True
Fixed 2 m target,Identity baseline,2436,wedding,,5.021617814219906,4.454128444622519,3.354009416203016,True,True,True
Fixed 2 m target,Identity baseline,2437,wedding,,5.132625374233532,2.215819933925645,3.744004437321901,True,True,True
Fixed 2 m target,Identity baseline,2438,wedding,,0.15761127737955025,0.35773956398325224,0.4995712311967133,True,True,True
Fixed 2 m target,Identity baseline,2439,wedding,,1.0567255001409093,1.9333272710609508,5.063145286651281,True,True,True
Fixed 2 m target,Identity baseline,2440,wedding,,1.0104587174732678,1.6060660590670484,1.071977326079343,True,True,True
Fixed 2 m target,Identity baseline,2441,wedding,,2.004831086187982,1.2831698625762542,6.604618325330776,True,True,True
Fixed 2 m target,Identity baseline,2442,wedding,,0.7370507491521716,1.21145981758747,0.5577548865883616,True,True,True
Fixed 2 m target,Identity baseline,2443,wedding,,0.48137283619649596,0.9946176776650678,1.7795050800179002,True,True,True
Fixed 2 m target,Identity baseline,2444,wedding,,1.8092391638618506,2.0000013364478946,1.0826852276963308,True,True,True
Fixed 2 m target,Identity baseline,2445,wedding,,1.3147884147227287,1.929652604281983,2.0209331359387797,True,True,True
Fixed 2 m target,Identity baseline,2446,wedding,,1.2631268913868503,1.292215805022857,1.319837327952744,True,True,True
Fixed 2 m target,Identity baseline,2447,wedding,,1.1797521384223169,1.2135299653350282,0.8022699369476548,True,True,True
Fixed 2 m target,Identity baseline,2448,wedding,,0.838015840972117,1.5000002570450306,2.9481984121605955,True,True,True
Fixed 2 m target,Identity baseline,2449,wedding,,0.0,0.0,0.0,True,True,True
Fixed 2 m target,Identity baseline,2450,wedding,,0.740293594783768,0.8199122049862541,0.509903616465383,True,True,True
Fixed 2 m target,Identity baseline,2451,wedding,,0.4726723556197298,0.5274577951776954,0.02745968483781029,True,True,True
Fixed 2 m target,Identity baseline,2452,wedding,,0.7816795557037406,0.7653151793553922,0.11439153146889323,True,True,True
Fixed 2 m target,Identity baseline,2453,wedding,,0.43487631510613184,0.51537346180849,1.39566938074881,True,True,True
Fixed 2 m target,Identity baseline,2454,wedding,,0.8884293595419107,1.10315161254593,1.112093000201962,True,True,True
Fixed 2 m target,Identity baseline,2455,wedding,,0.32433638154869093,0.5000004265457392,0.014450668107532585,True,True,True
Fixed 2 m target,Identity baseline,2456,wedding,,0.8404884709434887,1.5000001480802894,8.38184311195748,True,True,True
Fixed 2 m target,Identity baseline,2457,wedding,,0.8850220462522376,0.9544799253104448,0.48724234810752054,True,True,True
Fixed 2 m target,Identity baseline,2458,wedding,,0.005524277932743939,0.031234787430725375,0.021378966724999157,True,True,True
Fixed 2 m target,Identity baseline,2459,wedding,,0.836138194303895,0.9852120766004521,2.8924068947577255,True,True,True
Fixed 2 m target,Identity baseline,2460,wedding,,1.0884638373480982,1.6113430816543064,1.491649815602604,True,True,True
Fixed 2 m target,Identity baseline,2461,wedding,,1.062054805605219,1.90663502747029,5.3357588626863155,True,True,True
Fixed 2 m target,Identity baseline,2462,wedding,,1.3587573968444329,1.6325866728971834,0.5105717818219515,True,True,True
Fixed 2 m target,Identity baseline,2463,wedding,,0.7316480325690865,1.1267349199108265,1.0508207031667982,True,True,True
Fixed 2 m target,Identity baseline,2464,wedding,,0.6661043260951838,0.9999999655410647,1.8124324642641947,True,True,True
Fixed 2 m target,Identity baseline,2465,wedding,,1.0738280224683052,1.8433975741736723,2.823095462864298,True,True,True
Fixed 2 m target,Identity baseline,2466,wedding,,1.06857188587741,1.7098795962834228,5.074383690871905,True,True,True
Fixed 2 m target,Identity baseline,2467,wedding,,1.0404125974409666,0.9849580553537575,3.7287376830160563,True,True,True
Fixed 2 m target,Identity baseline,2468,wedding,,1.0706118369691788,1.3346332114199344,1.2824008007426988,True,True,True
Fixed 2 m target,Identity baseline,2469,wedding,,0.9815964017814927,1.3559946284901576,1.6129906510897063,True,True,True
Fixed 2 m target,Identity baseline,2470,wedding,,0.5695896088843488,0.7614095878497306,0.6116090847676084,True,True,True
Fixed 2 m target,Identity baseline,2471,wedding,,0.32644666595769545,1.0000002076849341,2.611807838182575,True,True,True
Fixed 2 m target,Identity baseline,2472,wedding,,0.08856093809767064,0.4922819124532641,0.35561942382089007,True,True,True
Fixed 2 m target,Identity baseline,2473,wedding,,0.22977249808730402,0.611468464397053,2.0324242717163568,True,True,True
Fixed 2 m target,Identity baseline,2474,wedding,,1.5271488828852853,2.184378216814266,4.3766006863223765,True,True,True
Fixed 2 m target,Identity baseline,2475,wedding,,0.35432939416772574,0.5869676268107898,0.5150347439525363,True,True,True
Fixed 2 m target,Identity baseline,2476,wedding,,0.8530842682332723,1.4468600265262868,4.002290837387404,True,True,True
Fixed 2 m target,Identity baseline,2477,wedding,,0.6237046880292406,1.000000179745257,2.0120294707566746,True,True,True
Fixed 2 m target,Identity baseline,2478,wedding,,0.5770154451925456,0.9378115040282755,8.775492207461705,True,True,True
Fixed 2 m target,Identity baseline,2479,wedding,,1.1215904691525265,1.609949481373256,3.0506752055679724,True,True,True
Fixed 2 m target,Identity baseline,2480,wedding,,0.3171047387437201,0.4446953627413348,1.83554023112565,True,True,True
Fixed 2 m target,Identity baseline,2481,wedding,,1.4873633858882476,1.7818267450383003,5.573057695474229,True,True,True
Fixed 2 m target,Identity baseline,2482,wedding,,0.2013898232767419,0.6228411000631817,1.8657376508283172,True,True,True
Fixed 2 m target,Identity baseline,2483,wedding,,1.3476618531702702,1.6027394824674166,0.215629039997774,True,True,True
Fixed 2 m target,Identity baseline,2484,wedding,,1.1818069842809247,1.5515117630342525,3.547176508004193,True,True,True
Fixed 2 m target,Identity baseline,2485,wedding,,1.7801702531472916,2.310763672181629,2.0017903959240213,True,True,True
Fixed 2 m target,Identity baseline,2486,wedding,,0.9192726278643184,1.321982182250089,3.1777281446958265,True,True,True
Fixed 2 m target,Identity baseline,2487,wedding,,1.1825684167579962,1.6040118043291038,0.9083076026540284,True,True,True
Fixed 2 m target,Identity baseline,2488,wedding,,1.6429485386631,1.4173013614839698,2.4645092841744187,True,True,True
Fixed 2 m target,Identity baseline,2489,wedding,,0.6966061353710635,1.3970866673927784,2.8740443587258917,True,True,True
Fixed 2 m target,Identity baseline,2490,wedding,,0.7259741947520332,1.6411439194998132,1.1486759984451989,True,True,True
Fixed 2 m target,Identity baseline,2491,wedding,,1.193217078311438,0.9502298881575372,1.6937285962827473,True,True,True
Fixed 2 m target,Identity baseline,2492,wedding,,0.7030164371051051,1.3476747411531904,1.8741439954191494,True,True,True
Fixed 2 m target,Identity baseline,2493,wedding,,0.4068505347816866,0.5829640357701265,0.1541220024460246,True,True,True
Fixed 2 m target,Identity baseline,2494,wedding,,2.036726336002721,2.401564098364574,12.880092557897566,True,True,True
Fixed 2 m target,Identity baseline,2495,wedding,,0.00552426161318785,0.03020260554887022,0.023414362713054734,True,True,True
Fixed 2 m target,Identity baseline,2496,wedding,,1.0747938849730718,1.8499999399646234,2.699218642718719,True,True,True
Fixed 2 m target,Identity baseline,2497,wedding,,1.0791575828869804,1.6642228817828293,1.6006993337794615,True,True,True
Fixed 2 m target,Identity baseline,2498,wedding,,0.8999478732476798,0.965590239706861,0.07445620244836894,True,True,True
Fixed 2 m target,Identity baseline,2499,wedding,,2.025969613983018,1.723193727344758,2.465011280953456,True,True,True
Fixed 2 m target,Identity baseline,2500,wedding,,1.1693461893389419,1.3930435521778992,2.337395211868975,True,True,True
Fixed 2 m target,Identity baseline,2501,wedding,,0.3940475489841713,0.5728724493312922,3.3999263006425626,True,True,True
Fixed 2 m target,Identity baseline,2502,wedding,,1.5709440402628656,1.8533941199794985,13.827631350044713,True,True,True
Fixed 2 m target,Identity baseline,2503,wedding,,0.5555670776364142,0.9633185599637734,3.3099524151285213,True,True,True
Fixed 2 m target,Identity baseline,2504,wedding,,0.9751239109471245,1.2790006416383204,1.665293931386095,True,True,True
Fixed 2 m target,Identity baseline,2505,wedding,,1.0229303689060023,1.7019544667921693,4.357187723229988,True,True,True
Fixed 2 m target,Identity baseline,2506,wedding,,0.8070543337579621,1.20057009071263,3.3655331833751094,True,True,True
Fixed 2 m target,Identity baseline,2507,wedding,,3.834783677702665,1.0719868812139028,1.5606978063040118,True,True,True
Fixed 2 m target,Identity baseline,2508,wedding,,0.47547263110809135,0.5354411760843345,0.11684984202836587,True,True,True
Fixed 2 m target,Identity baseline,2509,wedding,,0.6987712215063137,0.6263776870945271,0.39009003827857086,True,True,True
Fixed 2 m target,Identity baseline,2510,wedding,,0.9129433172612543,1.604845949291483,4.253292084976776,True,True,True
Fixed 2 m target,Identity baseline,2511,wedding,,0.4708935463033857,0.45888266426797925,0.32215239321664496,True,True,True
Fixed 2 m target,Identity baseline,2512,wedding,,1.0388568979132893,1.7364861600111232,4.728598941241642,True,True,True
Fixed 2 m target,Identity baseline,2513,wedding,,0.7549883330939792,1.0000000186264515,1.79727095645786,True,True,True
Fixed 2 m target,Identity baseline,2514,wedding,,0.01991808804287006,0.062129842534946474,0.2885741584385617,True,True,True
Fixed 2 m target,Identity baseline,2515,wedding,,0.8405611427713922,1.0077407084017564,0.3433021829376151,True,True,True
Fixed 2 m target,Identity baseline,2516,wedding,,0.6278984435412669,0.6390664678133173,2.7845232929467825,True,True,True
Fixed 2 m target,Identity baseline,2517,wedding,,0.7432353344090258,0.7197655671755244,0.697361430393541,True,True,True
Fixed 2 m target,Identity baseline,2518,wedding,,1.0762551645772314,1.1930201963567066,0.21446763666058016,True,True,True
Fixed 2 m target,Identity baseline,2519,wedding,,1.5448515012961563,1.593082573453726,3.0121189026214648,True,True,True
Fixed 2 m target,Identity baseline,2520,wedding,,1.046787557804231,1.5907929487815082,1.94120929222487,True,True,True
Fixed 2 m target,Identity baseline,2521,wedding,,0.36051954572124595,0.5238455631236407,0.2768597433235803,True,True,True
Fixed 2 m target,Identity baseline,2522,wedding,,0.4480452260434913,1.2696036788366787,3.25846564085533,True,True,True
Fixed 2 m target,Identity baseline,2523,wedding,,0.6767627217341357,0.9999994710087776,2.704855457678227,True,True,True
Fixed 2 m target,Identity baseline,2524,wedding,,0.43234270707218275,0.5966212967414044,0.1056427169456678,True,True,True
Fixed 2 m target,Identity baseline,2525,wedding,,0.10408518446046082,0.4446515129765084,0.6582662758652759,True,True,True
Fixed 2 m target,Identity baseline,2526,wedding,,0.7091968733857691,1.5617376322672905,5.538079788454031,True,True,True
Fixed 2 m target,Identity baseline,2527,wedding,,0.770888309857046,1.1399121459361359,0.8098531038985902,True,True,True
Fixed 2 m target,Identity baseline,2528,wedding,,1.218699933232583,1.1399018004038586,1.7714693618867774,True,True,True
Fixed 2 m target,Identity baseline,2529,wedding,,0.49945036240257895,0.9808557337470565,1.116091697598991,True,True,True
Fixed 2 m target,Identity baseline,2530,wedding,,0.6700784578799563,1.4818726638806414,1.468423091352144,True,True,True
Fixed 2 m target,Identity baseline,2531,wedding,,0.2791807171758188,0.5000000270083547,0.13775040562027946,True,True,True
Fixed 2 m target,Identity baseline,2532,wedding,,0.153789251803568,0.44431058211778524,0.011394088676340468,True,True,True
Fixed 2 m target,Identity baseline,2533,wedding,,11.086764414808655,1.193099994711448,0.4918980219757828,True,True,True
Fixed 2 m target,Identity baseline,2534,wedding,,0.7038841837967772,1.161440221207322,2.4109819555639946,True,True,True
Fixed 2 m target,Identity baseline,2535,wedding,,0.8126879040451335,1.1473212592556266,1.2016755511611252,True,True,True
Fixed 2 m target,Identity baseline,2536,wedding,,0.009568358808279248,0.031228318523419236,0.09428483380864283,True,True,True
Fixed 2 m target,Identity baseline,2537,wedding,,0.0,0.0,0.0,True,True,True
Fixed 2 m target,Identity baseline,2538,wedding,,0.8862454335182152,1.2585744548799143,0.5154162377031104,True,True,True
Fixed 2 m target,Identity baseline,2539,wedding,,0.597515814837838,0.7058863981629656,2.1376046454656574,True,True,True
Fixed 2 m target,Identity baseline,2540,wedding,,1.1131510362297508,1.7226339374427635,3.1060291455452274,True,True,True
Fixed 2 m target,Identity baseline,2541,wedding,,0.6408155411245202,1.6520405309301478,3.8529607374507493,True,True,True
Fixed 2 m target,Identity baseline,2542,wedding,,0.7576312557571521,1.499999945051968,8.147443757480872,True,True,True
Fixed 2 m target,Identity baseline,2543,wedding,,0.969002006747181,1.4820181977081528,4.693198709184152,True,True,True
Fixed 2 m target,Identity baseline,2544,wedding,,0.30433674658198107,0.812324020706504,4.845350425073233,True,True,True
Fixed 2 m target,Identity baseline,2545,wedding,,0.760666293251137,1.1929838876840873,3.0336774136975797,True,True,True
Fixed 2 m target,Identity baseline,2546,wedding,,0.26859553646142087,0.4123000650790925,0.9395222012999981,True,True,True
Fixed 2 m target,Identity baseline,2547,wedding,,1.2751976637701994,1.7878612974608492,1.2752487983842513,True,True,True
Fixed 2 m target,Identity baseline,2548,wedding,,0.5052217370516983,1.1801633360295627,3.377031617177021,True,True,True
Fixed 2 m target,Identity baseline,2549,wedding,,1.8160323493836132,1.8089704094603687,1.8958281332502764,True,True,True
Fixed 2 m target,Identity baseline,2550,wedding,,0.8585577704694869,1.39714595444389,1.4688249066871988,True,True,True
Fixed 2 m target,Identity baseline,2551,wedding,,4.586892418534691,1.80372512554885,4.394612160775602,True,True,True
Fixed 2 m target,Identity baseline,2552,wedding,,1.9690677703079953,1.5000000540167093,4.2001028100967845,True,True,True
Fixed 2 m target,Identity baseline,2553,wedding,,0.23404931379429403,0.430950780277797,0.5595234383580687,True,True,True
Fixed 2 m target,Identity baseline,2554,wedding,,0.4880780486652865,1.28224153368153,1.19952900089629,True,True,True
Fixed 2 m target,Identity baseline,2555,wedding,,1.3391889091706777,1.472912553790627,0.8399393695600009,True,True,True
Fixed 2 m target,Identity baseline,2556,wedding,,0.6197534588134932,0.954550593974716,1.6843302974990693,True,True,True
Fixed 2 m target,Identity baseline,2557,wedding,,1.4879788543357986,1.2893912353012835,0.8519331241224696,True,True,True
Fixed 2 m target,Identity baseline,2558,wedding,,0.4248304561804662,0.9999998910352588,4.97117803028103,True,True,True
Fixed 2 m target,Identity baseline,2559,wedding,,0.19833599890360054,0.5000000651925802,2.1800644026069422,True,True,True
Fixed 2 m target,Identity baseline,2560,wedding,,0.6056325609516608,0.8540048958038157,2.7351153866341185,True,True,True
Fixed 2 m target,Identity baseline,2561,wedding,,0.7555336818776437,1.6145656906997337,7.625027209190133,True,True,True
Fixed 2 m target,Identity baseline,2562,wedding,,0.5581974868542012,1.1127381037813797,2.4520356390092264,True,True,True
Fixed 2 m target,Identity baseline,2563,wedding,,1.1525356734544427,1.5094919312525221,2.2340599433371073,True,True,True
Fixed 2 m target,Identity baseline,2564,wedding,,0.4965087934837236,1.7647161000511948,3.110441865157105,True,True,True
Fixed 2 m target,Identity baseline,2565,wedding,,0.7800381529119815,1.2185732381430296,0.23514456601397365,True,True,True
Fixed 2 m target,Identity baseline,2566,wedding,,0.9282748984873561,1.1180338987338188,1.8219010536943798,True,True,True
Fixed 2 m target,Identity baseline,2567,wedding,,0.46249077224765933,1.079653839068716,2.227877768048364,True,True,True
Fixed 2 m target,Identity baseline,2568,wedding,,0.62850579877467,1.5322063350848627,2.632304957018156,True,True,True
Fixed 2 m target,Identity baseline,2569,wedding,,0.826944997999297,1.3171046171363328,4.804869939184856,True,True,True
Fixed 2 m target,Identity baseline,2570,wedding,,0.0,0.0,0.0,True,True,True
Fixed 2 m target,Identity baseline,2571,wedding,,0.7347073859141476,1.4999999795109034,5.299121383085728,True,True,True
Fixed 2 m target,Identity baseline,2572,wedding,,0.3725096870439334,0.48384395798045043,1.0588903717261897,True,True,True
Fixed 2 m target,Identity baseline,2573,wedding,,0.8552993109545041,1.4697176712707578,1.8304265634200239,True,True,True
Fixed 2 m target,Identity baseline,2574,wedding,,0.7122027264899574,1.4708714741502558,3.1341763996676764,True,True,True
Fixed 2 m target,Identity baseline,2575,wedding,,7.560409540670698,1.0853043015819948,3.328839099878325,True,True,True
Fixed 2 m target,Identity baseline,2576,wedding,,0.5095523263252096,0.7500000332365744,0.22503982358686542,True,True,True
Fixed 2 m target,Identity baseline,2577,wedding,,0.833011890443107,1.519086811851476,4.907771257052776,True,True,True
Fixed 2 m target,Identity baseline,2578,wedding,,1.3965376643277017,1.0457083472436441,3.593945837282347,True,True,True
Fixed 2 m target,Identity baseline,2579,wedding,,0.8419395860379469,1.7622612185433604,9.176579338511177,True,True,True
Fixed 2 m target,Identity baseline,2580,wedding,,0.5540819551239234,1.695297455973128,1.2663433389804108,True,True,True
Fixed 2 m target,Identity baseline,2581,wedding,,0.9414144678016577,1.3013703734168203,2.2871485741164994,True,True,True
Fixed 2 m target,Identity baseline,2582,wedding,,0.6088238345037505,1.585097441672602,6.216930364608411,True,True,True
Fixed 2 m target,Identity baseline,2583,wedding,,0.7419612869151461,1.057397094847815,0.17564835896846742,True,True,True
Fixed 2 m target,Identity baseline,2584,wedding,,0.7343542198827001,0.90839638940677,0.11000005324444237,True,True,True
Fixed 2 m target,Identity baseline,2585,wedding,,1.068600377785026,1.5035960253971155,0.6362475545142862,True,True,True
Fixed 2 m target,Identity baseline,2586,wedding,,0.6153552853469249,1.0174268881330386,1.315128453875405,True,True,True
Fixed 2 m target,Identity baseline,2587,wedding,,0.7881917899000446,1.0272462125986583,1.5680457993599917,True,True,True
Fixed 2 m target,Identity baseline,2588,wedding,,1.089948792483021,1.8802016394252439,0.6658440607402705,True,True,True
Fixed 2 m target,Identity baseline,2589,wedding,,0.9095608629137578,0.9843544770135884,1.1658709686006468,True,True,True
Fixed 2 m target,Identity baseline,2590,wedding,,1.0167512099965628,1.3695918647730652,2.3185219624290614,True,True,True
Fixed 2 m target,Identity baseline,2591,wedding,,0.29661789086565565,0.8355289759442396,1.870774546964879,True,True,True
Fixed 2 m target,Identity baseline,2592,wedding,,1.5488072739281313,1.2492037647504217,10.993190125363434,True,True,True
Fixed 2 m target,Identity baseline,2593,wedding,,0.9416574180652939,1.066061298136762,2.0596625863960716,True,True,True
Fixed 2 m target,Identity baseline,2594,wedding,,2.139527007638512,1.667248230469962,1.3963234214538147,True,True,True
Fixed 2 m target,Identity baseline,2595,wedding,,0.7589593482185417,1.3139434277361315,4.2288429516240065,True,True,True
Fixed 2 m target,Identity baseline,2596,wedding,,0.34728283164201446,0.6789905199447976,1.3757613769406385,True,True,True
Fixed 2 m target,Identity baseline,2597,wedding,,0.8289168777050776,1.9999999850988388,2.360140109747908,True,True,True
Fixed 2 m target,Identity baseline,2598,wedding,,0.5982049040169648,0.9356743174244592,2.8005754660346796,True,True,True
Fixed 2 m target,Identity baseline,2599,wedding,,1.0163459515827329,1.5534963900101908,3.0361164608910998,True,True,True
Fixed 2 m target,Identity baseline,2600,wedding,,0.245503975639912,1.0915157699206786,0.8401851492900573,True,True,True
Fixed 2 m target,Identity baseline,2601,wedding,,1.1892462443395735,1.7177947192933003,5.156573135533904,True,True,True
Fixed 2 m target,Identity baseline,2602,wedding,,1.6350258674467641,1.1232502303231275,3.226736904006093,True,True,True
Fixed 2 m target,Identity baseline,2603,wedding,,0.48080207118398094,0.9722718107136585,3.259277995358071,True,True,True
Fixed 2 m target,Identity baseline,2604,wedding,,0.6409584009757021,0.8560567713050107,2.3425356245613083,True,True,True
Fixed 2 m target,Identity baseline,2605,wedding,,0.2955873068393901,0.5000002067536116,3.1963469102560067,True,True,True
Fixed 2 m target,Identity baseline,2606,wedding,,0.20955857108837228,0.27597378881023044,0.14458068884897904,True,True,True
Fixed 2 m target,Identity baseline,2607,wedding,,0.29476016365630703,0.7012591638442282,1.7215903001354886,True,True,True
Fixed 2 m target,Identity baseline,2608,wedding,,1.0006711907138561,1.5065974312248056,2.915909352420633,True,True,True
Fixed 2 m target,Identity baseline,2609,wedding,,0.17053814268593653,0.46854758332782553,0.7339699930399967,True,True,True
Fixed 2 m target,Identity baseline,2610,wedding,,0.9387363891202547,1.4739184705656385,1.215731678420883,True,True,True
Fixed 2 m target,Identity baseline,2611,wedding,,1.0367690429295233,1.2057364064688991,5.272332154803768,True,True,True
Fixed 2 m target,Identity baseline,2612,wedding,,0.017469404001747284,0.04396482572978253,0.06028173466603504,True,True,True
Fixed 2 m target,Identity baseline,2613,wedding,,0.531652044002581,0.7198386973685923,0.3737153288176331,True,True,True
Fixed 2 m target,Identity baseline,2614,wedding,,0.08924732344171206,0.33890131256398226,0.37719164667282473,True,True,True
Fixed 2 m target,Identity baseline,2615,wedding,,0.4287631940394493,0.6450097557513021,0.9908369690277891,True,True,True
Fixed 2 m target,Identity baseline,2616,wedding,,0.866923509217784,0.9586855910203624,1.2484664974935407,True,True,True
Fixed 2 m target,Identity baseline,2617,wedding,,0.44221790761188196,0.6669730575638548,0.2174673359998124,True,True,True
Fixed 2 m target,Identity baseline,2618,wedding,,0.019917979564825876,0.04067394151714475,0.1542108906159931,True,True,True
Fixed 2 m target,Identity baseline,2619,wedding,,0.9358383454383609,1.259323530915582,3.628735803443132,True,True,True
Fixed 2 m target,Identity baseline,2620,wedding,,1.4466314505886344,2.192934259787382,0.6427259750509703,True,True,True
Fixed 2 m target,Identity baseline,2621,wedding,,0.5622015017182325,0.7678689795271398,0.18904588057572477,True,True,True
Fixed 2 m target,Identity baseline,2622,wedding,,0.6889411419998103,1.3287682488232573,12.835424023346462,True,True,True
Fixed 2 m target,Identity baseline,2623,wedding,,1.349981059732841,1.4616006764313203,8.837013087325357,True,True,True
Fixed 2 m target,Identity baseline,2624,wedding,,0.8262988017529918,0.8867838706392404,4.799348141544963,True,True,True
Fixed 2 m target,Identity baseline,2625,wedding,,0.6406012584587885,0.822146521787064,0.07665818610233605,True,True,True
Fixed 2 m target,Identity baseline,2626,wedding,,1.2476786565677396,1.700629349587552,4.584033950779856,True,True,True
Fixed 2 m target,Identity baseline,2627,wedding,,0.5908130788193952,0.632929012437197,0.3434567968775153,True,True,True
Fixed 2 m target,Identity baseline,2628,wedding,,0.49243545628065866,1.297097889997343,2.6913872512950454,True,True,True
Fixed 2 m target,Identity baseline,2629,wedding,,1.0205859820878929,1.3298930365532693,0.7084489924962253,True,True,True
Fixed 2 m target,Identity baseline,2630,wedding,,1.8112788131652766,1.9190076373212168,8.326357240097439,True,True,True
Fixed 2 m target,Identity baseline,2631,wedding,,0.8554777333107746,1.1626114048433134,1.2675788832027646,True,True,True
Fixed 2 m target,Identity baseline,2632,wedding,,1.7409521679695317,1.1999997711740475,1.3543652520944294,True,True,True
Fixed 2 m target,Identity baseline,2633,wedding,,1.039943225003071,1.3649024946196775,4.676430174023934,True,True,True
Fixed 2 m target,Identity baseline,2634,wedding,,0.01104855994045959,0.0239577973187384,0.0642431481718373,True,True,True
Fixed 2 m target,Identity baseline,2635,wedding,,0.8668355597300004,1.5643074707556786,5.000064943073788,True,True,True
Fixed 2 m target,Identity baseline,2636,wedding,,0.9368323706576552,1.7576918190025415,3.386298914111242,True,True,True
Fixed 2 m target,Identity baseline,2637,wedding,,0.6704654139420202,0.726721758940686,3.014170201147001,True,True,True
Fixed 2 m target,Identity baseline,2638,wedding,,0.22783857893650108,0.48257010056889216,0.15657630047737933,True,True,True
Fixed 2 m target,Identity baseline,2639,wedding,,0.5368500724356179,0.8863959957832033,2.0907258253965697,True,True,True
Fixed 2 m target,Identity baseline,2640,wedding,,0.33498228796883994,0.5848618234525775,0.9161246543826489,True,True,True
Fixed 2 m target,Identity baseline,2641,wedding,,0.3389220011141637,0.5000000722706331,2.1327753619587964,True,True,True
Fixed 2 m target,Identity baseline,2642,wedding,,0.45834816936379424,0.5908147389089996,1.2654103582068001,True,True,True
Fixed 2 m target,Identity baseline,2643,wedding,,0.9959482547290935,1.8726584633781302,0.22781394623044526,True,True,True
Fixed 2 m target,Identity baseline,2644,wedding,,0.7424957381304809,0.8738850261582539,0.644814978142457,True,True,True
Fixed 2 m target,Identity baseline,2645,wedding,,0.7881338090343935,1.2369317376497129,0.013672167170253725,True,True,True
Fixed 2 m target,Identity baseline,2646,wedding,,1.8456109591567167,2.0516629362002425,1.6639704339090586,True,True,True
Fixed 2 m target,Identity baseline,2647,wedding,,1.427305428095099,2.3749998864368536,7.751312141847425,True,True,True
Fixed 2 m target,Identity baseline,2648,wedding,,1.0240337789205702,1.1548043258624379,1.5810594613456292,True,True,True
Fixed 2 m target,Identity baseline,2649,wedding,,0.752802336467178,1.4999996973201632,2.5192143231187494,True,True,True
Fixed 2 m target,Identity baseline,2650,wedding,,0.7142564617114084,1.4999997522681952,4.0672219845401285,True,True,True
Fixed 2 m target,Identity baseline,2651,wedding,,1.1656736813967195,1.3510093148458033,0.09176412658907064,True,True,True
Fixed 2 m target,Identity baseline,2652,wedding,,0.5124488126955746,1.1457921867631844,2.019259484412081,True,True,True
Fixed 2 m target,Identity baseline,2653,wedding,,0.6264631397975029,0.838747992478174,4.203300798778919,True,True,True
Fixed 2 m target,Identity baseline,2654,wedding,,0.29403454587274275,0.5896238534483784,1.0703449395512075,True,True,True
Fixed 2 m target,Identity baseline,2655,wedding,,0.7044908926507518,1.3844655857534882,1.792989909640326,True,True,True
Fixed 2 m target,Identity baseline,2656,wedding,,0.6188170271395884,0.9257503615207647,2.7659788620948733,True,True,True
Fixed 2 m target,Identity baseline,2657,wedding,,0.5446102779494322,1.45385778853896,0.7021750169666253,True,True,True
Fixed 2 m target,Identity baseline,2658,wedding,,0.5290914343102301,0.49999967869371176,1.1939820993081223,True,True,True
Fixed 2 m target,Identity baseline,2659,wedding,,1.0039897884847204,1.8179629316977752,2.2712752416423254,True,True,True
Fixed 2 m target,Identity baseline,2660,wedding,,0.2501220175823829,0.49999997206032276,0.4887554452630892,True,True,True
Fixed 2 m target,Identity baseline,2661,wedding,,0.2932030350355308,0.5590174283942619,0.3398872303711413,True,True,True
Fixed 2 m target,Identity baseline,2662,wedding,,0.6188911654528595,1.3895210606402715,2.9126548883677854,True,True,True
Fixed 2 m target,Identity baseline,2663,wedding,,0.7374851020751456,1.0793694296940501,8.805805159061821,True,True,True
Fixed 2 m target,Identity baseline,2664,wedding,,0.5733012216574246,0.8147156768268149,1.9176883344449998,True,True,True
Fixed 2 m target,Identity baseline,2665,wedding,,1.7519869222615625,1.458291798428147,1.2706485255039959,True,True,True
Fixed 2 m target,Identity baseline,2666,wedding,,1.3230832839630253,1.9053612723586524,0.7817037879507044,True,True,True
Fixed 2 m target,Identity baseline,2667,wedding,,1.17213533199999,1.2689121744927763,4.607088053380969,True,True,True
Fixed 2 m target,Identity baseline,2668,wedding,,0.0932604317022154,0.40397687788864634,0.5454224219176301,True,True,True
Fixed 2 m target,Identity baseline,2669,wedding,,0.5101508251528133,1.1025514768958316,2.22502791813529,True,True,True
Fixed 2 m target,Identity baseline,2670,wedding,,0.5238455108548578,1.2597279688419054,3.7877955290097103,True,True,True
Fixed 2 m target,Identity baseline,2671,wedding,,0.6579683793164307,0.992255123183305,1.8757803021104247,True,True,True
Fixed 2 m target,Identity baseline,2672,wedding,,1.1424695957760267,1.4999998360872269,0.4727892493386656,True,True,True
Fixed 2 m target,Identity baseline,2673,wedding,,0.6609301003823697,0.897075436089693,1.3777786765162578,True,True,True
Fixed 2 m target,Identity baseline,2674,wedding,,0.5243694947681838,0.6866422047132698,3.1888374184288604,True,True,True
Fixed 2 m target,Identity baseline,2675,wedding,,3.710945663918321,1.3316642930401568,5.7509722830767425,True,True,True
Fixed 2 m target,Identity baseline,2676,wedding,,1.173319530178546,1.973613058650972,14.423696077554524,True,True,True
Fixed 2 m target,Identity baseline,2677,wedding,,1.2522441704648362,1.6706598382482425,4.765667649808228,True,True,True
Fixed 2 m target,Identity baseline,2678,wedding,,0.8493376069579395,1.4853847320380953,1.6011065490800866,True,True,True
Fixed 2 m target,Identity baseline,2679,wedding,,1.4425754418427517,1.5000000353902578,6.359686835017311,True,True,True
Fixed 2 m target,Identity baseline,2680,wedding,,0.6880324954495146,1.126675932478204,4.356106588466682,True,True,True
Fixed 2 m target,Identity baseline,2681,wedding,,0.5515702659976507,0.9649695986851647,1.9838982400889982,True,True,True
Fixed 2 m target,Identity baseline,2682,wedding,,0.8415589331395605,1.125000296276994,0.8949295046277743,True,True,True
Fixed 2 m target,Identity baseline,2683,wedding,,0.8143196597254916,1.1962090900222233,2.7376837495877835,True,True,True
Fixed 2 m target,Identity baseline,2684,wedding,,0.8394349131968932,0.9196066037082345,1.611512406412292,True,True,True
Fixed 2 m target,Identity baseline,2685,wedding,,0.3824536292839996,0.442207527889872,0.3516842081583703,True,True,True
Fixed 2 m target,Identity baseline,2686,wedding,,1.1468020179101595,1.326946656080188,0.7672732146172069,True,True,True
Fixed 2 m target,Identity baseline,2687,wedding,,0.4118455105881446,0.6853127415360885,2.3624792621662545,True,True,True
Fixed 2 m target,Identity baseline,2688,wedding,,0.3599690508143896,0.770499157149935,2.754217231252596,True,True,True
Fixed 2 m target,Identity baseline,2689,wedding,,0.6042704553062375,1.586206694607297,6.138475970256619,True,True,True
Fixed 2 m target,Identity baseline,2690,wedding,,0.09026744852012131,0.38070528898030676,0.3513111739892972,True,True,True
Fixed 2 m target,Identity baseline,2691,wedding,,0.5522614698593216,0.6123633207261326,2.728853701398809,True,True,True
Fixed 2 m target,Identity baseline,2692,wedding,,0.5826207728715418,1.1387738879117812,0.6986376027604848,True,True,True
Fixed 2 m target,Identity baseline,2693,wedding,,1.3516528258342597,1.5206528467686902,1.626408909878303,True,True,True
Fixed 2 m target,Identity baseline,2694,wedding,,1.1444446144375777,0.9592686259188752,2.585744754939978,True,True,True
Fixed 2 m target,Identity baseline,2695,wedding,,0.5188405855981503,0.8302675791557345,2.317243574393669,True,True,True
Fixed 2 m target,Identity baseline,2696,wedding,,0.6815035191943047,1.134804447955554,0.42750488906437195,True,True,True
Fixed 2 m target,Identity baseline,2697,wedding,,0.4903859383839876,0.47724011441202696,2.1720453688424133,True,True,True
Fixed 2 m target,Identity baseline,2698,wedding,,1.1752426237584928,1.5374020357004778,3.770402085848497,True,True,True
Fixed 2 m target,Identity baseline,2699,wedding,,0.5471260795360839,0.8175923228015872,8.414887309882586,True,True,True
Fixed 2 m target,Identity baseline,2700,wedding,,0.6134428837734238,1.0387915714574651,0.7631836884164113,True,True,True
Fixed 2 m target,Identity baseline,2701,wedding,,0.5886136703057967,0.7762336700751691,12.0433969795163,True,True,True
Fixed 2 m target,Identity baseline,2702,wedding,,0.8433520689447458,1.103151779656447,1.4624252987639315,True,True,True
Fixed 2 m target,Identity baseline,2703,wedding,,0.5294373524573223,0.9259451816172583,1.470399188405502,True,True,True
Fixed 2 m target,Identity baseline,2704,wedding,,0.9785605736068149,1.3472857308227864,1.7432845495821656,True,True,True
Fixed 2 m target,Identity baseline,2705,wedding,,0.15644517864886043,0.36187778679931,0.33124595685900815,True,True,True
Fixed 2 m target,Identity baseline,2706,wedding,,0.9859083769554116,1.6996654723758637,2.48341854722832,True,True,True
Fixed 2 m target,Identity baseline,2707,wedding,,0.6123724093974475,1.3541626200407397,1.7646644427463738,True,True,True
Fixed 2 m target,Identity baseline,2708,wedding,,0.3057374108835253,0.3955871386954367,0.6958946975114856,True,True,True
Fixed 2 m target,Identity baseline,2709,wedding,,0.34851106505867446,1.2134065946325063,2.2863015026774764,True,True,True
Fixed 2 m target,Identity baseline,2710,wedding,,0.8238204989441174,1.563487680285234,6.394566017837744,True,True,True
Fixed 2 m target,Identity baseline,2711,wedding,,0.4283359518692156,0.5087128972645778,1.7774270325398616,True,True,True
Fixed 2 m target,Identity baseline,2712,wedding,,0.11280879102095626,0.5260312868242878,1.0969935291156045,True,True,True
Fixed 2 m target,Identity baseline,2713,wedding,,0.7925549103953216,1.1959309926154646,2.2932159512643384,True,True,True
Fixed 2 m target,Identity baseline,2714,wedding,,1.2038858402770347,0.8002092101743357,1.7114833009441266,True,True,True
Fixed 2 m target,Identity baseline,2715,wedding,,0.6822196248077416,0.8175262838317217,2.0341501632271766,True,True,True
Fixed 2 m target,Identity baseline,2716,wedding,,0.41217881927913874,0.7089706541704032,0.5561273367260962,True,True,True
Fixed 2 m target,Identity baseline,2717,wedding,,0.6921010981812601,0.6925319551061955,2.1001870573628163,True,True,True
Fixed 2 m target,Identity baseline,2718,wedding,,0.3645601389320436,0.9326355645479799,0.859736932160581,True,True,True
Fixed 2 m target,Identity baseline,2719,wedding,,0.3039354010577449,0.41176479600150795,1.1627899244032134,True,True,True
Fixed 2 m target,Identity baseline,2720,wedding,,0.2703509006763714,0.4630247521279941,0.4747097567949326,True,True,True
Fixed 2 m target,Identity baseline,2721,wedding,,0.6088739540804108,0.7464830938368084,1.7693341202094406,True,True,True
Fixed 2 m target,Identity baseline,2722,wedding,,0.49899192337861803,0.6715193428328683,2.016263685267527,True,True,True
Fixed 2 m target,Identity baseline,2723,wedding,,1.0278412141131121,1.691690948697667,0.6667683288978286,True,True,True
Fixed 2 m target,Identity baseline,2724,wedding,,1.6715647046170543,1.3488801817383114,1.8533740247618378,True,True,True
Fixed 2 m target,Identity baseline,2725,wedding,,0.6731229397897793,1.8171680148156992,5.460139763131692,True,True,True
Fixed 2 m target,Identity baseline,2726,wedding,,0.5595625650066574,0.9999998398125172,2.8821962523070956,True,True,True
Fixed 2 m target,Identity baseline,2727,wedding,,1.108191467037011,1.7480271479692957,0.2546764330878357,True,True,True
Fixed 2 m target,Identity baseline,2728,wedding,,0.28848125510124667,0.5602980630689528,0.13048654771956578,True,True,True
Fixed 2 m target,Identity baseline,2729,wedding,,0.0,0.0,0.0,True,True,True
Fixed 2 m target,Identity baseline,2730,wedding,,1.1966011485065564,1.5000001890584826,3.762423032319015,True,True,True
Fixed 2 m target,Identity baseline,2731,wedding,,0.0,0.0,0.0,True,True,True
Fixed 2 m target,Identity baseline,2732,wedding,,0.31230463035927636,0.421669255305828,0.3102540417698046,True,True,True
Fixed 2 m target,Identity baseline,2733,wedding,,0.45534210131588326,0.7659934986748757,3.133746120569851,True,True,True
Fixed 2 m target,Identity baseline,2734,wedding,,1.0767087694671766,0.8656647957985348,5.491241766603987,True,True,True
Fixed 2 m target,Identity baseline,2735,wedding,,0.6563430114862667,1.5899969145833026,12.81417728356229,True,True,True
Fixed 2 m target,Identity baseline,2736,wedding,,0.41776783806453444,1.0548963492639694,1.2468916411949742,True,True,True
Fixed 2 m target,Identity baseline,2737,wedding,,1.1783803629703486,1.6899730496645302,2.3878160831208723,True,True,True
Fixed 2 m target,Identity baseline,2738,wedding,,10.677821341951281,1.6955543882700066,3.7099181300834227,True,True,True
Fixed 2 m target,Identity baseline,2739,wedding,,1.0909004299498204,1.5322067832462936,1.1475359933041043,True,True,True
Fixed 2 m target,Identity baseline,2740,wedding,,2.0674951175792353,1.6905598241003716,0.16222189648031027,True,True,True
Fixed 2 m target,Identity baseline,2741,wedding,,0.31623750208376916,0.49465488374624905,0.14744367719202248,True,True,True
Fixed 2 m target,Identity baseline,2742,wedding,,0.9362296164994188,1.2121208084074528,1.2115681885343128,True,True,True
Fixed 2 m target,Identity baseline,2743,wedding,,1.2736290917367072,1.7923054381716608,0.06154527916724598,True,True,True
Fixed 2 m target,Identity baseline,2744,wedding,,1.9789541043373813,2.450479078551034,1.365530830278289,True,True,True
Fixed 2 m target,Identity baseline,2745,wedding,,0.8432434480146039,1.170000508297247,0.7840815153217359,True,True,True
Fixed 2 m target,Identity baseline,2746,wedding,,0.48374458304914025,1.1480651850805421,2.572059436282363,True,True,True
Fixed 2 m target,Identity baseline,2747,wedding,,1.2337693617194636,1.7135241425037022,0.6041092653909078,True,True,True
Fixed 2 m target,Identity baseline,2748,wedding,,0.5431233029237409,1.7176031204896525,3.745035743789276,True,True,True
Fixed 2 m target,Identity baseline,2749,wedding,,0.6694633384104475,1.1473474742111518,3.925819409495173,True,True,True
Fixed 2 m target,Identity baseline,2750,wedding,,0.08873293955727132,0.3124323780861823,0.906809139089952,True,True,True
Fixed 2 m target,Identity baseline,2751,wedding,,0.005524246363766587,0.024812559331348714,0.01788700547213564,True,True,True
Fixed 2 m target,Identity baseline,2752,wedding,,0.412067705364827,0.5820855896708054,0.9143006236434645,True,True,True
Fixed 2 m target,Identity baseline,2753,wedding,,0.30995048609282255,0.4999998128041625,2.1747062155560006,True,True,True
Fixed 2 m target,Identity baseline,2754,wedding,,0.12536568358656724,0.48413870646362644,0.7623516682063258,True,True,True
Fixed 2 m target,Identity baseline,2755,wedding,,0.5105096649614109,0.9999999450519681,1.093978480123707,True,True,True
Fixed 2 m target,Identity baseline,2756,wedding,,0.16228577247323686,0.3406407114664704,0.6385459468233825,True,True,True
Fixed 2 m target,Identity baseline,2757,wedding,,0.007812575633652943,0.031235190089384246,0.06512414063963631,True,True,True
Fixed 2 m target,Identity baseline,2758,wedding,,0.6921892521822276,1.2670493842727175,4.587714569757142,True,True,True
Fixed 2 m target,Identity baseline,2759,wedding,,0.466007575653132,0.878862893841764,0.37948533846390786,True,True,True
Fixed 2 m target,Identity baseline,2760,wedding,,0.3184012693280771,0.6850092055109696,1.1482969942049484,True,True,True
Fixed 2 m target,Identity baseline,2761,wedding,,0.8631310310841686,1.5965811713450617,1.9023633215481395,True,True,True
Fixed 2 m target,Identity baseline,2762,wedding,,0.4357177504421148,0.6496245618681707,1.3727312896017494,True,True,True
Fixed 2 m target,Identity baseline,2763,wedding,,1.0132634499051205,0.9782333828037011,0.01639049952824281,True,True,True
Fixed 2 m target,Identity baseline,2764,wedding,,0.0,0.0,0.0,True,True,True
Fixed 2 m target,Identity baseline,2765,wedding,,0.7005377582903397,1.1071079618237794,0.16151053580384295,True,True,True
Fixed 2 m target,Identity baseline,2766,wedding,,0.1904070157191176,0.4563964832122577,0.007110631856178224,True,True,True
Fixed 2 m target,Identity baseline,2767,wedding,,1.3579712204264964,1.6145665987279605,0.13707163325050983,True,True,True
Fixed 2 m target,Identity baseline,2768,wedding,,0.005524200646372072,0.031215322890431475,0.03195612970774655,True,True,True
Fixed 2 m target,Identity baseline,2769,wedding,,0.0,0.0,0.0,True,True,True
Fixed 2 m target,Identity baseline,2770,wedding,,0.08856076633083124,0.4887068327229067,0.43743074525305087,True,True,True
Fixed 2 m target,Identity baseline,2771,wedding,,2.0805759225028564,1.7782467822187096,0.7169356249457359,True,True,True
Fixed 2 m target,Identity baseline,2772,wedding,,0.384800300601751,0.5587934866728963,1.4852288711775612,True,True,True
Fixed 2 m target,Identity baseline,2773,wedding,,0.8533524709599161,1.3739558105108811,1.2707633377367513,True,True,True
Fixed 2 m target,Identity baseline,2774,wedding,,0.2554341487282313,0.4123106598703995,0.3819643157722675,True,True,True
Fixed 2 m target,Identity baseline,2775,wedding,,0.9552039224715438,1.5262695665140598,4.092349033116878,True,True,True
Fixed 2 m target,Identity baseline,2776,wedding,,0.6746173854312998,0.7108510340366103,1.0343840931895982,True,True,True
Fixed 2 m target,Identity baseline,2777,wedding,,0.7119454793175851,1.0827572907136276,2.290929818151944,True,True,True
Fixed 2 m target,Identity baseline,2778,wedding,,0.6129951104745417,0.8003673439239467,4.12804331832164,True,True,True
Fixed 2 m target,Identity baseline,2779,wedding,,0.4555766208138462,0.6249998603365453,1.7929177937761394,True,True,True
Fixed 2 m target,Identity baseline,2780,wedding,,0.753592491608119,1.3565601257274735,3.688677723037858,True,True,True
Fixed 2 m target,Identity baseline,2781,wedding,,0.41575423679403295,0.6470592982847941,1.490064543532485,True,True,True
Fixed 2 m target,Identity baseline,2782,wedding,,0.559780716636278,0.6992258595424179,0.7419882019826735,True,True,True
Fixed 2 m target,Identity baseline,2783,wedding,,0.3020720603852108,0.4926507166339194,1.0478141039149054,True,True,True
Fixed 2 m target,Identity baseline,2784,wedding,,1.1262742399841381,1.681151913666282,1.6739168601433552,True,True,True
Fixed 2 m target,Identity baseline,2785,wedding,,1.9945146248493424,2.2687066905277273,1.8880905879810301,True,True,True
Fixed 2 m target,Identity baseline,2786,wedding,,1.0233629232349164,1.2121243882747008,3.8267642358319134,True,True,True
Fixed 2 m target,Identity baseline,2787,wedding,,0.7272132095447761,1.2026176246313274,0.7835175122431032,True,True,True
Fixed 2 m target,Identity baseline,2788,wedding,,4.2559092044382885,0.7613475808944684,1.7868400399917022,True,True,True
Fixed 2 m target,Identity baseline,2789,wedding,,0.7839601613766056,1.2676876054174928,6.120928227031472,True,True,True
Fixed 2 m target,Identity baseline,2790,wedding,,0.9127428384955313,2.0000003557652235,4.30840737027647,True,True,True
Fixed 2 m target,Identity baseline,2791,wedding,,1.5531163933401049,1.5868763773612353,2.5177591554056713,True,True,True
Fixed 2 m target,Identity baseline,2792,wedding,,1.0128417374841836,1.3194915209716913,2.297878975266976,True,True,True
Fixed 2 m target,Identity baseline,2793,wedding,,0.9373698001607427,1.2169046021937586,1.4474797837428761,True,True,True
Fixed 2 m target,Identity baseline,2794,wedding,,0.5458695444346763,0.6349865086227878,0.33543785190551423,True,True,True
Fixed 2 m target,Identity baseline,2795,wedding,,0.609224690598729,0.9145353190039028,3.354146726591551,True,True,True
Fixed 2 m target,Identity baseline,2796,wedding,,0.5988423114671081,0.8479983150617275,5.767718622159411,True,True,True
Fixed 2 m target,Identity baseline,2797,wedding,,1.4386990685833663,1.1318409774580056,1.2625941288496891,True,True,True
Fixed 2 m target,Identity baseline,2798,wedding,,0.41929917688377766,0.6072046113081113,1.6835215344408416,True,True,True
Fixed 2 m target,Identity baseline,2799,wedding,,1.2293086752257198,1.3668066908646905,2.98418293084397,True,True,True
Fixed 2 m target,Identity baseline,2800,wedding,,2.6041009112599767,1.6893116122562206,6.129814727542875,True,True,True
Fixed 2 m target,Identity baseline,2801,wedding,,0.9331932237774786,0.744550244938265,2.4482356822599827,True,True,True
Fixed 2 m target,Identity baseline,2802,wedding,,0.9222391115114432,1.4199481733937083,0.017337387014183317,True,True,True
Fixed 2 m target,Identity baseline,2803,wedding,,0.22703339606016198,0.2960852496530437,0.8954027890864094,True,True,True
Fixed 2 m target,Identity baseline,2804,wedding,,0.5582248584044546,1.6726133209997833,4.923903040800922,True,True,True
Fixed 2 m target,Identity baseline,2805,wedding,,1.577786624566039,1.667653016899826,4.008943034565949,True,True,True
Fixed 2 m target,Identity baseline,2806,wedding,,0.39567055863944117,0.6043688031108437,1.309002752168142,True,True,True
Fixed 2 m target,Identity baseline,2807,wedding,,0.2135257950407884,0.5038911862314265,0.15158249812112626,True,True,True
Fixed 2 m target,Identity baseline,2808,wedding,,0.3810145980730305,0.589623652614924,0.7612806147299453,True,True,True
Fixed 2 m target,Identity baseline,2809,wedding,,0.8292113631721665,1.4790443109923628,2.6173526831139786,True,True,True
Fixed 2 m target,Identity baseline,2810,wedding,,0.21972436713058424,0.5238450641392107,1.0780220966774885,True,True,True
Fixed 2 m target,Identity baseline,2811,wedding,,0.005524290517117896,0.02209716202731255,0.01849888288648151,True,True,True
Fixed 2 m target,Identity baseline,2812,wedding,,0.3256041145883029,0.5339998481638376,1.1235171541139257,True,True,True
Fixed 2 m target,Identity baseline,2813,wedding,,0.36368007038187355,0.5238454966829108,1.1472743840855009,True,True,True
Fixed 2 m target,Identity baseline,2814,wedding,,0.47257557688677004,1.5507958876675458,3.351066482101931,True,True,True
Fixed 2 m target,Identity baseline,2815,wedding,,1.0325512675409472,1.7968131136885515,3.6631035592049823,True,True,True
Fixed 2 m target,Identity baseline,2816,wedding,,0.01562496830975244,0.04776797799770607,0.12344548480521242,True,True,True
Fixed 2 m target,Identity baseline,2817,wedding,,0.9202348804188774,1.1375323556308685,2.495824039533877,True,True,True
Fixed 2 m target,Identity baseline,2818,wedding,,0.5661771965859905,1.4249996978324158,4.726079114003029,True,True,True
Fixed 2 m target,Identity baseline,2819,wedding,,0.9190569283179109,1.6770510254256579,2.6027268320513013,True,True,True
Fixed 2 m target,Identity baseline,2820,wedding,,0.24612476982415346,0.5000001462176442,0.5866970659820838,True,True,True
Fixed 2 m target,Identity baseline,2821,wedding,,0.9856452662871988,0.8523343143170559,2.261179060461798,True,True,True
Fixed 2 m target,Identity baseline,2822,wedding,,0.641172525487001,1.1509581005781357,1.4904042355718141,True,True,True
Fixed 2 m target,Identity baseline,2823,wedding,,1.3030257478423246,1.4990448712380033,0.9191578661247077,True,True,True
Fixed 2 m target,Identity baseline,2824,wedding,,0.6090744462835482,1.0238680586404663,1.2959801265611584,True,True,True
Fixed 2 m target,Identity baseline,2825,wedding,,1.3467332564942416,1.3922705260987125,2.193035613990718,True,True,True
Fixed 2 m target,Identity baseline,2826,wedding,,0.4382666160968247,0.923285287911634,5.911897373684393,True,True,True
Fixed 2 m target,Identity baseline,2827,wedding,,0.9469736307221783,1.1022516026022524,0.03886283779226965,True,True,True
Fixed 2 m target,Identity baseline,2828,wedding,,0.8842631693458723,0.8552238440300582,3.2048678545538065,True,True,True
Fixed 2 m target,Identity baseline,2829,wedding,,1.0608040776471739,1.192343515518829,4.747192077169733,True,True,True
Fixed 2 m target,Identity baseline,2830,wedding,,0.32965598840869187,0.3875277931612309,0.12433176179001983,True,True,True
Fixed 2 m target,Identity baseline,2831,wedding,,0.5585528266447769,1.1258830392844,0.776466221012386,True,True,True
Fixed 2 m target,Identity baseline,2832,wedding,,1.9003093223734926,1.5937978066085274,2.243395375588162,True,True,True
Fixed 2 m target,Identity baseline,2833,wedding,,1.675403269269282,1.0292415976453249,1.0984920099197115,True,True,True
Fixed 2 m target,Identity baseline,2834,wedding,,2.0414407739359692,1.5967845812867119,4.665276174567851,True,True,True
Fixed 2 m target,Identity baseline,2835,wedding,,0.09127593098494073,0.3675896161364962,0.38128197072421366,True,True,True
Fixed 2 m target,Identity baseline,2836,wedding,,0.345830044533527,0.6800734501516014,0.6780048800877216,True,True,True
Fixed 2 m target,Identity baseline,2837,wedding,,0.6020696147737835,0.6860324263211928,0.7174031287136546,True,True,True
Fixed 2 m target,Identity baseline,2838,wedding,,1.1277364444002627,1.8774687365542255,3.8904585777249867,True,True,True
Fixed 2 m target,Identity baseline,2839,wedding,,1.2213263777667267,1.7461345910761819,3.294026487972248,True,True,True
Fixed 2 m target,Identity baseline,2840,wedding,,1.0297841528009064,1.6063236056463468,4.62341494884894,True,True,True
Fixed 2 m target,Identity baseline,2841,wedding,,0.9454416560541336,1.3312446834466116,2.5980839264015336,True,True,True
Fixed 2 m target,Identity baseline,2842,wedding,,0.6366828171888597,0.9521574838694975,0.9317586352742926,True,True,True
Fixed 2 m target,Identity baseline,2843,wedding,,0.9501747550776053,1.078038557555128,2.4458670466027668,True,True,True
Fixed 2 m target,Identity baseline,2844,wedding,,0.4501179744354537,1.0031134048114414,2.799899659812634,True,True,True
Fixed 2 m target,Identity baseline,2845,wedding,,0.28534348522675074,0.7339012496530236,0.7550832846681329,True,True,True
Fixed 2 m target,Identity baseline,2846,wedding,,1.2056714817404937,1.5617377478622076,0.6455525632594293,True,True,True
Fixed 2 m target,Identity baseline,2847,wedding,,0.7479831604390643,1.1321755327575809,0.11724555081079227,True,True,True
Fixed 2 m target,Identity baseline,2848,wedding,,0.6639016279749761,0.7177591686312952,1.9058682700581302,True,True,True
Fixed 2 m target,Identity baseline,2849,wedding,,1.247923142148454,1.9509060917771226,5.167519621872517,True,True,True
Fixed 2 m target,Identity baseline,2850,wedding,,0.7127595353115376,0.6325962344696928,0.997072729142493,True,True,True
Fixed 2 m target,Identity baseline,2851,wedding,,0.8482230982941027,1.7360590635023103,1.8239038792467428,True,True,True
Fixed 2 m target,Identity baseline,2852,wedding,,0.31284147620961406,0.5511915544658487,3.768806782714536,True,True,True
Fixed 2 m target,Identity baseline,2853,wedding,,0.46584379917690993,1.3268194267061537,2.069180772353901,True,True,True
Fixed 2 m target,Identity baseline,2854,wedding,,4.102797452122147,1.8194778257568722,3.1708387185936515,True,True,True
Fixed 2 m target,Identity baseline,2855,wedding,,0.8594638460451279,0.8981957713885663,2.63272222025548,True,True,True
Fixed 2 m target,Identity baseline,2856,wedding,,1.0418928588152478,1.4139407971942695,2.56365876630736,True,True,True
Fixed 2 m target,Identity baseline,2857,wedding,,1.6686774502310695,1.102130207371441,3.6039280856052396,True,True,True
Fixed 2 m target,Identity baseline,2858,wedding,,0.613989885283266,0.8867364642881496,0.8695123623528969,True,True,True
Fixed 2 m target,Identity baseline,2859,wedding,,0.4049332692266905,0.988284660721751,1.7582351279641366,True,True,True
Fixed 2 m target,Identity baseline,2860,wedding,,1.2229994152361983,1.667217976817709,1.094667435340026,True,True,True
Fixed 2 m target,Identity baseline,2861,wedding,,0.935773105333935,1.2713565491319283,0.09023586666034517,True,True,True
Fixed 2 m target,Identity baseline,2862,wedding,,0.7503864754431604,0.9000000335741822,1.8081394138328382,True,True,True
Fixed 2 m target,Identity baseline,2863,wedding,,0.36913543056804365,0.4681645878034948,3.180511142064451,True,True,True
Fixed 2 m target,Identity baseline,2864,wedding,,0.8367038591953467,1.2281395351456033,2.1251419945376395,True,True,True
Fixed 2 m target,Identity baseline,2865,wedding,,0.9532210153589393,1.3933927184312433,0.26868084070288123,True,True,True
Fixed 2 m target,Identity baseline,2866,wedding,,1.1287913617135195,1.3821642997880093,6.53628788807092,True,True,True
Fixed 2 m target,Identity baseline,2867,wedding,,1.0062973449836479,1.3785274729154529,3.547172210723705,True,True,True
Fixed 2 m target,Identity baseline,2868,wedding,,0.6994913086126683,1.1779708899376566,4.154045151056378,True,True,True
Fixed 2 m target,Identity baseline,2869,wedding,,1.3072580650000742,1.3756291017455364,3.1594975847865676,True,True,True
Fixed 2 m target,Identity baseline,2870,wedding,,0.9702767185371195,1.347767516392985,1.4954404915536048,True,True,True
Fixed 2 m target,Identity baseline,2871,wedding,,3.182819677897796,1.632486821462942,7.955822757408093,True,True,True
Fixed 2 m target,Identity baseline,2872,wedding,,0.48235471627677245,0.7015860034799839,3.035478358135787,True,True,True
Fixed 2 m target,Identity baseline,2873,wedding,,0.4300424528524008,0.5000005466863513,1.6032219126819556,True,True,True
Fixed 2 m target,Identity baseline,2874,wedding,,0.22385228868261223,0.38653668553667186,0.7278472951121295,True,True,True
Fixed 2 m target,Identity baseline,2875,wedding,,0.015624976873736882,0.023276376973970503,0.16247556339823907,True,True,True
Fixed 2 m target,Identity baseline,2876,wedding,,0.9711727448856035,1.9653654506039413,3.2721293402689646,True,True,True
Fixed 2 m target,Identity baseline,2877,wedding,,0.24463232484949834,0.47036035612998967,1.2240775325935114,True,True,True
Fixed 2 m target,Identity baseline,2878,wedding,,0.7639291613937342,1.3173100563664366,1.671563576272957,True,True,True
Fixed 2 m target,Identity baseline,2879,wedding,,0.833396452944358,1.2835188954317547,2.017741057301528,True,True,True
Fixed 2 m target,Identity baseline,2880,wedding,,0.5643956793455693,0.698039110354048,1.3941532740218006,True,True,True
Fixed 2 m target,Identity baseline,2881,wedding,,0.0,0.0,0.0,True,True,True
Fixed 2 m target,Identity baseline,2882,wedding,,0.8469809144384353,1.5158477069610206,0.9311866957580527,True,True,True
Fixed 2 m target,Identity baseline,2883,wedding,,0.5062174946733928,0.6860326577204603,1.423777588484969,True,True,True
Fixed 2 m target,Identity baseline,2884,wedding,,0.29037920704309167,1.0616325186875344,1.7410262149888958,True,True,True
Fixed 2 m target,Identity baseline,2885,wedding,,0.3105407117538244,0.9160167214343702,1.2005744689682696,True,True,True
Fixed 2 m target,Identity baseline,2886,wedding,,0.28281898191326243,0.5038908492846779,1.0204084052606366,True,True,True
Fixed 2 m target,Identity baseline,2887,wedding,,1.036489385547354,1.1538462931433555,1.422610673425089,True,True,True
Fixed 2 m target,Identity baseline,2888,wedding,,1.057836728510411,1.3462911897641388,0.18221938671559246,True,True,True
Fixed 2 m target,Identity baseline,2889,wedding,,2.3156255821468092,3.0203340619644767,1.7694734627487205,True,True,True
Fixed 2 m target,Identity baseline,2890,wedding,,0.979682525727083,1.244776128000948,3.2757875948786594,True,True,True
Fixed 2 m target,Identity baseline,2891,wedding,,1.899771242738562,1.5862808133876882,4.206000193368563,True,True,True
Fixed 2 m target,Identity baseline,2892,wedding,,0.8159108758855341,1.5908634529055918,3.7597358837803068,True,True,True
Fixed 2 m target,Identity baseline,2893,wedding,,0.6855440779667075,1.2025828890138257,0.16478238356051597,True,True,True
Fixed 2 m target,Identity baseline,2894,wedding,,0.8278486635045582,1.1489401144197715,2.8999747732792245,True,True,True
Fixed 2 m target,Identity baseline,2895,wedding,,0.8330301012330649,1.4768438913349244,0.45958680277300645,True,True,True
Fixed 2 m target,Identity baseline,2896,wedding,,0.5680605810211593,1.1792474239775725,2.89722048174442,True,True,True
Fixed 2 m target,Identity baseline,2897,wedding,,0.8400163066702925,0.9827555654104897,2.4592268440720697,True,True,True
Fixed 2 m target,Identity baseline,2898,wedding,,1.3063471443078494,1.1520442381222895,0.2505682490872826,True,True,True
Fixed 2 m target,Identity baseline,2899,wedding,,1.0165560837831702,1.6492422401728655,5.642807447335354,True,True,True
Fixed 2 m target,Identity baseline,2900,wedding,,0.5364235766924995,0.7292037087308579,3.5474654638533263,True,True,True
Fixed 2 m target,Identity baseline,2901,wedding,,0.6498008723383695,1.2503930627577309,4.661210282074133,True,True,True
Fixed 2 m target,Identity baseline,2902,wedding,,0.6767177069294548,1.5000000363215804,0.6454603988514572,True,True,True
Fixed 2 m target,Identity baseline,2903,wedding,,1.1010913789770083,1.6369862883951363,3.3583117587022553,True,True,True
Fixed 2 m target,Identity baseline,2904,wedding,,0.39744055194306627,1.1094004328424973,3.3300052305909746,True,True,True
Fixed 2 m target,Identity baseline,2905,wedding,,0.5194578400978008,0.7833805581008855,1.4380687425030845,True,True,True
Fixed 2 m target,Identity baseline,2906,wedding,,0.7451420852222331,0.9999999096617103,0.8344958135450158,True,True,True
Fixed 2 m target,Identity baseline,2907,wedding,,1.3381856726410009,1.4885635346891763,4.730932885227558,True,True,True
Fixed 2 m target,Identity baseline,2908,wedding,,2.772799255522572,1.212261969849353,5.128693275112562,True,True,True
Fixed 2 m target,Identity baseline,2909,wedding,,1.1324217836642971,1.4999998528510332,2.62153087607744,True,True,True
Fixed 2 m target,Identity baseline,2910,wedding,,1.151224178965713,1.2905464396630075,0.44775841656724114,True,True,True
Fixed 2 m target,Identity baseline,2911,wedding,,1.013218346694667,1.6564770885956797,2.932333308960977,True,True,True
Fixed 2 m target,Identity baseline,2912,wedding,,0.7080124942661855,0.9530085462431566,1.6543694875406634,True,True,True
Fixed 2 m target,Identity baseline,2913,wedding,,0.6800466746650673,1.0000000093132257,2.630941004139498,True,True,True
Fixed 2 m target,Identity baseline,2914,wedding,,0.17634461625894116,0.48199665020060173,0.4627406572567489,True,True,True
Fixed 2 m target,Identity baseline,2915,wedding,,0.8992014567861842,1.4658895647131238,3.587298055605674,True,True,True
Fixed 2 m target,Identity baseline,2916,wedding,,0.689450346512544,0.6084882540697243,1.005592150246015,True,True,True
Fixed 2 m target,Identity baseline,2917,wedding,,0.592566719527259,1.5498606639613965,4.151197220520625,True,True,True
Fixed 2 m target,Identity baseline,2918,wedding,,0.8811170405844652,1.6658365472158736,9.282964071665418,True,True,True
Fixed 2 m target,Identity baseline,2919,wedding,,0.31049156349125767,0.6734392232847853,4.140429197544815,True,True,True
Fixed 2 m target,Identity baseline,2920,wedding,,0.6145115610031966,1.2869681176842254,1.9246069013301441,True,True,True
Fixed 2 m target,Identity baseline,2921,wedding,,0.4146148551684406,0.881378938800078,0.8409432002005794,True,True,True
Fixed 2 m target,Identity baseline,2922,wedding,,1.3269181407761235,2.0139963307111968,7.268198900457125,True,True,True
Fixed 2 m target,Identity baseline,2923,wedding,,0.7086802725025729,1.2189205623974808,4.578839346581946,True,True,True
Fixed 2 m target,Identity baseline,2924,wedding,,0.6498479059293031,0.4999999525025487,0.9458974022414453,True,True,True
Fixed 2 m target,Identity baseline,2925,wedding,,0.49770587206337347,0.7826237970708743,2.8784806817424013,True,True,True
Fixed 2 m target,Identity baseline,2926,wedding,,0.4269086118393674,0.5813183795105153,0.9686298504073746,True,True,True
Fixed 2 m target,Identity baseline,2927,wedding,,0.9418356524912691,1.5840609459481128,3.7873245556617383,True,True,True
Fixed 2 m target,Identity baseline,2928,wedding,,0.4829869236321766,0.7058867794982959,0.12538473503864073,True,True,True
Fixed 2 m target,Identity baseline,2929,wedding,,1.2591098710059665,0.9999999478459358,2.6670223657838434,True,True,True
Fixed 2 m target,Identity baseline,2930,wedding,,9.887468146071924,1.850095224057606,12.700292862853674,True,True,True
Fixed 2 m target,Identity baseline,2931,wedding,,0.7773928132942287,0.7532510165573431,0.15774011670769233,True,True,True
Fixed 2 m target,Identity baseline,2932,wedding,,1.0701841653320128,1.4999999543651938,2.071071290242382,True,True,True
Fixed 2 m target,Identity baseline,2933,wedding,,0.4422178861102043,0.4967525387859337,0.2698006980534235,True,True,True
Fixed 2 m target,Identity baseline,2934,wedding,,0.6099756579456507,0.5250930563940438,1.0595579035349931,True,True,True
Fixed 2 m target,Identity baseline,2935,wedding,,0.7924587027233957,1.4623248353695426,4.777682791847905,True,True,True
Fixed 2 m target,Identity baseline,2936,wedding,,1.1831488936260235,1.3875632682497636,2.961134780543707,True,True,True
Fixed 2 m target,Identity baseline,2937,wedding,,0.2908517418251847,0.4999997578561306,1.170595987669704,True,True,True
Fixed 2 m target,Identity baseline,2938,wedding,,1.2321973581212278,1.8542593341780809,2.52773845033183,True,True,True
Fixed 2 m target,Identity baseline,2939,wedding,,0.3628819642196246,0.499999875202775,0.29674572912196684,True,True,True
Fixed 2 m target,Identity baseline,2940,wedding,,7.783232533212277,1.4999999171122909,0.7721661468590372,True,True,True
Fixed 2 m target,Identity baseline,2941,wedding,,3.767294241439972,1.1407664012838215,1.5184046841936498,True,True,True
Fixed 2 m target,Identity baseline,2942,wedding,,0.22289602021718752,0.3977157085042967,0.2702158836825209,True,True,True
Fixed 2 m target,Identity baseline,2943,wedding,,7.6594343930841795,1.000000111758709,2.0962498039982758,True,True,True
Fixed 2 m target,Identity baseline,2944,wedding,,0.29825950410336133,0.5000001834705472,0.09400415376237974,True,True,True
Fixed 2 m target,Identity baseline,2945,wedding,,0.3386968641036272,0.4999999552965164,2.075218743153507,True,True,True
Fixed 2 m target,Identity baseline,2946,wedding,,0.45648010949190304,0.7797286228923528,4.094818635388658,True,True,True
Fixed 2 m target,Identity baseline,2947,wedding,,1.0735580826865243,1.8885438113761808,3.901798805740395,True,True,True
Fixed 2 m target,Identity baseline,2948,wedding,,0.6612301671378841,2.0526678989274516,3.1721596910863257,True,True,True
Fixed 2 m target,Identity baseline,2949,wedding,,0.7926512292224397,0.9999999357387424,0.4729791586190703,True,True,True
Fixed 2 m target,Identity baseline,2950,wedding,,0.6829350261697342,0.9098715349749562,1.7803468919559189,True,True,True
Fixed 2 m target,Identity baseline,2951,wedding,,1.0546440429992554,1.323273898612348,2.5145637333336897,True,True,True
Fixed 2 m target,Identity baseline,2952,wedding,,0.9607786844254701,0.9999997615814209,2.7535669890213104,True,True,True
Fixed 2 m target,Identity baseline,2953,wedding,,0.9847004540270072,1.5769231186176724,2.1763415417888923,True,True,True
Fixed 2 m target,Identity baseline,2954,wedding,,0.16443410796166935,0.5000000735744834,0.8801267194553266,True,True,True
Fixed 2 m target,Identity baseline,2955,wedding,,0.0,0.0,0.0,True,True,True
Fixed 2 m target,Identity baseline,2956,wedding,,1.0647952635406939,1.499999687075615,2.6279380829360535,True,True,True
Fixed 2 m target,Identity baseline,2957,wedding,,0.38543424012795346,0.4999996218830347,0.7430485614053015,True,True,True
Fixed 2 m target,Identity baseline,2958,wedding,,0.26098899188876107,0.5000001937150955,0.7726910525146069,True,True,True
Fixed 2 m target,Identity baseline,2959,wedding,,0.3686804125959374,0.5340000136919106,0.2665616638966464,True,True,True
Fixed 2 m target,Identity baseline,2960,wedding,,0.4569477528208199,0.49999948870390654,0.629044254429052,True,True,True
Fixed 2 m target,Identity baseline,2961,wedding,,0.3709497507012925,0.376712163846483,0.22895885375595246,True,True,True
Fixed 2 m target,Identity baseline,2962,wedding,,0.4694330755965172,0.4999999301508069,0.11269499199404735,True,True,True
Fixed 2 m target,Identity baseline,2963,wedding,,0.43124711650727504,0.7256997880116423,2.2263759058985664,True,True,True
Fixed 2 m target,Identity baseline,2964,wedding,,1.4015111364654869,1.7434400161844095,10.088045403147575,True,True,True
Fixed 2 m target,Identity baseline,2965,wedding,,0.08941814505135548,0.38245559992088163,0.276855151882954,True,True,True
Fixed 2 m target,Identity baseline,2966,wedding,,0.9267449400719397,1.4769232497192408,2.2436115987458587,True,True,True
Fixed 2 m target,Identity baseline,2967,wedding,,0.5812573791907388,0.6091276581680517,3.7816746452746743,True,True,True
Fixed 2 m target,Identity baseline,2968,wedding,,6.605421193027481,1.4743081382329166,13.868983502956914,True,True,True
Fixed 2 m target,Identity baseline,2969,wedding,,0.7194078225049664,0.7295388040590232,3.167420876762308,True,True,True
Fixed 2 m target,Identity baseline,2970,wedding,,0.3736549028570291,0.592749202492264,1.362447504419507,True,True,True
Fixed 2 m target,Identity baseline,2971,wedding,,0.5141135467949823,0.8320858471439556,1.4542412096397628,True,True,True
Fixed 2 m target,Identity baseline,2972,wedding,,0.4072254072573637,0.5922800771384304,0.4766156933157403,True,True,True
Fixed 2 m target,Identity baseline,2973,wedding,,1.1008698047361447,1.2313574228077948,0.24263727056910572,True,True,True
Fixed 2 m target,Identity baseline,2974,wedding,,1.002133868653735,1.0994177729297845,1.0975724032355476,True,True,True
Fixed 2 m target,Identity baseline,2975,wedding,,1.936925015601329,2.500000150874257,6.956909812962783,True,True,True
Fixed 2 m target,Identity baseline,2976,wedding,,2.35120566058724,1.6152901669901691,0.279591797929563,True,True,True
Fixed 2 m target,Identity baseline,2977,wedding,,6.9348138430496356,0.9999999962747097,0.05177689145092082,True,True,True
Fixed 2 m target,Identity baseline,2978,wedding,,0.2682544270430245,0.5000000139698386,1.0492638618070946,True,True,True
Fixed 2 m target,Identity baseline,2979,wedding,,0.6260732689971792,1.1550146727544708,0.30452644975040866,True,True,True
Fixed 2 m target,Identity baseline,2980,wedding,,0.007812469899419007,0.02044224548624452,0.045542350241276994,True,True,True
Fixed 2 m target,Identity baseline,2981,wedding,,0.7216103348414925,1.025305863885861,0.2333613721576375,True,True,True
Fixed 2 m target,Identity baseline,2982,wedding,,1.068471861637903,1.3493117751021615,8.531557283544693,True,True,True
Fixed 2 m target,Identity baseline,2983,wedding,,1.1828393080951578,1.4811337921142051,6.9016138396321285,True,True,True
Fixed 2 m target,Identity baseline,2984,wedding,,3.4638020781031726,1.6753466482369956,0.5719997689047889,True,True,True
Fixed 2 m target,Identity baseline,2985,wedding,,2.3567092316186744,3.603241418564775,2.719586360126811,True,True,True
Fixed 2 m target,Identity baseline,2986,wedding,,1.0880571565106922,1.5000005261972547,2.4046790177014756,True,True,True
Fixed 2 m target,Identity baseline,2987,wedding,,0.6854104924272327,1.4999998919665813,3.3246362340156135,True,True,True
Fixed 2 m target,Identity baseline,2988,wedding,,0.518487514100472,0.5308640843676049,1.28659455257764,True,True,True
Fixed 2 m target,Identity baseline,2989,wedding,,0.5195458755390446,0.6837020222266584,2.114407798799048,True,True,True
Fixed 2 m target,Identity baseline,2990,wedding,,0.013531601196116405,0.030425357909484457,0.08270042096890173,True,True,True
Fixed 2 m target,Identity baseline,2991,wedding,,0.08873300280807198,0.4547375282461412,0.652798692443889,True,True,True
Fixed 2 m target,Identity baseline,2992,wedding,,0.535341567548478,0.7898646709117442,4.063049190901733,True,True,True
Fixed 2 m target,Identity baseline,2993,wedding,,0.005524320470603251,0.022798238529656695,0.01708307081934483,True,True,True
Fixed 2 m target,Identity baseline,2994,wedding,,1.8226999873027037,1.3773206994389293,0.15872264775070863,True,True,True
Fixed 2 m target,Identity baseline,2995,wedding,,0.5433760597169205,0.5896238162679479,0.8859792173772998,True,True,True
Fixed 2 m target,Identity baseline,2996,wedding,,0.8801120276796139,1.3932921009585486,2.2064306782705216,True,True,True
Fixed 2 m target,Identity baseline,2997,wedding,,0.775191379917238,1.1704699760972168,2.615873761345045,True,True,True
Fixed 2 m target,Identity baseline,2998,wedding,,0.5402500726085933,1.0010308407383564,4.174392508488447,True,True,True
Fixed 2 m target,Identity baseline,2999,wedding,,0.4005001717799207,0.9175207564088399,2.6529956118072135,True,True,True
Fixed 2 m target,Identity baseline,3000,wedding,,0.4405585001371587,0.9175208440776937,2.78341573966365,True,True,True
Fixed 2 m target,Identity baseline,3001,wedding,,0.7451011617839413,1.103527917160823,1.5401772652438372,True,True,True
Fixed 2 m target,Identity baseline,3002,wedding,,0.8885152061203871,2.0000000996515155,5.795795988502512,True,True,True
Fixed 2 m target,Identity baseline,3003,wedding,,0.34578587173702036,0.9776923441436219,0.8271003103855395,True,True,True
Fixed 2 m target,Identity baseline,3004,wedding,,1.99948885275845,1.4999992763623595,0.8895833469990769,True,True,True
Fixed 2 m target,Identity baseline,3005,wedding,,1.142429528805278,1.8061559604599247,8.382241599237112,True,True,True
Fixed 2 m target,Identity baseline,3006,wedding,,0.3337958885896321,0.5243548969844598,1.1159808792019044,True,True,True
Fixed 2 m target,Identity baseline,3007,wedding,,1.757039706929403,2.0793319043082774,7.233915763058399,True,True,True
Fixed 2 m target,Identity baseline,3008,wedding,,0.9291457264204958,1.6909934640859574,4.171327276193977,True,True,True
Fixed 2 m target,Identity baseline,3009,wedding,,0.28421828944619404,0.6643841283705622,1.3859661543878319,True,True,True
Fixed 2 m target,Identity baseline,3010,wedding,,1.394668041960818,1.5819982451339616,1.0258032310800342,True,True,True
Fixed 2 m target,Identity baseline,3011,wedding,,0.900049468443973,1.4117729584813548,2.2651948337327603,True,True,True
Fixed 2 m target,Identity baseline,3012,wedding,,1.556080538632473,1.7044968754417547,6.479821353216137,True,True,True
Fixed 2 m target,Identity baseline,3013,wedding,,1.1233304472577947,1.4575238072122725,5.240322427028381,True,True,True
Fixed 2 m target,Identity baseline,3014,wedding,,0.8453399751506935,1.2776729386741983,5.133504591422471,True,True,True
Fixed 2 m target,Identity baseline,3015,wedding,,0.9023860053877197,1.3136635810742212,4.581521309880941,True,True,True
Fixed 2 m target,Identity baseline,3016,wedding,,0.8828989848679164,1.257788542794411,7.120335414354853,True,True,True
Fixed 2 m target,Identity baseline,3017,wedding,,1.8341080646643533,1.7456700422561044,5.529027003577463,True,True,True
Fixed 2 m target,Identity baseline,3018,wedding,,2.5703896529638945,1.7050015956988478,4.123851989710798,True,True,True
Fixed 2 m target,Identity baseline,3019,wedding,,0.5380993147624582,1.7447670472690795,2.231152016788344,True,True,True
Fixed 2 m target,Identity baseline,3020,wedding,,0.7597229700669464,1.6015533199792542,5.680683556890016,True,True,True
Fixed 2 m target,Identity baseline,3021,wedding,,0.005524261088410196,0.03111350975630008,0.052850031724262496,True,True,True
Fixed 2 m target,Identity baseline,3022,wedding,,0.6064885732958775,1.1901967600172916,1.9647377938389947,True,True,True
Fixed 2 m target,Identity baseline,3023,wedding,,0.44790912702798685,0.9303521230426846,1.6264941727767892,True,True,True
Fixed 2 m target,Identity baseline,3024,wedding,,0.30950711432813444,0.48461498940507597,0.2861692347195967,True,True,True
Fixed 2 m target,Identity baseline,3025,wedding,,0.25686381124619595,0.5087131501143779,0.6325551376929589,True,True,True
Fixed 2 m target,Identity baseline,3026,wedding,,3.4381792945669707,1.5599996760115293,4.305835223573496,True,True,True
Fixed 2 m target,Identity baseline,3027,wedding,,0.7150039097447055,1.0000000409781933,1.7132253258917727,True,True,True
Fixed 2 m target,Identity baseline,3028,wedding,,0.8450330362530081,1.5000000707805157,4.74328422894779,True,True,True
Fixed 2 m target,Identity baseline,3029,wedding,,0.37336887516244455,1.173820946775118,0.22265626662079838,True,True,True
Fixed 2 m target,Identity baseline,3030,wedding,,1.1082053137459071,1.0435335250021553,1.4231781187064418,True,True,True
Fixed 2 m target,Identity baseline,3031,wedding,,0.8538707806884888,0.9446866786673218,1.5244376993562085,True,True,True
Fixed 2 m target,Identity baseline,3032,wedding,,0.27471803291655816,0.5590170465155558,0.5091594006629754,True,True,True
Fixed 2 m target,Identity baseline,3033,wedding,,0.9949825422178392,2.181367466672828,11.256189777786831,True,True,True
Fixed 2 m target,Identity baseline,3034,wedding,,1.1254203320985126,1.6748554661606572,1.863448562077719,True,True,True
Fixed 2 m target,Identity baseline,3035,wedding,,0.7833954469012083,1.3213396587678603,5.595554787059605,True,True,True
Fixed 2 m target,Identity baseline,3036,wedding,,0.7958212374830388,1.0439623941388108,0.0899558353442938,True,True,True
Fixed 2 m target,Identity baseline,3037,wedding,,0.31744138314268017,0.4999997355043888,0.7848990719234206,True,True,True
Fixed 2 m target,Identity baseline,3038,wedding,,0.8620165289226752,1.1717092318978355,3.4916199083136155,True,True,True
Fixed 2 m target,Identity baseline,3039,wedding,,0.59968253630531,1.2785445633204655,2.512280478923574,True,True,True
Fixed 2 m target,Identity baseline,3040,wedding,,0.7152384525672569,1.0031134591661997,1.9084172074072876,True,True,True
Fixed 2 m target,Identity baseline,3041,wedding,,0.4596445654752706,0.5622650101217922,2.6821974937018616,True,True,True
Fixed 2 m target,Identity baseline,3042,wedding,,0.2151631352525508,0.49999996181577444,0.6298455351442548,True,True,True
Fixed 2 m target,Identity baseline,3043,wedding,,1.0983163401199831,1.4999996917322278,3.4080451508710445,True,True,True
Fixed 2 m target,Identity baseline,3044,wedding,,0.2982595251538057,0.4999999701976776,0.36600620010168,True,True,True
Fixed 2 m target,Identity baseline,3045,wedding,,0.29116630309135005,0.5174979590348066,0.46238558105220856,True,True,True
Fixed 2 m target,Identity baseline,3046,wedding,,0.639409085751758,1.0528994745205695,0.7468561555776165,True,True,True
Fixed 2 m target,Identity baseline,3047,wedding,,0.1620034512884167,0.48592508354938674,0.3597873044171112,True,True,True
Fixed 2 m target,Identity baseline,3048,wedding,,0.7449170159559771,1.5365884091930475,4.356086724222708,True,True,True
Fixed 2 m target,Identity baseline,3049,wedding,,2.070297725252477,1.9167218816222897,12.314417317132209,True,True,True
Fixed 2 m target,Identity baseline,3050,wedding,,0.005524287563957368,0.022328515777608103,0.020662639063143452,True,True,True
Fixed 2 m target,Identity baseline,3051,wedding,,0.9254267588141221,1.7194885645602749,5.320893033902982,True,True,True
Fixed 2 m target,Identity baseline,3052,wedding,,6.7785108436704835,1.446781220468441,1.3674891951735355,True,True,True
Fixed 2 m target,Identity baseline,3053,wedding,,0.34503491050665613,0.39922230171571027,1.0586354091877677,True,True,True
Fixed 2 m target,Identity baseline,3054,wedding,,0.38515706602814404,0.8642089878156746,1.62432036664381,True,True,True
Fixed 2 m target,Identity baseline,3055,wedding,,0.45808169282962574,0.7295387461959941,0.3324762470559631,True,True,True
Fixed 2 m target,Identity baseline,3056,wedding,,0.2937749462256517,0.45280979862360615,0.7003206737053803,True,True,True
Fixed 2 m target,Identity baseline,3057,wedding,,0.349341880540864,0.5238452938023298,1.278239140253267,True,True,True
Fixed 2 m target,Identity baseline,3058,wedding,,0.4299360655463314,0.6573840986134539,0.6552446734413743,True,True,True
Fixed 2 m target,Identity baseline,3059,wedding,,0.26688578796499035,0.5394810695201294,1.416608522882985,True,True,True
Fixed 2 m target,Identity baseline,3060,wedding,,0.22207298966139932,0.4428580643728772,0.633012464034877,True,True,True
Fixed 2 m target,Identity baseline,3061,wedding,,7.131567298173496,1.617905335228514,2.476135052554359,True,True,True
Fixed 2 m target,Identity baseline,3062,wedding,,0.6643611358375074,0.7806348243904996,8.749685835244513,True,True,True
Fixed 2 m target,Identity baseline,3063,wedding,,0.3578431941360413,1.168206614724263,2.480425060387659,True,True,True
Fixed 2 m target,Identity baseline,3064,wedding,,0.2758818959412184,0.5340001644362014,0.0667971122095075,True,True,True
Fixed 2 m target,Identity baseline,3065,wedding,,1.0849956413713011,1.9331221144403712,6.595787035030315,True,True,True
Fixed 2 m target,Identity baseline,3066,wedding,,0.4878278998524149,0.8692325478364,1.1691327416766826,True,True,True
Fixed 2 m target,Identity baseline,3067,wedding,,1.7140827066697701,1.515846972515784,0.6015155288947941,True,True,True
Fixed 2 m target,Identity baseline,3068,wedding,,0.7263526981478896,1.3302834773610104,1.562103789161906,True,True,True
Fixed 2 m target,Identity baseline,3069,wedding,,1.1575953217055104,1.1351355657712285,4.665228745557586,True,True,True
Fixed 2 m target,Identity baseline,3070,wedding,,1.214485745321622,1.8397225463101352,3.064788239557331,True,True,True
Fixed 2 m target,Identity baseline,3071,wedding,,0.0,0.0,0.0,True,True,True
Fixed 2 m target,Identity baseline,3072,wedding,,0.0,0.0,0.0,True,True,True
Fixed 2 m target,Identity baseline,3073,wedding,,0.0,0.0,0.0,True,True,True
Fixed 2 m target,Identity baseline,3074,wedding,,0.0,0.0,0.0,True,True,True
Fixed 2 m target,Identity baseline,3075,wedding,,0.15037796676433937,0.4917877229119559,1.4927520225617803,True,True,True
Fixed 2 m target,Identity baseline,3076,wedding,,0.1861934781019124,0.4728431747958909,1.300110942967742,True,True,True
Fixed 2 m target,Identity baseline,3077,wedding,,0.0,0.0,0.0,True,True,True
Fixed 2 m target,Identity baseline,3078,wedding,,1.5606238945088433,1.6253005634643836,0.8595191428888008,True,True,True
Fixed 2 m target,Identity baseline,3079,wedding,,0.6115995069871558,1.178362854121058,4.599357093921293,True,True,True
Fixed 2 m target,Identity baseline,3080,wedding,,1.0296655428869896,1.4431185123304617,3.7903581344275494,True,True,True
Fixed 2 m target,Identity baseline,3081,wedding,,0.7281568800957818,1.0859568595017206,9.178708028422866,True,True,True
Fixed 2 m target,Identity baseline,3082,wedding,,0.6735307552741403,0.968278914151262,1.100116253988115,True,True,True
Fixed 2 m target,Identity baseline,3083,wedding,,0.6265362022292217,0.965135480460345,8.380858845277963,True,True,True
Fixed 2 m target,Identity baseline,3084,wedding,,1.1147400993901273,2.0974197427215096,3.6249279650495794,True,True,True
Fixed 2 m target,Identity baseline,3085,wedding,,0.9704339334902081,1.688421139391695,5.177674772312031,True,True,True
Fixed 2 m target,Identity baseline,3086,wedding,,0.579916993650308,0.6596037403528908,0.09627586678004194,True,True,True
Fixed 2 m target,Identity baseline,3087,wedding,,0.3449463974473299,0.5820033310967144,1.358249957633209,True,True,True
Fixed 2 m target,Identity baseline,3088,wedding,,0.4071504363979122,0.551410468161238,0.8626483623641004,True,True,True
Fixed 2 m target,Identity baseline,3089,wedding,,0.5512658932665387,1.2082961871890148,6.914468185601094,True,True,True
Fixed 2 m target,Identity baseline,3090,wedding,,0.8704191503341341,1.7768403746404198,3.72450581236268,True,True,True
Fixed 2 m target,Identity baseline,3091,wedding,,0.3808544331219013,0.7033534144767527,3.7030876246619604,True,True,True
Fixed 2 m target,Identity baseline,3092,wedding,,1.2608053753161697,1.7968130754575362,1.7084407127353127,True,True,True
Fixed 2 m target,Identity baseline,3093,wedding,,0.9110527142278189,1.6631539538689608,4.398256240639432,True,True,True
Fixed 2 m target,Identity baseline,3094,wedding,,0.6966498576000372,1.215339562721237,10.468533104782267,True,True,True
Fixed 2 m target,Identity baseline,3095,wedding,,0.3549318076132706,0.5358829584063463,2.1589000253546526,True,True,True
Fixed 2 m target,Identity baseline,3096,wedding,,0.3142528982091356,0.523845448295348,1.520798764791112,True,True,True
Fixed 2 m target,Identity baseline,3097,wedding,,0.5270108471720284,1.2955094363276707,2.1618302720495723,True,True,True
Fixed 2 m target,Identity baseline,3098,wedding,,0.4508631715526769,0.9397005351481884,1.8292894307614302,True,True,True
Fixed 2 m target,Identity baseline,3099,wedding,,0.9991450886698263,1.324997363878123,2.122016347054563,True,True,True
Fixed 2 m target,Identity baseline,3100,wedding,,0.09210801354167167,0.4069354255523514,0.35578140399399616,True,True,True
Fixed 2 m target,Identity baseline,3101,wedding,,1.220076373590725,1.3258250625598444,4.188646237997552,True,True,True
Fixed 2 m target,Identity baseline,3102,lichtenberg,,0.5731946380827022,0.9639727486678671,0.13931441693837796,True,True,True
Fixed 2 m target,Identity baseline,3103,lichtenberg,,0.0,0.0,0.0,True,True,True
Fixed 2 m target,Identity baseline,3104,lichtenberg,,1.0559165214797597,2.0497192979557917,2.586750692647851,True,True,True
Fixed 2 m target,Identity baseline,3105,lichtenberg,,1.2621720941920926,1.1929835866765226,0.01982787884604839,True,True,True
Fixed 2 m target,Identity baseline,3106,lichtenberg,,2.1687743244137536,1.447034945921834,0.707435025782874,True,True,True
Fixed 2 m target,Identity baseline,3107,lichtenberg,,0.0,0.0,0.0,True,True,True
Fixed 2 m target,Identity baseline,3108,lichtenberg,,1.5905103720027471,1.9061775034938158,1.3616632365033103,True,True,True
Fixed 2 m target,Identity baseline,3109,lichtenberg,,1.3790000197622247,1.9702059781104182,2.503260602615491,True,True,True
Fixed 2 m target,Identity baseline,3110,lichtenberg,,0.577411901213262,1.5029264374385576,4.450790366488308,True,True,True
Fixed 2 m target,Identity baseline,3111,lichtenberg,,0.6691669923193132,1.1790473783932696,3.4624544250189153,True,True,True
Fixed 2 m target,Identity baseline,3112,lichtenberg,,0.7187075651018382,1.705882402684766,5.4797191499763205,True,True,True
Fixed 2 m target,Identity baseline,3113,lichtenberg,,0.6179781005962192,1.2500004423899218,6.863790702007807,True,True,True
Fixed 2 m target,Identity baseline,3114,lichtenberg,,0.718388938043016,1.3800405812128278,1.5741153619934845,True,True,True
Fixed 2 m target,Identity baseline,3115,lichtenberg,,0.5282832914603545,1.69993456060372,2.3078910483537793,True,True,True
Fixed 2 m target,Identity baseline,3116,lichtenberg,,0.5157142289335956,1.7446744992822933,2.2072321465488445,True,True,True
Fixed 2 m target,Identity baseline,3117,lichtenberg,,1.504469292672185,1.8724675169367306,4.182244464060268,True,True,True
Fixed 2 m target,Identity baseline,3118,lichtenberg,,0.7252173197977698,0.9453446980908289,2.644576690329352,True,True,True
Fixed 2 m target,Identity baseline,3119,lichtenberg,,0.23933556561776412,0.5037706184348275,0.08638297459730891,True,True,True
Fixed 2 m target,Identity baseline,3120,lichtenberg,,0.657457939094967,1.5185582686346248,3.1626309828606156,True,True,True
Fixed 2 m target,Identity baseline,3121,lichtenberg,,1.7855962688516838,2.222268225942542,3.3580461209234675,True,True,True
Fixed 2 m target,Identity baseline,3122,lichtenberg,,3.8743817122802677,1.6991761645675172,2.2929757610326993,True,True,True
Fixed 2 m target,Identity baseline,3123,lichtenberg,,5.458307400394563,4.77583460634374,2.772239231965719,True,True,True
Fixed 2 m target,Identity baseline,3124,lichtenberg,,1.0852910542578185,1.394579871459671,2.0119101297521835,True,True,True
Fixed 2 m target,Identity baseline,3125,lichtenberg,,0.8651264176060564,1.163335074991256,0.8954388995477381,True,True,True
Fixed 2 m target,Identity baseline,3126,lichtenberg,,1.2727663431448923,1.9394533187613503,0.07356927016967628,True,True,True
Fixed 2 m target,Identity baseline,3127,lichtenberg,,0.8553706889245636,1.068304868338025,2.3116587264638504,True,True,True
Fixed 2 m target,Identity baseline,3128,lichtenberg,,0.7718780071336485,1.456123764056973,0.6749742341155336,True,True,True
Fixed 2 m target,Identity baseline,3129,lichtenberg,,1.6018480169428448,1.788375372720451,1.3892569630492424,True,True,True
Fixed 2 m target,Identity baseline,3130,lichtenberg,,2.3575443844811166,2.817350059781879,0.020480744477408056,True,True,True
Fixed 2 m target,Identity baseline,3131,lichtenberg,,0.9383133901550126,1.6534997202787876,0.6383629217861033,True,True,True
Fixed 2 m target,Identity baseline,3132,lichtenberg,,17.770475265278996,2.1370280935685915,0.3303584206800132,True,True,True
Fixed 2 m target,Identity baseline,3133,lichtenberg,,0.08992850061749587,0.08756753115185342,0.08726274229559654,True,True,True
Fixed 2 m target,Identity baseline,3134,lichtenberg,,1.484395431948962,1.5653605677013331,4.766974661226114,True,True,True
Fixed 2 m target,Identity baseline,3135,lichtenberg,,0.0,0.0,0.0,True,True,True
Fixed 2 m target,Identity baseline,3136,lichtenberg,,0.0890762122957398,0.494756725902004,0.5525065358397833,True,True,True
Fixed 2 m target,Identity baseline,3137,lichtenberg,,0.33048812364268165,0.7131998448913235,2.4685263716598578,True,True,True
Fixed 2 m target,Identity baseline,3138,lichtenberg,,0.19334945901876058,0.44875533477873364,0.5229383966270618,True,True,True
Fixed 2 m target,Identity baseline,3139,lichtenberg,,0.0,0.0,0.0,True,True,True
Fixed 2 m target,Identity baseline,3140,lichtenberg,,0.15179187738044406,0.45396607516408394,0.17291073850427635,True,True,True
Fixed 2 m target,Identity baseline,3141,lichtenberg,,0.0,0.0,0.0,True,True,True
Fixed 2 m target,Identity baseline,3142,lichtenberg,,0.9168460675226452,1.4567503492180987,1.2683573110030533,True,True,True
Fixed 2 m target,Identity baseline,3143,lichtenberg,,0.0,0.0,0.0,True,True,True
Fixed 2 m target,Identity baseline,3144,lichtenberg,,0.8453580950122268,1.666423505526867,1.2628118699250512,True,True,True
Fixed 2 m target,Identity baseline,3145,lichtenberg,,5.8507278858700476,1.1843654506095007,1.3512932301033356,True,True,True
Fixed 2 m target,Identity baseline,3146,lichtenberg,,0.0672057945801316,0.21518924206960283,0.20309599706808812,True,True,True
Fixed 2 m target,Identity baseline,3147,lichtenberg,,0.8437680524910617,0.7979311871288831,1.3637086480094651,True,True,True
Fixed 2 m target,Identity baseline,3148,lichtenberg,,1.0520221201752262,1.441192532694785,2.013020608936512,True,True,True
Fixed 2 m target,Identity baseline,3149,lichtenberg,,0.887226177781713,1.7984374286118439,7.148494531681197,True,True,True
Fixed 2 m target,Identity baseline,3150,lichtenberg,,2.304872778687799,2.6901696522927248,3.968265212396459,True,True,True
Fixed 2 m target,Identity baseline,3151,lichtenberg,,3.6548766965291515,1.361957369858997,4.796718621008552,True,True,True
Fixed 2 m target,Identity baseline,3152,lichtenberg,,74.46632145038404,1.7038642923261285,0.12462792866527496,True,True,True
Fixed 2 m target,Identity baseline,3153,lichtenberg,,10.736116407075029,2.0258880954995595,3.8857446669625206,True,True,True
Fixed 2 m target,Identity baseline,3154,lichtenberg,,6.364941706232489,2.4444885159729157,3.060875236729599,True,True,True
Fixed 2 m target,Identity baseline,3155,lichtenberg,,0.9451511417458459,1.1310236291667297,1.3016264134778708,True,True,True
Fixed 2 m target,Identity baseline,3156,lichtenberg,,1.3066509157957569,2.0874572293810716,0.7211496691715631,True,True,True
Fixed 2 m target,Identity baseline,3157,lichtenberg,,0.2243289665329809,0.7195116620232852,0.3880960524003214,True,True,True
Fixed 2 m target,Identity baseline,3158,lichtenberg,,0.9402791371942784,1.5017315418539414,5.627549064347909,True,True,True
Fixed 2 m target,Identity baseline,3159,lichtenberg,,0.9759373956046425,1.0255171792200544,0.4684075335554464,True,True,True
Fixed 2 m target,Identity baseline,3160,lichtenberg,,0.0,0.0,0.0,True,True,True
Fixed 2 m target,Identity baseline,3161,lichtenberg,,0.8804760516387021,1.656249902851414,0.16841851900305405,True,True,True
Fixed 2 m target,Identity baseline,3162,lichtenberg,,3.4417720867841215,1.2994535116868455,1.6865775207566023,True,True,True
Fixed 2 m target,Identity baseline,3163,lichtenberg,,10.282864591463834,2.0000000335276127,1.5036628835906982,True,True,True
Fixed 2 m target,Identity baseline,3164,lichtenberg,,2.726304956248559,1.3346640751399177,3.3878818469681944,True,True,True
Fixed 2 m target,Identity baseline,3165,lichtenberg,,1.4941903951931035,2.1159410656469375,0.5190648539480748,True,True,True
Fixed 2 m target,Identity baseline,3166,lichtenberg,,2.8688792030186527,2.8088237998788017,1.165541021215278,True,True,True
Fixed 2 m target,Identity baseline,3167,lichtenberg,,2.1587183590163246,3.177505354550603,1.4334303096273788,True,True,True
Fixed 2 m target,Identity baseline,3168,lichtenberg,,12.909053059668347,6.802539522499916,0.7840518366855627,True,True,True
Fixed 2 m target,Identity baseline,3169,lichtenberg,,0.2874213904576635,0.9034566631556572,0.7965243891258149,True,True,True
Fixed 2 m target,Identity baseline,3170,lichtenberg,,0.45282183711724194,0.6559301899077375,2.86548046979672,True,True,True
Fixed 2 m target,Identity baseline,3171,lichtenberg,,12.124787524305333,1.2564331147692318,4.02999129168118,True,True,True
Fixed 2 m target,Identity baseline,3172,lichtenberg,,2.519734276919324,3.1248962509666476,2.3489739936651786,True,True,True
Fixed 2 m target,Identity baseline,3173,lichtenberg,,1.1838063485532828,1.6170869565056087,3.8680199450059205,True,True,True
Fixed 2 m target,Identity baseline,3174,lichtenberg,,1.0990800435286803,1.7963200980273082,2.884099561702771,True,True,True
Fixed 2 m target,Identity baseline,3175,lichtenberg,,0.783609752862464,1.400632163814295,3.2197274871436825,True,True,True
Fixed 2 m target,Identity baseline,3176,lichtenberg,,1.5762867485248009,1.5572646876851202,2.4859713343906917,True,True,True
Fixed 2 m target,Identity baseline,3177,lichtenberg,,2.4900190424549358,1.3195174393315754,4.285651916903366,True,True,True
Fixed 2 m target,Identity baseline,3178,lichtenberg,,0.699316987722716,1.0644925437090986,3.6829290911064114,True,True,True
Fixed 2 m target,Identity baseline,3179,lichtenberg,,0.7029513092056244,1.442166424367849,1.8439056711864168,True,True,True
Fixed 2 m target,Identity baseline,3180,lichtenberg,,0.6710341338053757,0.9999998798593879,7.377886105959057,True,True,True
Fixed 2 m target,Identity baseline,3181,lichtenberg,,1.731707215975488,2.1034667357547128,0.45422563371464847,True,True,True
Fixed 2 m target,Identity baseline,3182,lichtenberg,,1.1742554839656405,1.322459223732053,0.32631448487345893,True,True,True
Fixed 2 m target,Identity baseline,3183,lichtenberg,,0.4252971165010337,0.5589745227224697,2.549532056435954,True,True,True
Fixed 2 m target,Identity baseline,3184,lichtenberg,,0.4268728681918026,0.5998122264300401,1.9900824831771802,True,True,True
Fixed 2 m target,Identity baseline,3185,lichtenberg,,0.8130631903787009,1.9907301832592934,1.2727479109353148,True,True,True
Fixed 2 m target,Identity baseline,3186,lichtenberg,,0.0,0.0,0.0,True,True,True
Fixed 2 m target,Identity baseline,3187,lichtenberg,,1.172447651176461,1.193243108135339,2.0344858345710533,True,True,True
Fixed 2 m target,Identity baseline,3188,lichtenberg,,0.9573899368604483,1.3187867143712235,3.9224872269571778,True,True,True
Fixed 2 m target,Identity baseline,3189,lichtenberg,,1.3905592179320063,1.748409595696495,2.2702909774009727,True,True,True
Fixed 2 m target,Identity baseline,3190,lichtenberg,,0.5292068987204263,0.7056277551655654,1.007207821406796,True,True,True
Fixed 2 m target,Identity baseline,3191,lichtenberg,,0.0,0.0,0.0,True,True,True
Fixed 2 m target,Identity baseline,3192,lichtenberg,,0.33797527995090165,0.4414063304441374,0.7886065237694208,True,True,True
Fixed 2 m target,Identity baseline,3193,lichtenberg,,1.262546959095916,1.8314975320243827,2.8522188943676623,True,True,True
Fixed 2 m target,Identity baseline,3194,lichtenberg,,1.1795970017667354,1.7507413509516434,11.617939687634099,True,True,True
Fixed 2 m target,Identity baseline,3195,lichtenberg,,1.0654113541865675,1.6278822103601833,1.4714483372830738,True,True,True
Fixed 2 m target,Identity baseline,3196,lichtenberg,,4.893962429831863,2.0095959690104994,8.315097301488292,True,True,True
Fixed 2 m target,Identity baseline,3197,lichtenberg,,1.7400929576399746,1.0572680862736776,0.5091922056179333,True,True,True
Fixed 2 m target,Identity baseline,3198,lichtenberg,,1.211441305762201,1.9116615746965844,0.6609096498210785,True,True,True
Fixed 2 m target,Identity baseline,3199,lichtenberg,,0.9156469474652152,1.329871632033044,1.0378553911432233,True,True,True
Fixed 2 m target,Identity baseline,3200,lichtenberg,,0.3796102762206022,0.7480706291145935,0.8330523343975391,True,True,True
Fixed 2 m target,Identity baseline,3201,lichtenberg,,0.17125238997024658,0.49085379190117207,1.6617566251295421,True,True,True
Fixed 2 m target,Identity baseline,3202,lichtenberg,,1.0621265957835533,1.568493008781094,9.505652548429696,True,True,True
Fixed 2 m target,Identity baseline,3203,lichtenberg,,0.3686390866321557,0.5038910793932442,0.5124560090898969,True,True,True
Fixed 2 m target,Identity baseline,3204,lichtenberg,,1.459244569208987,0.7449419913520566,0.533888369166654,True,True,True
Fixed 2 m target,Identity baseline,3205,lichtenberg,,0.701539031030791,1.122033547311645,1.3904425921631711,True,True,True
Fixed 2 m target,Identity baseline,3206,lichtenberg,,0.0,0.0,0.0,True,True,True
Fixed 2 m target,Identity baseline,3207,lichtenberg,,0.0,0.0,0.0,True,True,True
Fixed 2 m target,Identity baseline,3208,lichtenberg,,1.1924367610217763,2.0329322512208114,3.283881795660374,True,True,True
Fixed 2 m target,Identity baseline,3209,lichtenberg,,2.763742814510822,1.4555842017238265,2.7754311461294883,True,True,True
Fixed 2 m target,Identity baseline,3210,lichtenberg,,1.4717285610406166,1.4550558935215472,2.3386619005812963,True,True,True
Fixed 2 m target,Identity baseline,3211,lichtenberg,,2.0302206410272627,1.7403340710256159,4.75215396809177,True,True,True
Fixed 2 m target,Identity baseline,3212,lichtenberg,,0.9170290999731746,1.124976421426867,2.921724399922079,True,True,True
Fixed 2 m target,Identity baseline,3213,lichtenberg,,2.589057129774168,1.1693939340914645,3.5236389526805745,True,True,True
Fixed 2 m target,Identity baseline,3214,lichtenberg,,1.2524512006145279,0.8782306251979156,3.507651179238238,True,True,True
Fixed 2 m target,Identity baseline,3215,lichtenberg,,1.0108511229431292,1.9999998696148396,4.012944180088844,True,True,True
Fixed 2 m target,Identity baseline,3216,lichtenberg,,1.6613460698478508,1.5377588253362087,4.786492282728893,True,True,True
Fixed 2 m target,Identity baseline,3217,lichtenberg,,1.039767168200383,0.9999999469146132,0.6538865124706075,True,True,True
Fixed 2 m target,Identity baseline,3218,lichtenberg,,1.2124989380795017,1.4999998873099685,4.701138313726724,True,True,True
Fixed 2 m target,Identity baseline,3219,lichtenberg,,0.2642427405044288,0.5608639574139169,0.03332048752395524,True,True,True
Fixed 2 m target,Identity baseline,3220,lichtenberg,,11.85910872935032,1.7545928243561084,2.046746093962586,True,True,True
Fixed 2 m target,Identity baseline,3221,lichtenberg,,0.0,0.0,0.0,True,True,True
Fixed 2 m target,Identity baseline,3222,lichtenberg,,0.0,0.0,0.0,True,True,True
Fixed 2 m target,Identity baseline,3223,lichtenberg,,0.2526108451230206,0.5438203824865682,3.3696028387261037,True,True,True
Fixed 2 m target,Identity baseline,3224,lichtenberg,,1.1015208708038915,1.4084998845881085,0.472362361306312,True,True,True
Fixed 2 m target,Identity baseline,3225,lichtenberg,,0.3552755724330602,0.44529907838145094,1.2337866220271314,True,True,True
Fixed 2 m target,Identity baseline,3226,lichtenberg,,0.8934986135225175,1.5932519130422411,9.188773644385687,True,True,True
Fixed 2 m target,Identity baseline,3227,lichtenberg,,6.943064817871909,1.6027757967729124,8.415450957798415,True,True,True
Fixed 2 m target,Identity baseline,3228,lichtenberg,,8.69016225994981,0.937042728153836,3.0985055039186737,True,True,True
Fixed 2 m target,Identity baseline,3229,lichtenberg,,4.820436006610688,0.8874305459558338,0.418587844081257,True,True,True
Fixed 2 m target,Identity baseline,3230,lichtenberg,,0.4679028872583381,0.7187501350417733,1.77219556612805,True,True,True
Fixed 2 m target,Identity baseline,3231,lichtenberg,,1.684296048425128,1.1382149432394362,0.9189175417989288,True,True,True
Fixed 2 m target,Identity baseline,3232,lichtenberg,,0.43955290995117197,0.5460774324423564,2.9687006044563495,True,True,True
Fixed 2 m target,Identity baseline,3233,lichtenberg,,0.359374947723232,0.8731281975461984,10.813443438279393,True,True,True
Fixed 2 m target,Identity baseline,3234,lichtenberg,,2.1721841064156036,1.2456634477254191,1.6733018778398445,True,True,True
Fixed 2 m target,Identity baseline,3235,lichtenberg,,0.955076185831273,1.7307092676719964,5.9159226404593435,True,True,True
Fixed 2 m target,Identity baseline,3236,lichtenberg,,1.0391065264207031,1.746591906787703,1.5399098792909796,True,True,True
Fixed 2 m target,Identity baseline,3237,lichtenberg,,0.42493826188757994,0.4686032317186665,0.8633021671324669,True,True,True
Fixed 2 m target,Identity baseline,3238,lichtenberg,,3.162359713361879,0.8045892636286864,0.43368734660653796,True,True,True
Fixed 2 m target,Identity baseline,3239,lichtenberg,,0.45342797492416903,0.6141346904562943,1.0828299909126804,True,True,True
Fixed 2 m target,Identity baseline,3240,lichtenberg,,1.0364309586331657,1.7281731650688352,0.6971795676098919,True,True,True
Fixed 2 m target,Identity baseline,3241,lichtenberg,,0.0,0.0,0.0,True,True,True
Fixed 2 m target,Identity baseline,3242,lichtenberg,,4.01531332854774,1.2093384436300936,2.5001785877392484,True,True,True
Fixed 2 m target,Identity baseline,3243,lichtenberg,,1.0098091045439215,1.5895504420621709,1.7259481032030561,True,True,True
Fixed 2 m target,Identity baseline,3244,lichtenberg,,5.384584128407412,1.658596702231754,6.035298348347102,True,True,True
Fixed 2 m target,Identity baseline,3245,lichtenberg,,0.9199529571474682,1.8027157611492144,3.4262342100728116,True,True,True
Fixed 2 m target,Identity baseline,3246,lichtenberg,,0.9376301910059824,1.5422094215087399,0.4477690104621176,True,True,True
Fixed 2 m target,Identity baseline,3247,lichtenberg,,0.43885798556174693,1.3486598105445664,2.4779232864457366,True,True,True
Fixed 2 m target,Identity baseline,3248,lichtenberg,,0.8507198771239638,0.8588974616352703,1.8773019348471678,True,True,True
Fixed 2 m target,Identity baseline,3249,lichtenberg,,0.8008288686311231,1.2353884482666757,3.9201327051260124,True,True,True
Fixed 2 m target,Identity baseline,3250,lichtenberg,,1.4704112749278977,1.5000001629814506,2.1136854534755796,True,True,True
Fixed 2 m target,Identity baseline,3251,lichtenberg,,0.8102243666608553,1.183035010995754,1.6079568234898736,True,True,True
Fixed 2 m target,Identity baseline,3252,lichtenberg,,1.1290345254631582,1.4490138423966636,1.0034318106760458,True,True,True
Fixed 2 m target,Identity baseline,3253,lichtenberg,,0.04170729335000656,0.11345350272837806,0.2738573059641861,True,True,True
Fixed 2 m target,Identity baseline,3254,lichtenberg,,1.0856001669855,1.3757623735239173,3.351322977234344,True,True,True
Fixed 2 m target,Identity baseline,3255,lichtenberg,,1.552624981625867,1.220324639809577,0.3814650130053868,True,True,True
Fixed 2 m target,Identity baseline,3256,lichtenberg,,1.4095772454909787,1.709562671135816,1.0487396434305845,True,True,True
Fixed 2 m target,Identity baseline,3257,lichtenberg,,2.85148194805697,2.8170620683051486,3.9469912484813476,True,True,True
Fixed 2 m target,Identity baseline,3258,lichtenberg,,0.714982508839524,1.4428080605955105,2.285782529380774,True,True,True
Fixed 2 m target,Identity baseline,3259,lichtenberg,,0.0,0.0,0.0,True,True,True
Fixed 2 m target,Identity baseline,3260,lichtenberg,,0.0,0.0,0.0,True,True,True
Fixed 2 m target,Identity baseline,3261,lichtenberg,,1.6623653835274304,2.7201825856107273,0.20290863521636046,True,True,True
Fixed 2 m target,Identity baseline,3262,lichtenberg,,0.4806751070613135,0.5432029185990329,3.0691920413995986,True,True,True
Fixed 2 m target,Identity baseline,3263,lichtenberg,,0.26539513456132274,1.0931151286010163,0.4611654511731636,True,True,True
Fixed 2 m target,Identity baseline,3264,lichtenberg,,0.9761092863912391,1.5000000055879354,8.587907744736986,True,True,True
Fixed 2 m target,Identity baseline,3265,lichtenberg,,1.0128117088797977,1.500000280328095,9.708191316850433,True,True,True
Fixed 2 m target,Identity baseline,3266,lichtenberg,,0.8938229388184256,1.4999995371326804,7.678674639783894,True,True,True
Fixed 2 m target,Identity baseline,3267,lichtenberg,,0.5804693119765082,1.2276601370681903,3.0891961067695117,True,True,True
Fixed 2 m target,Identity baseline,3268,lichtenberg,,1.0092346358322233,1.4999998398125172,9.919851665915056,True,True,True
Fixed 2 m target,Identity baseline,3269,lichtenberg,,1.2063927311636047,2.41104951518876,1.1472211722309482,True,True,True
Fixed 2 m target,Identity baseline,3270,lichtenberg,,3.755972682782946,1.6500473141364318,2.320015449682512,True,True,True
Fixed 2 m target,Identity baseline,3271,lichtenberg,,1.295203218525986,0.7927969377668468,0.09162470745692967,True,True,True
Fixed 2 m target,Identity baseline,3272,lichtenberg,,1.4109512287183879,1.6429974316055052,6.378194653645236,True,True,True
Fixed 2 m target,Identity baseline,3273,lichtenberg,,3.8034079320509653,1.322891657142937,2.7871126566836675,True,True,True
Fixed 2 m target,Identity baseline,3274,lichtenberg,,17.27679108172098,1.1910793509878899,0.34635471799952333,True,True,True
Fixed 2 m target,Identity baseline,3275,lichtenberg,,0.46933554384468723,1.3462912141599057,1.4736790867103788,True,True,True
Fixed 2 m target,Identity baseline,3276,lichtenberg,,0.8321320523439404,1.32051460164735,5.861847804987846,True,True,True
Fixed 2 m target,Identity baseline,3277,lichtenberg,,0.6707157732951378,1.4836507863396466,1.5622757019983111,True,True,True
Fixed 2 m target,Identity baseline,3278,lichtenberg,,0.7065241054386785,1.4144010117668833,2.2414383158199476,True,True,True
Fixed 2 m target,Identity baseline,3279,lichtenberg,,0.7571679738661639,0.7827995820963931,0.4054893755996103,True,True,True
Fixed 2 m target,Identity baseline,3280,lichtenberg,,0.5483518540916844,1.0983578862610464,1.9629675245707283,True,True,True
Fixed 2 m target,Identity baseline,3281,lichtenberg,,1.5189436323194472,1.8604446383155355,2.421175976670563,True,True,True
Fixed 2 m target,Circular 1D-CNN,2426,wedding,,0.6220204202349074,1.1002823090177656,2.5922009837419173,True,True,True
Fixed 2 m target,Circular 1D-CNN,2427,wedding,,0.3716763980981027,1.1496239552933956,1.5137906677335444,True,True,True
Fixed 2 m target,Circular 1D-CNN,2428,wedding,,0.7049077591345819,0.9231374807326485,2.322354661899235,True,True,True
Fixed 2 m target,Circular 1D-CNN,2429,wedding,,0.4510233710314962,0.9054242143591192,0.30723912515956675,True,True,True
Fixed 2 m target,Circular 1D-CNN,2430,wedding,,1.380270984496343,2.498292510347265,1.8920750406468647,True,True,True
Fixed 2 m target,Circular 1D-CNN,2431,wedding,,1.8191389930400592,2.7982276436381457,2.4000104695392874,True,True,True
Fixed 2 m target,Circular 1D-CNN,2432,wedding,,0.5275834945235378,0.9726274855374233,2.4348227411016703,True,True,True
Fixed 2 m target,Circular 1D-CNN,2433,wedding,,0.46847335213316793,1.299391952882349,0.15133839372251182,True,True,True
Fixed 2 m target,Circular 1D-CNN,2434,wedding,,0.3134169617318191,0.5306207575618778,1.7666712390807784,True,True,True
Fixed 2 m target,Circular 1D-CNN,2435,wedding,,2.03745498154164,2.234408392106963,3.4446760845052564,True,True,True
Fixed 2 m target,Circular 1D-CNN,2436,wedding,,5.007032592748576,4.309708073069556,3.082410115275651,True,True,True
Fixed 2 m target,Circular 1D-CNN,2437,wedding,,5.123217220830463,2.285514853926648,5.024177347942907,True,True,True
Fixed 2 m target,Circular 1D-CNN,2438,wedding,,0.23488610282528358,0.4758029685191901,2.8896930471327664,True,True,True
Fixed 2 m target,Circular 1D-CNN,2439,wedding,,1.118803210782317,1.917089653565489,7.079071337742773,True,True,True
Fixed 2 m target,Circular 1D-CNN,2440,wedding,,1.08305021860389,2.0649458963420186,2.0433575850639056,True,True,True
Fixed 2 m target,Circular 1D-CNN,2441,wedding,,1.9543878452917463,1.2659473153209468,4.075750355535324,True,True,True
Fixed 2 m target,Circular 1D-CNN,2442,wedding,,0.9098181406650808,1.1257497926865327,1.7079560760080663,True,True,True
Fixed 2 m target,Circular 1D-CNN,2443,wedding,,0.4997906957982025,0.8148995595274011,0.5565706324859967,True,True,True
Fixed 2 m target,Circular 1D-CNN,2444,wedding,,1.8174187677197609,2.2629288565748586,3.363240526519312,True,True,True
Fixed 2 m target,Circular 1D-CNN,2445,wedding,,1.2032177129116466,2.400436559521174,0.6182396228007067,True,True,True
Fixed 2 m target,Circular 1D-CNN,2446,wedding,,1.2915977795682683,1.2789864024879507,1.1906358348871102,True,True,True
Fixed 2 m target,Circular 1D-CNN,2447,wedding,,1.1916215486149788,1.3316216388348148,2.4024495918725264,True,True,True
Fixed 2 m target,Circular 1D-CNN,2448,wedding,,0.8262979118866733,1.6142498534172773,4.03747338127695,True,True,True
Fixed 2 m target,Circular 1D-CNN,2449,wedding,,0.11663861357880047,0.19194562658105888,0.7232392887628329,True,True,True
Fixed 2 m target,Circular 1D-CNN,2450,wedding,,0.7334536685049042,0.7558824198191236,3.0859048780514273,True,True,True
Fixed 2 m target,Circular 1D-CNN,2451,wedding,,0.477880012353543,0.6527504472590877,1.597950925887393,True,True,True
Fixed 2 m target,Circular 1D-CNN,2452,wedding,,0.754465749747773,0.9146432116129624,2.884797193718803,True,True,True
Fixed 2 m target,Circular 1D-CNN,2453,wedding,,0.4718794582436473,0.6137345131913262,3.0989148899249783,True,True,True
Fixed 2 m target,Circular 1D-CNN,2454,wedding,,0.8881078293103237,1.0977934276607946,2.703309015232151,True,True,True
Fixed 2 m target,Circular 1D-CNN,2455,wedding,,0.35906572637254686,0.7384994341290781,3.239442829503097,True,True,True
Fixed 2 m target,Circular 1D-CNN,2456,wedding,,0.8222505183540445,1.460017535490719,6.867629484756328,True,True,True
Fixed 2 m target,Circular 1D-CNN,2457,wedding,,0.9164133445217988,1.3055525198445457,5.015879149241051,True,True,True
Fixed 2 m target,Circular 1D-CNN,2458,wedding,,0.09974684063987803,0.16382060999194967,1.0570557873983937,True,True,True
Fixed 2 m target,Circular 1D-CNN,2459,wedding,,0.8358834719641544,0.940265715388355,0.8272036292059533,True,True,True
Fixed 2 m target,Circular 1D-CNN,2460,wedding,,1.0414481978270176,1.3324931058942782,4.27489826254755,True,True,True
Fixed 2 m target,Circular 1D-CNN,2461,wedding,,0.977750569704895,1.671668380162677,3.1065413881618253,True,True,True
Fixed 2 m target,Circular 1D-CNN,2462,wedding,,1.3301729823875719,2.001346448021024,1.5364877727146258,True,True,True
Fixed 2 m target,Circular 1D-CNN,2463,wedding,,0.7219599496996228,1.0343501552903294,0.5181749201174106,True,True,True
Fixed 2 m target,Circular 1D-CNN,2464,wedding,,0.6571789321965948,1.2099863690944692,5.1406159467333365,True,True,True
Fixed 2 m target,Circular 1D-CNN,2465,wedding,,1.124365728524785,1.8930052098157328,6.737555627551836,True,True,True
Fixed 2 m target,Circular 1D-CNN,2466,wedding,,1.120569422812641,1.7884011383800007,9.145071170513921,True,True,True
Fixed 2 m target,Circular 1D-CNN,2467,wedding,,1.0182168298658445,1.234638970874045,2.2204404222447534,True,True,True
Fixed 2 m target,Circular 1D-CNN,2468,wedding,,1.0449219133519816,1.4357770098152647,7.799011320690295,True,True,True
Fixed 2 m target,Circular 1D-CNN,2469,wedding,,0.936426999722327,1.9002584892857424,2.6130389988650116,True,True,True
Fixed 2 m target,Circular 1D-CNN,2470,wedding,,0.6509488486584069,1.0266556977877361,3.7481993738272013,True,True,True
Fixed 2 m target,Circular 1D-CNN,2471,wedding,,0.31279040684156867,0.9745649388059974,3.5075381304249484,True,True,True
Fixed 2 m target,Circular 1D-CNN,2472,wedding,,0.26765102260904267,0.7410352844744921,3.4636695777667725,True,True,True
Fixed 2 m target,Circular 1D-CNN,2473,wedding,,0.24271859244485539,0.5654197447923691,3.436802163751698,True,True,True
Fixed 2 m target,Circular 1D-CNN,2474,wedding,,1.5529501742493692,2.278636697879795,0.46112093161089696,True,True,True
Fixed 2 m target,Circular 1D-CNN,2475,wedding,,0.39785491756365093,0.6839616359401418,2.646559996418928,True,True,True
Fixed 2 m target,Circular 1D-CNN,2476,wedding,,0.8311007214225296,1.290222895683402,1.0677365641596133,True,True,True
Fixed 2 m target,Circular 1D-CNN,2477,wedding,,0.5847093155184769,1.217638651334538,0.839793786204353,True,True,True
Fixed 2 m target,Circular 1D-CNN,2478,wedding,,0.575121033850509,0.9523334871659136,6.251934041309372,True,True,True
Fixed 2 m target,Circular 1D-CNN,2479,wedding,,1.1423340286210621,1.8842346602380016,6.865175990564593,True,True,True
Fixed 2 m target,Circular 1D-CNN,2480,wedding,,0.35310077746849833,0.636771688682274,3.660488349084696,True,True,True
Fixed 2 m target,Circular 1D-CNN,2481,wedding,,1.4403425911342862,1.6900227149572467,6.9015946206326575,True,True,True
Fixed 2 m target,Circular 1D-CNN,2482,wedding,,0.20138723004523967,0.44168751135184753,3.704688540939611,True,True,True
Fixed 2 m target,Circular 1D-CNN,2483,wedding,,1.3063538609752743,1.5699858485708382,1.3864196717657167,True,True,True
Fixed 2 m target,Circular 1D-CNN,2484,wedding,,1.2158794331020046,1.943185116252004,2.2399706750713304,True,True,True
Fixed 2 m target,Circular 1D-CNN,2485,wedding,,1.8794830777082583,3.119091023720721,8.952668584941552,True,True,True
Fixed 2 m target,Circular 1D-CNN,2486,wedding,,0.8554442233995152,1.252761063006205,0.42330529657342764,True,True,True
Fixed 2 m target,Circular 1D-CNN,2487,wedding,,1.1579622403127507,1.6888770542372726,3.360578631161938,True,True,True
Fixed 2 m target,Circular 1D-CNN,2488,wedding,,1.601293531391892,1.4131959827886282,5.089433997448774,True,True,True
Fixed 2 m target,Circular 1D-CNN,2489,wedding,,0.7078627106583333,1.2902483436615517,2.7334915236533406,True,True,True
Fixed 2 m target,Circular 1D-CNN,2490,wedding,,0.7316666089317959,1.6683742342564258,0.15138809366186098,True,True,True
Fixed 2 m target,Circular 1D-CNN,2491,wedding,,1.139730109477337,1.200983479264722,0.06966292382473627,True,True,True
Fixed 2 m target,Circular 1D-CNN,2492,wedding,,0.7194542183923466,1.3534525796124635,0.2721429688774558,True,True,True
Fixed 2 m target,Circular 1D-CNN,2493,wedding,,0.4024016025167523,0.7180767500585468,1.6550154541421205,True,True,True
Fixed 2 m target,Circular 1D-CNN,2494,wedding,,2.06324736621819,2.404582772329867,10.392933478369507,True,True,True
Fixed 2 m target,Circular 1D-CNN,2495,wedding,,0.073996197533646,0.10808437814288385,0.8535065716944574,True,True,True
Fixed 2 m target,Circular 1D-CNN,2496,wedding,,1.0369698020179867,1.8844885755446792,0.9975643283020027,True,True,True
Fixed 2 m target,Circular 1D-CNN,2497,wedding,,1.0528584759933832,1.6658533766010066,0.2927448230093924,True,True,True
Fixed 2 m target,Circular 1D-CNN,2498,wedding,,0.9160772393570361,1.0660760300933756,3.364048058148151,True,True,True
Fixed 2 m target,Circular 1D-CNN,2499,wedding,,2.0252458786352276,1.548978476576981,4.631164736293901,True,True,True
Fixed 2 m target,Circular 1D-CNN,2500,wedding,,1.1518638384368367,1.4176986671777818,4.245977780346761,True,True,True
Fixed 2 m target,Circular 1D-CNN,2501,wedding,,0.49697756520438446,0.8200972081833213,0.8370417611495533,True,True,True
Fixed 2 m target,Circular 1D-CNN,2502,wedding,,1.5508467236401573,1.751338164624328,12.072409894901728,True,True,True
Fixed 2 m target,Circular 1D-CNN,2503,wedding,,0.5628083563610594,0.9097091027037538,7.160116006822663,True,True,True
Fixed 2 m target,Circular 1D-CNN,2504,wedding,,0.9632652787712561,1.6001637613459474,2.697160013530049,True,True,True
Fixed 2 m target,Circular 1D-CNN,2505,wedding,,0.9506864110376888,1.6192300157989155,5.563890515159061,True,True,True
Fixed 2 m target,Circular 1D-CNN,2506,wedding,,0.7736982415947259,1.1173485208923049,5.1019235577009905,True,True,True
Fixed 2 m target,Circular 1D-CNN,2507,wedding,,3.7727710979606583,1.0150700749404156,0.012343897793266903,True,True,True
Fixed 2 m target,Circular 1D-CNN,2508,wedding,,0.4728244914552036,0.733993062353381,2.910955108051223,True,True,True
Fixed 2 m target,Circular 1D-CNN,2509,wedding,,0.6447728411801457,0.8374814774697741,2.467136681859673,True,True,True
Fixed 2 m target,Circular 1D-CNN,2510,wedding,,0.8761864362274802,1.4842274178814394,5.744598377493419,True,True,True
Fixed 2 m target,Circular 1D-CNN,2511,wedding,,0.45175656450995416,0.531590013659425,1.5363495577519861,True,True,True
Fixed 2 m target,Circular 1D-CNN,2512,wedding,,1.012595655553507,1.6649260056034076,3.2683791309030026,True,True,True
Fixed 2 m target,Circular 1D-CNN,2513,wedding,,0.6985177682312185,1.0101267192444505,0.9660021270654238,True,True,True
Fixed 2 m target,Circular 1D-CNN,2514,wedding,,0.08362860304565194,0.15592760591844027,1.3183849586476202,True,True,True
Fixed 2 m target,Circular 1D-CNN,2515,wedding,,0.8806068302403453,1.064039178076724,2.9322253560045,True,True,True
Fixed 2 m target,Circular 1D-CNN,2516,wedding,,0.6153960603674071,0.8543719552005603,0.17033915915089493,True,True,True
Fixed 2 m target,Circular 1D-CNN,2517,wedding,,0.7202580341508052,0.8835121755083895,2.1095856715228805,True,True,True
Fixed 2 m target,Circular 1D-CNN,2518,wedding,,1.0044561788390314,1.413033796334281,2.3708636829555094,True,True,True
Fixed 2 m target,Circular 1D-CNN,2519,wedding,,1.510802139582477,1.5964053499902415,4.465564863903217,True,True,True
Fixed 2 m target,Circular 1D-CNN,2520,wedding,,1.0067522851078516,1.6270032752629433,0.00566445710839458,True,True,True
Fixed 2 m target,Circular 1D-CNN,2521,wedding,,0.5808971464251717,1.2646021829415497,4.497314941194114,True,True,True
Fixed 2 m target,Circular 1D-CNN,2522,wedding,,0.48659556206900656,1.1086107055417915,0.1877270729426731,True,True,True
Fixed 2 m target,Circular 1D-CNN,2523,wedding,,0.6853393432805833,1.0172812771052122,3.7524216573335405,True,True,True
Fixed 2 m target,Circular 1D-CNN,2524,wedding,,0.42266142784060523,0.5882676277379607,1.8394427922535632,True,True,True
Fixed 2 m target,Circular 1D-CNN,2525,wedding,,0.17397476496624842,0.524868412233575,1.2949469974778172,True,True,True
Fixed 2 m target,Circular 1D-CNN,2526,wedding,,0.7468200198366157,1.8391025859224626,1.881759947304924,True,True,True
Fixed 2 m target,Circular 1D-CNN,2527,wedding,,0.8489370573421255,1.5381526518887931,3.076071606820563,True,True,True
Fixed 2 m target,Circular 1D-CNN,2528,wedding,,1.1993790246679794,1.1494266103239477,0.21024884775172786,True,True,True
Fixed 2 m target,Circular 1D-CNN,2529,wedding,,0.5761337296929622,0.8047836844462438,6.869386724647413,True,True,True
Fixed 2 m target,Circular 1D-CNN,2530,wedding,,0.6918589035436611,1.4835948363190128,2.7406433553957847,True,True,True
Fixed 2 m target,Circular 1D-CNN,2531,wedding,,0.4260934554359216,0.6584655556236398,5.637035041988621,True,True,True
Fixed 2 m target,Circular 1D-CNN,2532,wedding,,0.18510937731022045,0.287670707884175,1.3362442204897826,True,True,True
Fixed 2 m target,Circular 1D-CNN,2533,wedding,,10.946757652729222,1.3457483689377252,4.908140980368476,True,True,True
Fixed 2 m target,Circular 1D-CNN,2534,wedding,,0.6909026252758776,1.20345086050392,3.8959419312107615,True,True,True
Fixed 2 m target,Circular 1D-CNN,2535,wedding,,0.8468113305443937,1.3862695464107175,5.202711070152655,True,True,True
Fixed 2 m target,Circular 1D-CNN,2536,wedding,,0.19464123086327642,0.3063876299516148,3.4435269816525818,True,True,True
Fixed 2 m target,Circular 1D-CNN,2537,wedding,,0.3740413337765404,0.5361735626567463,5.578569666594029,True,True,True
Fixed 2 m target,Circular 1D-CNN,2538,wedding,,0.9026277606816349,1.2833624899069058,6.1110767769202745,True,True,True
Fixed 2 m target,Circular 1D-CNN,2539,wedding,,0.5452306282047836,0.8454393630320935,0.5840856218247393,True,True,True
Fixed 2 m target,Circular 1D-CNN,2540,wedding,,1.0567366493888795,1.9487988037725443,0.29513747324084055,True,True,True
Fixed 2 m target,Circular 1D-CNN,2541,wedding,,0.6655235802400581,1.6031555725258446,6.4422286598253455,True,True,True
Fixed 2 m target,Circular 1D-CNN,2542,wedding,,0.758739291125002,1.510009235702455,7.013715407409787,True,True,True
Fixed 2 m target,Circular 1D-CNN,2543,wedding,,0.9514761809066503,1.361511606952733,6.545257179118795,True,True,True
Fixed 2 m target,Circular 1D-CNN,2544,wedding,,0.3569420724672755,0.8838379386272402,8.325743693906535,True,True,True
Fixed 2 m target,Circular 1D-CNN,2545,wedding,,0.7209226157472469,1.190456836313679,2.044307380387601,True,True,True
Fixed 2 m target,Circular 1D-CNN,2546,wedding,,0.27676668276994404,0.4470001404402647,0.8821079851657201,True,True,True
Fixed 2 m target,Circular 1D-CNN,2547,wedding,,1.209592628989066,1.3966240081906027,3.0888651887026537,True,True,True
Fixed 2 m target,Circular 1D-CNN,2548,wedding,,0.5022788335046424,1.1981755616599925,2.221363586939707,True,True,True
Fixed 2 m target,Circular 1D-CNN,2549,wedding,,1.8231936641837847,1.6957549092732984,5.532902383907583,True,True,True
Fixed 2 m target,Circular 1D-CNN,2550,wedding,,0.7943122466326479,1.1659984782976491,2.4966196719632534,True,True,True
Fixed 2 m target,Circular 1D-CNN,2551,wedding,,4.513337911386635,1.817266125726414,0.6860721910066153,True,True,True
Fixed 2 m target,Circular 1D-CNN,2552,wedding,,1.897564661187925,1.46143729519099,1.5390995506698606,True,True,True
Fixed 2 m target,Circular 1D-CNN,2553,wedding,,0.2960338095339653,0.6386708919846268,2.8124343110390666,True,True,True
Fixed 2 m target,Circular 1D-CNN,2554,wedding,,0.49006197321869877,1.3751119006839154,3.105948787056871,True,True,True
Fixed 2 m target,Circular 1D-CNN,2555,wedding,,1.2971853628585326,1.8647594648992145,4.563806046774034,True,True,True
Fixed 2 m target,Circular 1D-CNN,2556,wedding,,0.6409641816699149,1.0740936454444874,3.6831218311321487,True,True,True
Fixed 2 m target,Circular 1D-CNN,2557,wedding,,1.3791219575247837,1.208325579924523,1.9268021154902695,True,True,True
Fixed 2 m target,Circular 1D-CNN,2558,wedding,,0.4450881221004231,1.0151043003425002,3.215730869328648,True,True,True
Fixed 2 m target,Circular 1D-CNN,2559,wedding,,0.19868209209548549,0.5123977493494749,1.0905673510230909,True,True,True
Fixed 2 m target,Circular 1D-CNN,2560,wedding,,0.6240886988602202,1.2164196001492935,1.6172046823675104,True,True,True
Fixed 2 m target,Circular 1D-CNN,2561,wedding,,0.7208924798371548,1.4230646202746184,4.428158836086225,True,True,True
Fixed 2 m target,Circular 1D-CNN,2562,wedding,,0.5642769375417813,0.9855310543539756,1.9680674292067712,True,True,True
Fixed 2 m target,Circular 1D-CNN,2563,wedding,,1.121769600721748,1.4207834293916042,1.2732519433464038,True,True,True
Fixed 2 m target,Circular 1D-CNN,2564,wedding,,0.5038802518711964,1.7720001926926234,4.810262920026008,True,True,True
Fixed 2 m target,Circular 1D-CNN,2565,wedding,,0.8042357730242995,1.416509655702649,1.3450457982545732,True,True,True
Fixed 2 m target,Circular 1D-CNN,2566,wedding,,0.9158532149337026,0.9478103972243562,0.0619776608602659,True,True,True
Fixed 2 m target,Circular 1D-CNN,2567,wedding,,0.4829463098569015,1.0061253251086275,0.23214673163999763,True,True,True
Fixed 2 m target,Circular 1D-CNN,2568,wedding,,0.6182718575532655,1.4694184017271505,4.558869357826644,True,True,True
Fixed 2 m target,Circular 1D-CNN,2569,wedding,,0.7993185515686091,1.3800520296593344,1.065737418571674,True,True,True
Fixed 2 m target,Circular 1D-CNN,2570,wedding,,0.26914877391242975,0.47526693438547396,3.1047235406112135,True,True,True
Fixed 2 m target,Circular 1D-CNN,2571,wedding,,0.6921281540177212,1.5955931384504234,3.0525239702374107,True,True,True
Fixed 2 m target,Circular 1D-CNN,2572,wedding,,0.39891597925967787,0.6025995871437584,2.862054867977465,True,True,True
Fixed 2 m target,Circular 1D-CNN,2573,wedding,,1.0712870207378518,1.6144089307021083,6.946572416462317,True,True,True
Fixed 2 m target,Circular 1D-CNN,2574,wedding,,0.7155390279916155,1.206596578884229,0.16566695831902847,True,True,True
Fixed 2 m target,Circular 1D-CNN,2575,wedding,,7.5508570181698,1.130877049968481,1.2668764626539304,True,True,True
Fixed 2 m target,Circular 1D-CNN,2576,wedding,,0.5340115700015576,0.9846662060065156,3.5397887099334024,True,True,True
Fixed 2 m target,Circular 1D-CNN,2577,wedding,,0.7647576359623617,1.3565110796384547,1.5552998309314583,True,True,True
Fixed 2 m target,Circular 1D-CNN,2578,wedding,,1.3961180387125114,1.018425961022031,4.521673863158985,True,True,True
Fixed 2 m target,Circular 1D-CNN,2579,wedding,,0.7680150715223405,1.639811286693436,6.069149538513812,True,True,True
Fixed 2 m target,Circular 1D-CNN,2580,wedding,,0.5464663039097692,1.7359671028278627,0.11325937946708071,True,True,True
Fixed 2 m target,Circular 1D-CNN,2581,wedding,,0.9714281487224102,1.5030324893351148,4.251708191996032,True,True,True
Fixed 2 m target,Circular 1D-CNN,2582,wedding,,0.611134747169721,1.6011039229440323,5.296397408861654,True,True,True
Fixed 2 m target,Circular 1D-CNN,2583,wedding,,0.7509487773539779,1.1929652982893861,2.5965638172014955,True,True,True
Fixed 2 m target,Circular 1D-CNN,2584,wedding,,0.7979021300418722,1.0577861629127316,1.5968081048905587,True,True,True
Fixed 2 m target,Circular 1D-CNN,2585,wedding,,1.0452448446833127,1.3368965811825062,2.9528841358910247,True,True,True
Fixed 2 m target,Circular 1D-CNN,2586,wedding,,0.7009412674728184,1.5299548897018893,0.03703748206122112,True,True,True
Fixed 2 m target,Circular 1D-CNN,2587,wedding,,0.7771251019015891,1.027800378800906,0.2743496709757527,True,True,True
Fixed 2 m target,Circular 1D-CNN,2588,wedding,,1.1138189226745572,1.779114652959181,3.385575222528297,True,True,True
Fixed 2 m target,Circular 1D-CNN,2589,wedding,,0.903588551383555,0.9162091884093185,2.5197658469165605,True,True,True
Fixed 2 m target,Circular 1D-CNN,2590,wedding,,0.9847150275056371,1.19733923861777,3.282955882301495,True,True,True
Fixed 2 m target,Circular 1D-CNN,2591,wedding,,0.30171326881515775,0.6848494780228862,4.035800528713235,True,True,True
Fixed 2 m target,Circular 1D-CNN,2592,wedding,,1.5143885333680285,1.1441759288975983,9.72736084337515,True,True,True
Fixed 2 m target,Circular 1D-CNN,2593,wedding,,0.9102378884214459,0.9173204574420236,1.0321232000237985,True,True,True
Fixed 2 m target,Circular 1D-CNN,2594,wedding,,2.0839804772874366,1.3695974390223327,4.638998393615477,True,True,True
Fixed 2 m target,Circular 1D-CNN,2595,wedding,,0.7418702132081046,1.1997664627549247,6.017381145757538,True,True,True
Fixed 2 m target,Circular 1D-CNN,2596,wedding,,0.5077849565974599,0.8430389638700817,1.385335219522996,True,True,True
Fixed 2 m target,Circular 1D-CNN,2597,wedding,,0.8124704759962532,1.9949885504320264,3.450809600195506,True,True,True
Fixed 2 m target,Circular 1D-CNN,2598,wedding,,0.5964310480233909,0.9545491868597686,1.5865035537134462,True,True,True
Fixed 2 m target,Circular 1D-CNN,2599,wedding,,1.0923636466539024,1.5372037389133117,4.85866746193147,True,True,True
Fixed 2 m target,Circular 1D-CNN,2600,wedding,,0.3264075751987059,0.9399051313655173,6.163616538616856,True,True,True
Fixed 2 m target,Circular 1D-CNN,2601,wedding,,1.1817537761629113,1.6065393302101407,3.804383872182365,True,True,True
Fixed 2 m target,Circular 1D-CNN,2602,wedding,,1.6307004850487214,1.0285882652948168,0.5332956093261381,True,True,True
Fixed 2 m target,Circular 1D-CNN,2603,wedding,,0.4652886071851772,0.9317910336275271,1.6941613669273894,True,True,True
Fixed 2 m target,Circular 1D-CNN,2604,wedding,,0.6429303495320435,0.7727796765810977,4.223675362942247,True,True,True
Fixed 2 m target,Circular 1D-CNN,2605,wedding,,0.2852457190807325,0.4047531110407897,1.7306967848139485,True,True,True
Fixed 2 m target,Circular 1D-CNN,2606,wedding,,0.2648311395473881,0.4950714163417364,1.9011235978846532,True,True,True
Fixed 2 m target,Circular 1D-CNN,2607,wedding,,0.3040542679204332,0.7130075753787463,0.3796479724663984,True,True,True
Fixed 2 m target,Circular 1D-CNN,2608,wedding,,0.9601410121097066,1.466453215018178,4.179849483644751,True,True,True
Fixed 2 m target,Circular 1D-CNN,2609,wedding,,0.25866199787475175,0.5917222222319635,2.562474393094618,True,True,True
Fixed 2 m target,Circular 1D-CNN,2610,wedding,,0.9558034471264942,1.4782306926476665,2.2543623219744116,True,True,True
Fixed 2 m target,Circular 1D-CNN,2611,wedding,,0.9995718409600508,1.1970419843231273,3.5824082794199894,True,True,True
Fixed 2 m target,Circular 1D-CNN,2612,wedding,,0.2063558221075454,0.3981347427570148,1.3034075958596352,True,True,True
Fixed 2 m target,Circular 1D-CNN,2613,wedding,,0.5748113611697208,0.8588482350122802,5.127419379780496,True,True,True
Fixed 2 m target,Circular 1D-CNN,2614,wedding,,0.2299017500002415,0.3883949002747149,3.2455178578053157,True,True,True
Fixed 2 m target,Circular 1D-CNN,2615,wedding,,0.4372662560043441,0.6724285048971764,0.18341085110181943,True,True,True
Fixed 2 m target,Circular 1D-CNN,2616,wedding,,0.8463307091200719,1.1112595040480389,2.3723172862457163,True,True,True
Fixed 2 m target,Circular 1D-CNN,2617,wedding,,0.48856907194012983,0.7825911470255479,4.793926812487135,True,True,True
Fixed 2 m target,Circular 1D-CNN,2618,wedding,,0.11205612812502985,0.20213491733556957,0.9001026639732226,True,True,True
Fixed 2 m target,Circular 1D-CNN,2619,wedding,,1.0804518647860741,2.0145249008183743,9.006149389928144,True,True,True
Fixed 2 m target,Circular 1D-CNN,2620,wedding,,1.378678550018857,2.042779925512168,5.876387752136638,True,True,True
Fixed 2 m target,Circular 1D-CNN,2621,wedding,,0.5578975705261697,0.9152049798732347,4.124166097731277,True,True,True
Fixed 2 m target,Circular 1D-CNN,2622,wedding,,0.667260225613793,1.2005759723490321,11.00670862070754,True,True,True
Fixed 2 m target,Circular 1D-CNN,2623,wedding,,1.3191841542836784,1.5228193087625235,10.252432717782506,True,True,True
Fixed 2 m target,Circular 1D-CNN,2624,wedding,,0.7898236982932091,1.1328472091359565,2.4860161063103314,True,True,True
Fixed 2 m target,Circular 1D-CNN,2625,wedding,,0.6404640732377244,1.20611991968992,4.539111584038365,True,True,True
Fixed 2 m target,Circular 1D-CNN,2626,wedding,,1.1284427734599052,2.067899931167722,0.1873879758696794,True,True,True
Fixed 2 m target,Circular 1D-CNN,2627,wedding,,0.5816166462332726,0.6493613510172623,3.097853369640878,True,True,True
Fixed 2 m target,Circular 1D-CNN,2628,wedding,,0.48282446748619384,1.2070764183209852,4.118058364549825,True,True,True
Fixed 2 m target,Circular 1D-CNN,2629,wedding,,0.9919366893129009,1.1033268980999067,3.0070535958354445,True,True,True
Fixed 2 m target,Circular 1D-CNN,2630,wedding,,1.741516752598679,2.143700730795065,1.6659303854433656,True,True,True
Fixed 2 m target,Circular 1D-CNN,2631,wedding,,0.9518986449278927,1.5102165932599305,3.8256016346781974,True,True,True
Fixed 2 m target,Circular 1D-CNN,2632,wedding,,1.7019434289336504,1.091034136770916,3.474901439391603,True,True,True
Fixed 2 m target,Circular 1D-CNN,2633,wedding,,1.063845298918742,1.2407581293624905,7.938886784560546,True,True,True
Fixed 2 m target,Circular 1D-CNN,2634,wedding,,0.15103782415376893,0.2754234926890951,1.132515972902152,True,True,True
Fixed 2 m target,Circular 1D-CNN,2635,wedding,,0.8016975081901594,1.1819082649106205,1.1559868338377153,True,True,True
Fixed 2 m target,Circular 1D-CNN,2636,wedding,,0.9016455906410072,1.7691247976394089,5.271079254736597,True,True,True
Fixed 2 m target,Circular 1D-CNN,2637,wedding,,0.6399548161898887,0.6755102841076134,1.5294979672308133,True,True,True
Fixed 2 m target,Circular 1D-CNN,2638,wedding,,0.26583617818250976,0.6958293326008343,1.829515430491888,True,True,True
Fixed 2 m target,Circular 1D-CNN,2639,wedding,,0.5466835578969775,0.916379447563342,0.36349855525184177,True,True,True
Fixed 2 m target,Circular 1D-CNN,2640,wedding,,0.30586554853870834,0.591719168584349,1.1276591870748762,True,True,True
Fixed 2 m target,Circular 1D-CNN,2641,wedding,,0.4079615120429831,0.7510141203547431,5.324941276315768,True,True,True
Fixed 2 m target,Circular 1D-CNN,2642,wedding,,0.5021036369299159,0.8576227277399882,3.5840039678616846,True,True,True
Fixed 2 m target,Circular 1D-CNN,2643,wedding,,0.9389712834840862,1.567814220094954,5.369777201081663,True,True,True
Fixed 2 m target,Circular 1D-CNN,2644,wedding,,0.7805363126861481,1.1011587563035377,2.9510820137050886,True,True,True
Fixed 2 m target,Circular 1D-CNN,2645,wedding,,0.781367702039703,1.2558324161335996,1.9308958390598225,True,True,True
Fixed 2 m target,Circular 1D-CNN,2646,wedding,,1.7611635790934757,1.9503962460662996,4.802046326890339,True,True,True
Fixed 2 m target,Circular 1D-CNN,2647,wedding,,1.3882156686229925,2.237202752614394,9.282289241824465,True,True,True
Fixed 2 m target,Circular 1D-CNN,2648,wedding,,1.056525806584006,1.3025861797825506,0.919028035890133,True,True,True
Fixed 2 m target,Circular 1D-CNN,2649,wedding,,0.7462528885658118,1.4973280504345894,3.6154668243596193,True,True,True
Fixed 2 m target,Circular 1D-CNN,2650,wedding,,0.6751421093450979,1.1928955555625926,0.49798101298332675,True,True,True
Fixed 2 m target,Circular 1D-CNN,2651,wedding,,1.156304031733502,1.4425759649290735,0.9464222284470561,True,True,True
Fixed 2 m target,Circular 1D-CNN,2652,wedding,,0.5352402905844037,1.0998437670304417,4.104817018459289,True,True,True
Fixed 2 m target,Circular 1D-CNN,2653,wedding,,0.5518317283031218,0.8015169743939233,0.9483011776734317,True,True,True
Fixed 2 m target,Circular 1D-CNN,2654,wedding,,0.42003997973257207,0.869084627359423,3.750002629704637,True,True,True
Fixed 2 m target,Circular 1D-CNN,2655,wedding,,0.681433784369786,1.313932200516028,3.42810158490427,True,True,True
Fixed 2 m target,Circular 1D-CNN,2656,wedding,,0.672743838224149,0.897623682101465,3.76056635894639,True,True,True
Fixed 2 m target,Circular 1D-CNN,2657,wedding,,0.5918786753282483,1.4772358249539708,0.889491492079499,True,True,True
Fixed 2 m target,Circular 1D-CNN,2658,wedding,,0.5279574391506551,0.7428312391802768,3.438335305591929,True,True,True
Fixed 2 m target,Circular 1D-CNN,2659,wedding,,0.9848434602483571,1.817696589123686,6.017591270118606,True,True,True
Fixed 2 m target,Circular 1D-CNN,2660,wedding,,0.28396291234529053,0.6406490551386782,2.2695795326257935,True,True,True
Fixed 2 m target,Circular 1D-CNN,2661,wedding,,0.3165942343222852,0.7011966137644701,2.297873190295681,True,True,True
Fixed 2 m target,Circular 1D-CNN,2662,wedding,,0.5749941476220527,1.1864027622845796,0.6972785975582783,True,True,True
Fixed 2 m target,Circular 1D-CNN,2663,wedding,,0.7216644746763395,1.1026425070325252,7.380969929794841,True,True,True
Fixed 2 m target,Circular 1D-CNN,2664,wedding,,0.6160166038570485,0.998877625441315,2.035910877103582,True,True,True
Fixed 2 m target,Circular 1D-CNN,2665,wedding,,1.7247922804065186,1.6336952866247494,1.6403806077815135,True,True,True
Fixed 2 m target,Circular 1D-CNN,2666,wedding,,1.2841599195845974,1.78134179305784,1.3816694468968427,True,True,True
Fixed 2 m target,Circular 1D-CNN,2667,wedding,,1.1579320787134104,1.2617898727556953,6.060593614585873,True,True,True
Fixed 2 m target,Circular 1D-CNN,2668,wedding,,0.1371357821713529,0.327044728024251,0.9450701082699124,True,True,True
Fixed 2 m target,Circular 1D-CNN,2669,wedding,,0.5240912391584217,1.0917097178610362,3.9229476467228803,True,True,True
Fixed 2 m target,Circular 1D-CNN,2670,wedding,,0.5164589337416069,1.107803304048216,0.8846206884384841,True,True,True
Fixed 2 m target,Circular 1D-CNN,2671,wedding,,0.6350330793966255,0.9200753425418475,3.1234316517963934,True,True,True
Fixed 2 m target,Circular 1D-CNN,2672,wedding,,1.1092272058434898,1.4995015738531947,1.550858702586843,True,True,True
Fixed 2 m target,Circular 1D-CNN,2673,wedding,,0.6818782841927141,1.1142951297989712,5.306214480126526,True,True,True
Fixed 2 m target,Circular 1D-CNN,2674,wedding,,0.5839044675343892,0.7000369297686401,5.430492672956711,True,True,True
Fixed 2 m target,Circular 1D-CNN,2675,wedding,,3.703887945560548,1.2618678366493712,4.577688189061656,True,True,True
Fixed 2 m target,Circular 1D-CNN,2676,wedding,,1.1651865171593212,1.9834111457288772,17.428297024451474,True,True,True
Fixed 2 m target,Circular 1D-CNN,2677,wedding,,1.248958550961466,1.7345792203133283,2.801007642807078,True,True,True
Fixed 2 m target,Circular 1D-CNN,2678,wedding,,0.8368786591219434,1.3053620491130944,2.464528878289779,True,True,True
Fixed 2 m target,Circular 1D-CNN,2679,wedding,,1.4023822988911365,1.4025682117789984,3.7712032847191894,True,True,True
Fixed 2 m target,Circular 1D-CNN,2680,wedding,,0.6611729201221233,1.0143360916733024,3.416283565140298,True,True,True
Fixed 2 m target,Circular 1D-CNN,2681,wedding,,0.5575158127006424,0.9018651286812941,0.19338359931906718,True,True,True
Fixed 2 m target,Circular 1D-CNN,2682,wedding,,0.8458192090140263,1.315128829330206,3.3917139686410893,True,True,True
Fixed 2 m target,Circular 1D-CNN,2683,wedding,,0.779803778576032,1.1581440273397354,6.0105038588049124,True,True,True
Fixed 2 m target,Circular 1D-CNN,2684,wedding,,0.8361965018052079,0.895298870684255,3.828299699429534,True,True,True
Fixed 2 m target,Circular 1D-CNN,2685,wedding,,0.4797605230968188,0.7202521279314843,3.434319842857609,True,True,True
Fixed 2 m target,Circular 1D-CNN,2686,wedding,,1.1664811892189144,1.4094978808736245,2.6133637218936743,True,True,True
Fixed 2 m target,Circular 1D-CNN,2687,wedding,,0.3872908458354774,0.6094511329476678,0.42849746522152404,True,True,True
Fixed 2 m target,Circular 1D-CNN,2688,wedding,,0.3392864447303145,0.6268563327243478,0.3895219549349305,True,True,True
Fixed 2 m target,Circular 1D-CNN,2689,wedding,,0.5958543656480052,1.2203719388485035,2.389087853859503,True,True,True
Fixed 2 m target,Circular 1D-CNN,2690,wedding,,0.20788569688434438,0.38429207889671263,1.8985035064568807,True,True,True
Fixed 2 m target,Circular 1D-CNN,2691,wedding,,0.5553702746752012,0.8578346321680673,0.4585433692056002,True,True,True
Fixed 2 m target,Circular 1D-CNN,2692,wedding,,0.602980080602683,0.9613042019852509,3.90961247899958,True,True,True
Fixed 2 m target,Circular 1D-CNN,2693,wedding,,1.325631179392498,1.5194444679550847,2.986286659297668,True,True,True
Fixed 2 m target,Circular 1D-CNN,2694,wedding,,1.0807168047086033,1.2572159568251715,2.1879386347648477,True,True,True
Fixed 2 m target,Circular 1D-CNN,2695,wedding,,0.5037465448264384,0.7593149788628577,5.9987631811851,True,True,True
Fixed 2 m target,Circular 1D-CNN,2696,wedding,,0.6853838671526944,1.065155102301454,3.5900720596351645,True,True,True
Fixed 2 m target,Circular 1D-CNN,2697,wedding,,0.4668235016708724,0.5485982884395374,0.4636194388017784,True,True,True
Fixed 2 m target,Circular 1D-CNN,2698,wedding,,1.151379637093211,1.6531484486602137,0.037914047208237586,True,True,True
Fixed 2 m target,Circular 1D-CNN,2699,wedding,,0.5229162756337964,0.7639021981205856,5.9465428862861724,True,True,True
Fixed 2 m target,Circular 1D-CNN,2700,wedding,,0.7105438805539455,1.3522586756252089,4.4503852370503205,True,True,True
Fixed 2 m target,Circular 1D-CNN,2701,wedding,,0.5611792876669045,0.7127927459063509,9.619985868394885,True,True,True
Fixed 2 m target,Circular 1D-CNN,2702,wedding,,0.8119562469358146,1.5023845496890265,3.2505184887187824,True,True,True
Fixed 2 m target,Circular 1D-CNN,2703,wedding,,0.5228054799395785,0.8765715682920522,2.878080606344198,True,True,True
Fixed 2 m target,Circular 1D-CNN,2704,wedding,,0.9736196227817048,1.1846867824292182,1.5055409448860941,True,True,True
Fixed 2 m target,Circular 1D-CNN,2705,wedding,,0.17577337484047814,0.31940103635202094,1.0349492696678004,True,True,True
Fixed 2 m target,Circular 1D-CNN,2706,wedding,,0.9761425704282096,1.7043541045199715,0.5763141203250406,True,True,True
Fixed 2 m target,Circular 1D-CNN,2707,wedding,,0.5865309161210316,1.2777693814926914,2.80173379603686,True,True,True
Fixed 2 m target,Circular 1D-CNN,2708,wedding,,0.3049292611990061,0.5744895388580107,2.9398676926978387,True,True,True
Fixed 2 m target,Circular 1D-CNN,2709,wedding,,0.3855565194579755,1.2821116601705085,5.5352120571606855,True,True,True
Fixed 2 m target,Circular 1D-CNN,2710,wedding,,0.74850806261406,1.3245124048532746,3.2825035162057343,True,True,True
Fixed 2 m target,Circular 1D-CNN,2711,wedding,,0.3982020176996814,0.5091493543418875,0.3777622486158214,True,True,True
Fixed 2 m target,Circular 1D-CNN,2712,wedding,,0.19307544659424838,0.6103006475261283,5.028192413176799,True,True,True
Fixed 2 m target,Circular 1D-CNN,2713,wedding,,0.7674988754421659,1.07485004778497,3.5912218140039975,True,True,True
Fixed 2 m target,Circular 1D-CNN,2714,wedding,,1.1669789022782848,1.0296224151177498,2.3691861676428343,True,True,True
Fixed 2 m target,Circular 1D-CNN,2715,wedding,,0.7005773344343971,1.1245968708071803,0.9788398960311466,True,True,True
Fixed 2 m target,Circular 1D-CNN,2716,wedding,,0.4215506127302885,0.7727392228792381,3.122275184024988,True,True,True
Fixed 2 m target,Circular 1D-CNN,2717,wedding,,0.6575020958772301,0.8186744321961253,0.8135743633409399,True,True,True
Fixed 2 m target,Circular 1D-CNN,2718,wedding,,0.4028732824563205,0.957417892286597,3.5660825402073186,True,True,True
Fixed 2 m target,Circular 1D-CNN,2719,wedding,,0.2993147907165386,0.5280828640539694,3.4045461144017075,True,True,True
Fixed 2 m target,Circular 1D-CNN,2720,wedding,,0.30230420497370175,0.6118179651987066,1.6640153316284358,True,True,True
Fixed 2 m target,Circular 1D-CNN,2721,wedding,,0.6076211004374277,0.9703074946567058,1.8275244573299325,True,True,True
Fixed 2 m target,Circular 1D-CNN,2722,wedding,,0.5227470572750352,0.6857783376157919,2.6681480045172385,True,True,True
Fixed 2 m target,Circular 1D-CNN,2723,wedding,,1.1460147451794696,2.006471164916279,4.218713083627103,True,True,True
Fixed 2 m target,Circular 1D-CNN,2724,wedding,,1.6164396047803882,1.5298752112139118,1.9484183865041895,True,True,True
Fixed 2 m target,Circular 1D-CNN,2725,wedding,,0.6949466643545296,1.90269983010276,7.861728538936985,True,True,True
Fixed 2 m target,Circular 1D-CNN,2726,wedding,,0.5095979712310061,0.8349786987528205,4.096069527222093,True,True,True
Fixed 2 m target,Circular 1D-CNN,2727,wedding,,1.1512355287914884,1.5514837842255802,9.024890616880953,True,True,True
Fixed 2 m target,Circular 1D-CNN,2728,wedding,,0.391068364032742,0.6940093308063364,3.343151695618469,True,True,True
Fixed 2 m target,Circular 1D-CNN,2729,wedding,,0.1987178162413852,0.36246476120154963,1.3080762220881073,True,True,True
Fixed 2 m target,Circular 1D-CNN,2730,wedding,,1.205782325009706,1.476544595323503,5.0246430564939795,True,True,True
Fixed 2 m target,Circular 1D-CNN,2731,wedding,,0.257887880918883,0.4760261371094226,1.872234703455696,True,True,True
Fixed 2 m target,Circular 1D-CNN,2732,wedding,,0.3596585114806594,0.5465372141555099,3.1781704526807855,True,True,True
Fixed 2 m target,Circular 1D-CNN,2733,wedding,,0.46145340937898044,0.7889632854427944,4.96906051733178,True,True,True
Fixed 2 m target,Circular 1D-CNN,2734,wedding,,1.0728831972974564,0.8931897140296788,1.7418500380259578,True,True,True
Fixed 2 m target,Circular 1D-CNN,2735,wedding,,0.6390326664987694,1.508205832489657,14.189487768989228,True,True,True
Fixed 2 m target,Circular 1D-CNN,2736,wedding,,0.5054525283709749,0.6982662011562838,2.2273539748900837,True,True,True
Fixed 2 m target,Circular 1D-CNN,2737,wedding,,1.1807164903007368,1.5483920025155076,4.508918168896041,True,True,True
Fixed 2 m target,Circular 1D-CNN,2738,wedding,,10.66116310198738,1.598138314163945,2.755494360128677,True,True,True
Fixed 2 m target,Circular 1D-CNN,2739,wedding,,1.0756017321124678,1.5027918200939894,2.6820473072364246,True,True,True
Fixed 2 m target,Circular 1D-CNN,2740,wedding,,2.085469090711628,1.8555312376616644,2.540873397128137,True,True,True
Fixed 2 m target,Circular 1D-CNN,2741,wedding,,0.4377532249910688,0.7424489900760107,4.498156841032042,True,True,True
Fixed 2 m target,Circular 1D-CNN,2742,wedding,,0.9401763229319114,1.2160562536960708,0.05263692541775088,True,True,True
Fixed 2 m target,Circular 1D-CNN,2743,wedding,,1.3054519584690094,2.2936476055026116,4.111525186380103,True,True,True
Fixed 2 m target,Circular 1D-CNN,2744,wedding,,1.8759107347359691,2.805707522529655,3.3750604653559204,True,True,True
Fixed 2 m target,Circular 1D-CNN,2745,wedding,,0.8191090596620475,1.1214684999820193,1.444418592959052,True,True,True
Fixed 2 m target,Circular 1D-CNN,2746,wedding,,0.48798163704731534,1.0264382336200675,1.702823666579918,True,True,True
Fixed 2 m target,Circular 1D-CNN,2747,wedding,,1.5226968829095144,3.1169817748699318,2.4014281014353855,True,True,True
Fixed 2 m target,Circular 1D-CNN,2748,wedding,,0.5502960777239356,1.6597777250074977,6.529051307196503,True,True,True
Fixed 2 m target,Circular 1D-CNN,2749,wedding,,0.6639563999801926,1.029049874856458,1.7661803161296938,True,True,True
Fixed 2 m target,Circular 1D-CNN,2750,wedding,,0.1274886880298768,0.33127462526308493,0.014159054102125855,True,True,True
Fixed 2 m target,Circular 1D-CNN,2751,wedding,,0.12399881654324668,0.25310314825372476,1.2739061802737393,True,True,True
Fixed 2 m target,Circular 1D-CNN,2752,wedding,,0.41898813345517366,0.7032900927898835,1.825189223857263,True,True,True
Fixed 2 m target,Circular 1D-CNN,2753,wedding,,0.3403980679382768,0.5486455694297486,3.2216254542275067,True,True,True
Fixed 2 m target,Circular 1D-CNN,2754,wedding,,0.15539753242003998,0.48908332561293866,1.7282269698057406,True,True,True
Fixed 2 m target,Circular 1D-CNN,2755,wedding,,0.48382188290841405,0.8972092783078551,2.0019155059045683,True,True,True
Fixed 2 m target,Circular 1D-CNN,2756,wedding,,0.26259960295115653,0.35175051085157316,1.1480404375604618,True,True,True
Fixed 2 m target,Circular 1D-CNN,2757,wedding,,0.11363597257075489,0.2068298197560229,2.6286269058120078,True,True,True
Fixed 2 m target,Circular 1D-CNN,2758,wedding,,0.7452333342093413,1.3607302337564562,0.975321180893329,True,True,True
Fixed 2 m target,Circular 1D-CNN,2759,wedding,,0.4954687528941535,0.8436381986894045,3.0036979209748864,True,True,True
Fixed 2 m target,Circular 1D-CNN,2760,wedding,,0.5260901973393813,1.1534642465616236,6.677268456806348,True,True,True
Fixed 2 m target,Circular 1D-CNN,2761,wedding,,0.8280892451459982,1.6233924597108702,3.5405062352457155,True,True,True
Fixed 2 m target,Circular 1D-CNN,2762,wedding,,0.48700704773548575,0.7727136792994672,2.508355899143641,True,True,True
Fixed 2 m target,Circular 1D-CNN,2763,wedding,,0.999184165160724,1.2329235066839173,1.355126496513747,True,True,True
Fixed 2 m target,Circular 1D-CNN,2764,wedding,,0.1370998973962971,0.2190998215578628,3.754366629306195,True,True,True
Fixed 2 m target,Circular 1D-CNN,2765,wedding,,0.6826576695545813,1.019031844431156,1.7202644345887415,True,True,True
Fixed 2 m target,Circular 1D-CNN,2766,wedding,,0.3412096658353928,0.5836166018165653,4.634089191686823,True,True,True
Fixed 2 m target,Circular 1D-CNN,2767,wedding,,1.370072157892872,1.513891483419229,1.7062355596091472,True,True,True
Fixed 2 m target,Circular 1D-CNN,2768,wedding,,0.13924488640453836,0.2678965574618818,1.980384629285582,True,True,True
Fixed 2 m target,Circular 1D-CNN,2769,wedding,,0.08496632246374623,0.1325329012944621,0.8967045788936044,True,True,True
Fixed 2 m target,Circular 1D-CNN,2770,wedding,,0.12053444830066821,0.47525552710520186,0.39995179268471814,True,True,True
Fixed 2 m target,Circular 1D-CNN,2771,wedding,,2.0331593463365336,1.9067258950072337,1.4407732072642692,True,True,True
Fixed 2 m target,Circular 1D-CNN,2772,wedding,,0.37125743878126255,0.5943901674691394,0.06893265563254929,True,True,True
Fixed 2 m target,Circular 1D-CNN,2773,wedding,,0.8325597117990208,1.4800154206368237,3.915942383901557,True,True,True
Fixed 2 m target,Circular 1D-CNN,2774,wedding,,0.2667991026214005,0.5761775340028357,2.290468365018238,True,True,True
Fixed 2 m target,Circular 1D-CNN,2775,wedding,,0.9237596443825002,1.4004855589993288,5.764100914992525,True,True,True
Fixed 2 m target,Circular 1D-CNN,2776,wedding,,0.6292374079564927,0.9207651009460651,1.0349761922062604,True,True,True
Fixed 2 m target,Circular 1D-CNN,2777,wedding,,0.7243945593660485,1.2400244218859031,2.032291851965696,True,True,True
Fixed 2 m target,Circular 1D-CNN,2778,wedding,,0.6149158653422385,0.8326888287488229,0.47589625532944824,True,True,True
Fixed 2 m target,Circular 1D-CNN,2779,wedding,,0.486788270666293,0.8429344759396253,1.8086273398864328,True,True,True
Fixed 2 m target,Circular 1D-CNN,2780,wedding,,0.7312557161183393,1.284627850863263,5.001387161292835,True,True,True
Fixed 2 m target,Circular 1D-CNN,2781,wedding,,0.4276144040258069,0.8190394525699182,1.5735849064589549,True,True,True
Fixed 2 m target,Circular 1D-CNN,2782,wedding,,0.5463428301515821,1.0886040010225095,2.5159318416598078,True,True,True
Fixed 2 m target,Circular 1D-CNN,2783,wedding,,0.34400013682949926,0.5122059953938597,1.5226900695878014,True,True,True
Fixed 2 m target,Circular 1D-CNN,2784,wedding,,1.122783057997644,1.8526651748960627,5.540490167704748,True,True,True
Fixed 2 m target,Circular 1D-CNN,2785,wedding,,1.9074848021262565,2.2394469939908666,3.7104501513614783,True,True,True
Fixed 2 m target,Circular 1D-CNN,2786,wedding,,0.9668225706651601,1.243141073717344,6.419211061997158,True,True,True
Fixed 2 m target,Circular 1D-CNN,2787,wedding,,0.7477443653373665,1.1388150884982913,7.095036399530111,True,True,True
Fixed 2 m target,Circular 1D-CNN,2788,wedding,,4.169946992167599,0.9322632615607002,4.090536874870389,True,True,True
Fixed 2 m target,Circular 1D-CNN,2789,wedding,,0.7880325888016259,1.261455107280772,6.537599316787425,True,True,True
Fixed 2 m target,Circular 1D-CNN,2790,wedding,,0.8798013061271017,1.9394409824162722,7.48574139069024,True,True,True
Fixed 2 m target,Circular 1D-CNN,2791,wedding,,1.574503947395543,1.2865580472381086,0.4474849008056592,True,True,True
Fixed 2 m target,Circular 1D-CNN,2792,wedding,,0.9658693463681074,1.3000859597394954,5.99379768064067,True,True,True
Fixed 2 m target,Circular 1D-CNN,2793,wedding,,0.9079014936897053,1.1128682542790873,3.239711499423539,True,True,True
Fixed 2 m target,Circular 1D-CNN,2794,wedding,,0.5354760146324903,1.0280756879881445,4.142390901061095,True,True,True
Fixed 2 m target,Circular 1D-CNN,2795,wedding,,0.5831312262832841,0.9158451742889744,5.79852217862873,True,True,True
Fixed 2 m target,Circular 1D-CNN,2796,wedding,,0.5881749891822863,0.740504197443401,9.52907055363851,True,True,True
Fixed 2 m target,Circular 1D-CNN,2797,wedding,,1.3783484733733304,1.0116660403487756,0.51634743600355,True,True,True
Fixed 2 m target,Circular 1D-CNN,2798,wedding,,0.42684866742963995,0.714444372580872,3.034231576160952,True,True,True
Fixed 2 m target,Circular 1D-CNN,2799,wedding,,1.2095702968256674,1.354745879346158,4.690397334279893,True,True,True
Fixed 2 m target,Circular 1D-CNN,2800,wedding,,2.582124768279925,1.3915192655983692,2.3084566392452395,True,True,True
Fixed 2 m target,Circular 1D-CNN,2801,wedding,,0.9138242924696826,0.7875715947901547,0.7328191537440856,True,True,True
Fixed 2 m target,Circular 1D-CNN,2802,wedding,,0.9024628401759389,1.524355803857794,2.8373573895819137,True,True,True
Fixed 2 m target,Circular 1D-CNN,2803,wedding,,0.24488601821913863,0.31044104453886595,0.5889452424775746,True,True,True
Fixed 2 m target,Circular 1D-CNN,2804,wedding,,0.5392246456181615,1.6124206580622726,0.5883213732043946,True,True,True
Fixed 2 m target,Circular 1D-CNN,2805,wedding,,1.5257845478792773,1.6164705639981993,1.7317753712995578,True,True,True
Fixed 2 m target,Circular 1D-CNN,2806,wedding,,0.38086877750708686,0.6396096016713723,0.5189571022656091,True,True,True
Fixed 2 m target,Circular 1D-CNN,2807,wedding,,0.2502372226183789,0.6967356762412272,1.6341666686940772,True,True,True
Fixed 2 m target,Circular 1D-CNN,2808,wedding,,0.432104576016791,0.8725317923312689,3.1569893055625213,True,True,True
Fixed 2 m target,Circular 1D-CNN,2809,wedding,,0.7892044169014691,1.3370282311737567,4.289619805794364,True,True,True
Fixed 2 m target,Circular 1D-CNN,2810,wedding,,0.2488838838890641,0.3474163952628141,1.6070175990214997,True,True,True
Fixed 2 m target,Circular 1D-CNN,2811,wedding,,0.2134023201836413,0.38632813064986954,3.196683167243081,True,True,True
Fixed 2 m target,Circular 1D-CNN,2812,wedding,,0.3130539498963928,0.7027904925418863,0.848581872320148,True,True,True
Fixed 2 m target,Circular 1D-CNN,2813,wedding,,0.3713394382738923,0.6973117516611035,2.5291361630076685,True,True,True
Fixed 2 m target,Circular 1D-CNN,2814,wedding,,0.5042879809432088,1.496307697553553,1.9779410138950495,True,True,True
Fixed 2 m target,Circular 1D-CNN,2815,wedding,,0.9794387918436679,1.6186666632706956,5.253768349965986,True,True,True
Fixed 2 m target,Circular 1D-CNN,2816,wedding,,0.19856804587709173,0.32887179899797736,3.2048249005206966,True,True,True
Fixed 2 m target,Circular 1D-CNN,2817,wedding,,0.900700717576576,1.20497569673169,0.4834220772173444,True,True,True
Fixed 2 m target,Circular 1D-CNN,2818,wedding,,0.5970944459158846,1.5110960512422291,5.844672324185055,True,True,True
Fixed 2 m target,Circular 1D-CNN,2819,wedding,,0.8792471706133594,1.3896093273796115,0.4667830450590052,True,True,True
Fixed 2 m target,Circular 1D-CNN,2820,wedding,,0.25362878880815,0.5323739389084778,0.590275603790683,True,True,True
Fixed 2 m target,Circular 1D-CNN,2821,wedding,,0.9705799328419074,0.7782601790552994,0.6102975099295183,True,True,True
Fixed 2 m target,Circular 1D-CNN,2822,wedding,,0.6608719206292166,1.0316385676342001,0.7732041016489807,True,True,True
Fixed 2 m target,Circular 1D-CNN,2823,wedding,,1.2647726776681882,1.3415307996882155,4.390707734972949,True,True,True
Fixed 2 m target,Circular 1D-CNN,2824,wedding,,0.6054716638634536,0.9127159157926625,2.328434236343962,True,True,True
Fixed 2 m target,Circular 1D-CNN,2825,wedding,,1.3139796446264296,1.3169818159339663,0.19188611390918398,True,True,True
Fixed 2 m target,Circular 1D-CNN,2826,wedding,,0.43504338263320025,0.9076342226138298,4.491145980941532,True,True,True
Fixed 2 m target,Circular 1D-CNN,2827,wedding,,0.9985934528513079,1.3667606256426192,2.345996879796267,True,True,True
Fixed 2 m target,Circular 1D-CNN,2828,wedding,,0.8127134867716529,0.8997070199092885,1.065177752185103,True,True,True
Fixed 2 m target,Circular 1D-CNN,2829,wedding,,0.993493141569802,1.154338802709257,1.8405379496118441,True,True,True
Fixed 2 m target,Circular 1D-CNN,2830,wedding,,0.3770867439369843,0.5892103047866724,2.6854206106765863,True,True,True
Fixed 2 m target,Circular 1D-CNN,2831,wedding,,0.6941309287522406,1.1517400883174405,5.62166677992505,True,True,True
Fixed 2 m target,Circular 1D-CNN,2832,wedding,,1.9088266826349458,1.9196805125388137,6.663898230139561,True,True,True
Fixed 2 m target,Circular 1D-CNN,2833,wedding,,1.6951719496258173,1.3289429347548605,1.0654263027927402,True,True,True
Fixed 2 m target,Circular 1D-CNN,2834,wedding,,1.996773139579398,1.4785427239148692,2.446887056524861,True,True,True
Fixed 2 m target,Circular 1D-CNN,2835,wedding,,0.19075617737990447,0.39288519953597084,2.237904793796301,True,True,True
Fixed 2 m target,Circular 1D-CNN,2836,wedding,,0.34896195419770937,0.708445810651432,0.48592279534790533,True,True,True
Fixed 2 m target,Circular 1D-CNN,2837,wedding,,0.5983432670194165,0.6764093110200998,2.714654576331873,True,True,True
Fixed 2 m target,Circular 1D-CNN,2838,wedding,,1.0940237175049845,1.8351101213309902,6.1478839630378035,True,True,True
Fixed 2 m target,Circular 1D-CNN,2839,wedding,,1.19236672285599,1.781195166727095,2.0380739697490062,True,True,True
Fixed 2 m target,Circular 1D-CNN,2840,wedding,,1.0087704138386941,1.5230211487426986,7.03006850572156,True,True,True
Fixed 2 m target,Circular 1D-CNN,2841,wedding,,0.8845849807626286,1.5097358398716574,0.16323758557510853,True,True,True
Fixed 2 m target,Circular 1D-CNN,2842,wedding,,0.621986825710877,0.9997733887004899,0.39798917616338714,True,True,True
Fixed 2 m target,Circular 1D-CNN,2843,wedding,,0.931193693072085,1.1846123182210742,5.01994852906516,True,True,True
Fixed 2 m target,Circular 1D-CNN,2844,wedding,,0.42796834043565873,1.0296719912776437,5.190211073792826,True,True,True
Fixed 2 m target,Circular 1D-CNN,2845,wedding,,0.3521808301858368,0.7991415033364735,1.35838096580741,True,True,True
Fixed 2 m target,Circular 1D-CNN,2846,wedding,,1.1390088384329167,1.5587699089053757,2.8996792623388017,True,True,True
Fixed 2 m target,Circular 1D-CNN,2847,wedding,,0.7715773954302689,0.9522481414216365,3.5910318101183516,True,True,True
Fixed 2 m target,Circular 1D-CNN,2848,wedding,,0.6549582180126661,0.7152668957222089,0.6274010279783732,True,True,True
Fixed 2 m target,Circular 1D-CNN,2849,wedding,,1.1876794819497634,1.7415511288054975,7.3720390597310645,True,True,True
Fixed 2 m target,Circular 1D-CNN,2850,wedding,,0.7117525626919833,0.6431767825681324,0.3216774944708623,True,True,True
Fixed 2 m target,Circular 1D-CNN,2851,wedding,,0.8135008003907668,1.7191669323327539,3.7410897442111244,True,True,True
Fixed 2 m target,Circular 1D-CNN,2852,wedding,,0.2780041284598293,0.3540397615262966,2.810924945677773,True,True,True
Fixed 2 m target,Circular 1D-CNN,2853,wedding,,0.43043097767983735,1.0463815175041227,0.9386887703500583,True,True,True
Fixed 2 m target,Circular 1D-CNN,2854,wedding,,4.113508191681568,1.7807537631113872,1.0001488057877717,True,True,True
Fixed 2 m target,Circular 1D-CNN,2855,wedding,,0.8693739090475331,0.7682997006672996,0.809153708903422,True,True,True
Fixed 2 m target,Circular 1D-CNN,2856,wedding,,0.999239680207805,1.4027054385824231,0.7279131980958314,True,True,True
Fixed 2 m target,Circular 1D-CNN,2857,wedding,,1.6842023068295844,1.057709547586144,1.4726995618024312,True,True,True
Fixed 2 m target,Circular 1D-CNN,2858,wedding,,0.6151499964754368,0.9222126282870243,1.8830092808965742,True,True,True
Fixed 2 m target,Circular 1D-CNN,2859,wedding,,0.5037719337539736,1.143551927352882,4.973120677467312,True,True,True
Fixed 2 m target,Circular 1D-CNN,2860,wedding,,1.1712051966702035,1.5511209950864955,2.2232920383586254,True,True,True
Fixed 2 m target,Circular 1D-CNN,2861,wedding,,0.9725311342355496,1.7609291046884412,1.8813828819706335,True,True,True
Fixed 2 m target,Circular 1D-CNN,2862,wedding,,0.7449896027567776,0.8994483566843007,0.47308115336986395,True,True,True
Fixed 2 m target,Circular 1D-CNN,2863,wedding,,0.4222333923560105,0.718589999159247,1.871056200344732,True,True,True
Fixed 2 m target,Circular 1D-CNN,2864,wedding,,0.8068891251370016,1.1852482103272286,0.40714682136084024,True,True,True
Fixed 2 m target,Circular 1D-CNN,2865,wedding,,0.9719821921150399,1.4034539073274532,3.2108789626480316,True,True,True
Fixed 2 m target,Circular 1D-CNN,2866,wedding,,1.1156244073337453,1.3994810907261346,4.9208345340839355,True,True,True
Fixed 2 m target,Circular 1D-CNN,2867,wedding,,0.9698439499301285,1.5008524630621771,0.0298146707587528,True,True,True
Fixed 2 m target,Circular 1D-CNN,2868,wedding,,0.7977617779721974,1.4643312364717505,1.2294650411597143,True,True,True
Fixed 2 m target,Circular 1D-CNN,2869,wedding,,1.2503283512472974,1.3812207632320066,1.6651114683484944,True,True,True
Fixed 2 m target,Circular 1D-CNN,2870,wedding,,0.9664121366308902,1.606627909773698,2.3093935103455725,True,True,True
Fixed 2 m target,Circular 1D-CNN,2871,wedding,,3.0939031967708006,1.641823130300798,9.365092206580382,True,True,True
Fixed 2 m target,Circular 1D-CNN,2872,wedding,,0.5060312518638073,0.8721311133904447,1.2751559517882733,True,True,True
Fixed 2 m target,Circular 1D-CNN,2873,wedding,,0.47373617997616274,0.6692997947163163,1.7131275882916064,True,True,True
Fixed 2 m target,Circular 1D-CNN,2874,wedding,,0.24144090057910564,0.4358976627105105,0.6866718124201023,True,True,True
Fixed 2 m target,Circular 1D-CNN,2875,wedding,,0.11398773238304241,0.23426204324654643,1.273249694443914,True,True,True
Fixed 2 m target,Circular 1D-CNN,2876,wedding,,0.9394533038745184,1.8151222835034468,4.441642281680558,True,True,True
Fixed 2 m target,Circular 1D-CNN,2877,wedding,,0.2722572228409096,0.5267315205703057,0.5891982945770675,True,True,True
Fixed 2 m target,Circular 1D-CNN,2878,wedding,,0.7520913455519319,1.1308558480443704,0.6211075314773286,True,True,True
Fixed 2 m target,Circular 1D-CNN,2879,wedding,,0.7769875943803494,1.364928346258796,0.16904419351150887,True,True,True
Fixed 2 m target,Circular 1D-CNN,2880,wedding,,0.5645981105959624,0.7254632788083482,1.2576062427825914,True,True,True
Fixed 2 m target,Circular 1D-CNN,2881,wedding,,0.5682082447613768,1.022451790391681,3.458602963839231,True,True,True
Fixed 2 m target,Circular 1D-CNN,2882,wedding,,0.8356259172978258,1.6290352022675139,3.569803106803841,True,True,True
Fixed 2 m target,Circular 1D-CNN,2883,wedding,,0.5087596612835602,0.6454325004902665,0.6581955115500439,True,True,True
Fixed 2 m target,Circular 1D-CNN,2884,wedding,,0.2657214172366487,0.8962774511827535,3.4972641196138423,True,True,True
Fixed 2 m target,Circular 1D-CNN,2885,wedding,,0.3692365844263553,0.7253351539194699,5.074344183891634,True,True,True
Fixed 2 m target,Circular 1D-CNN,2886,wedding,,0.3287409168181737,0.6462733775338371,2.864001019723662,True,True,True
Fixed 2 m target,Circular 1D-CNN,2887,wedding,,1.011941357662477,0.8606681680020236,3.11221807829425,True,True,True
Fixed 2 m target,Circular 1D-CNN,2888,wedding,,0.9707839168068444,1.4482335057392954,3.5226674639554227,True,True,True
Fixed 2 m target,Circular 1D-CNN,2889,wedding,,2.503595845367298,3.994847755473377,8.271893538887259,True,True,True
Fixed 2 m target,Circular 1D-CNN,2890,wedding,,0.9800987519263714,1.4617704189501266,0.48981762986661576,True,True,True
Fixed 2 m target,Circular 1D-CNN,2891,wedding,,1.8179259815489717,1.5205703536047368,0.8589739153119589,True,True,True
Fixed 2 m target,Circular 1D-CNN,2892,wedding,,0.790559253305516,1.5095607424986208,2.4435930297383424,True,True,True
Fixed 2 m target,Circular 1D-CNN,2893,wedding,,0.7548007169330881,1.7456546202137309,3.1324297766840634,True,True,True
Fixed 2 m target,Circular 1D-CNN,2894,wedding,,0.7704018931701975,1.0866876467285091,0.9843717917963216,True,True,True
Fixed 2 m target,Circular 1D-CNN,2895,wedding,,0.7923422612243697,1.251431035855003,4.3850688986045,True,True,True
Fixed 2 m target,Circular 1D-CNN,2896,wedding,,0.5697748022999314,0.9694228935612226,0.8924086089604513,True,True,True
Fixed 2 m target,Circular 1D-CNN,2897,wedding,,0.875263205545482,1.258744013169775,0.453226677254036,True,True,True
Fixed 2 m target,Circular 1D-CNN,2898,wedding,,1.2210641719942097,1.6647023825337253,4.256644776105514,True,True,True
Fixed 2 m target,Circular 1D-CNN,2899,wedding,,0.9720868606352377,1.5904967156557646,7.607315752382066,True,True,True
Fixed 2 m target,Circular 1D-CNN,2900,wedding,,0.5174942099586306,0.7684611853927619,2.3671768309767005,True,True,True
Fixed 2 m target,Circular 1D-CNN,2901,wedding,,0.6453524361418502,1.2511678735766787,3.3952402042428784,True,True,True
Fixed 2 m target,Circular 1D-CNN,2902,wedding,,0.6610651426436573,1.4800683744251728,1.7711902122933134,True,True,True
Fixed 2 m target,Circular 1D-CNN,2903,wedding,,1.100808235897627,1.4973315835033076,2.0783994266681574,True,True,True
Fixed 2 m target,Circular 1D-CNN,2904,wedding,,0.42204764471189593,1.2133245348648751,1.144970167775415,True,True,True
Fixed 2 m target,Circular 1D-CNN,2905,wedding,,0.5209757941572233,0.7821388913225562,2.475333523328129,True,True,True
Fixed 2 m target,Circular 1D-CNN,2906,wedding,,0.7096894553830285,0.989202423148955,4.96140069118044,True,True,True
Fixed 2 m target,Circular 1D-CNN,2907,wedding,,1.309791768579344,1.3948172916417036,2.70064564233759,True,True,True
Fixed 2 m target,Circular 1D-CNN,2908,wedding,,2.7113943139066587,1.1545676455782856,2.6659419725335436,True,True,True
Fixed 2 m target,Circular 1D-CNN,2909,wedding,,1.0417386740111754,1.3797916360199451,4.1932805225538266,True,True,True
Fixed 2 m target,Circular 1D-CNN,2910,wedding,,1.0667467606467333,1.405634463848209,2.8018950928071673,True,True,True
Fixed 2 m target,Circular 1D-CNN,2911,wedding,,0.9880220291639935,1.5322542243112103,4.488857802373849,True,True,True
Fixed 2 m target,Circular 1D-CNN,2912,wedding,,0.7042546062896337,1.105535321869752,0.08786220013634957,True,True,True
Fixed 2 m target,Circular 1D-CNN,2913,wedding,,0.7226254310548714,1.1520760556429204,8.210725548883902,True,True,True
Fixed 2 m target,Circular 1D-CNN,2914,wedding,,0.19696872759787695,0.5269214711500846,1.2747658817986454,True,True,True
Fixed 2 m target,Circular 1D-CNN,2915,wedding,,0.8688143639057071,1.3100292675909586,4.845454096026927,True,True,True
Fixed 2 m target,Circular 1D-CNN,2916,wedding,,0.6346559170316635,0.6479495769569018,3.965039697874057,True,True,True
Fixed 2 m target,Circular 1D-CNN,2917,wedding,,0.6151225559672078,1.5753643934328394,5.6901274591869635,True,True,True
Fixed 2 m target,Circular 1D-CNN,2918,wedding,,0.8494176443312534,1.6553770829123606,6.233662411702365,True,True,True
Fixed 2 m target,Circular 1D-CNN,2919,wedding,,0.29554986133372874,0.5823227779453729,2.9703003541828394,True,True,True
Fixed 2 m target,Circular 1D-CNN,2920,wedding,,0.5918075608127052,1.2134511476658694,2.7961517156599727,True,True,True
Fixed 2 m target,Circular 1D-CNN,2921,wedding,,0.4666032052572581,1.0316415822205431,2.6005682939185712,True,True,True
Fixed 2 m target,Circular 1D-CNN,2922,wedding,,1.297522725290534,1.9790574903932032,5.572583364860272,True,True,True
Fixed 2 m target,Circular 1D-CNN,2923,wedding,,0.6359467935156996,1.0002093641472243,1.470119140657517,True,True,True
Fixed 2 m target,Circular 1D-CNN,2924,wedding,,0.6398129850324903,0.6112090954557061,6.470225001251953,True,True,True
Fixed 2 m target,Circular 1D-CNN,2925,wedding,,0.5065360171693933,0.8017857267392218,1.135623220041506,True,True,True
Fixed 2 m target,Circular 1D-CNN,2926,wedding,,0.4559806208452549,0.6864276606282116,3.1879544349456146,True,True,True
Fixed 2 m target,Circular 1D-CNN,2927,wedding,,0.9004355089164412,1.4998936888819048,4.767744087810497,True,True,True
Fixed 2 m target,Circular 1D-CNN,2928,wedding,,0.48438975475906737,0.624965897007639,2.208088536791435,True,True,True
Fixed 2 m target,Circular 1D-CNN,2929,wedding,,1.2346367342790758,0.9943054858595133,1.6929955781307546,True,True,True
Fixed 2 m target,Circular 1D-CNN,2930,wedding,,9.822520851660096,1.7254157725846084,10.998473114958863,True,True,True
Fixed 2 m target,Circular 1D-CNN,2931,wedding,,0.7706501686924849,0.7653465028852224,2.884761641261376,True,True,True
Fixed 2 m target,Circular 1D-CNN,2932,wedding,,1.076176217368052,1.5116321966052055,0.7618031837257893,True,True,True
Fixed 2 m target,Circular 1D-CNN,2933,wedding,,0.45878364407630473,0.7159585114169448,5.286403603122373,True,True,True
Fixed 2 m target,Circular 1D-CNN,2934,wedding,,0.6466467198900308,0.6969026542329493,3.210565243438842,True,True,True
Fixed 2 m target,Circular 1D-CNN,2935,wedding,,0.772587259100826,1.482251187757718,0.03845492294292348,True,True,True
Fixed 2 m target,Circular 1D-CNN,2936,wedding,,1.0998197616239904,1.2313911461493576,0.19967139724660618,True,True,True
Fixed 2 m target,Circular 1D-CNN,2937,wedding,,0.33726851986124023,0.5608971995561498,2.3072942041313564,True,True,True
Fixed 2 m target,Circular 1D-CNN,2938,wedding,,1.160324592964507,1.7366430659883891,3.7174185961529873,True,True,True
Fixed 2 m target,Circular 1D-CNN,2939,wedding,,0.3531481602901533,0.5525704529136419,1.5724519424123502,True,True,True
Fixed 2 m target,Circular 1D-CNN,2940,wedding,,7.769939798807215,1.4358711754903197,2.6930652714984866,True,True,True
Fixed 2 m target,Circular 1D-CNN,2941,wedding,,3.7910040004136527,1.1177887920803773,2.715757448099548,True,True,True
Fixed 2 m target,Circular 1D-CNN,2942,wedding,,0.258802574731006,0.4820635357297861,1.2952089858893039,True,True,True
Fixed 2 m target,Circular 1D-CNN,2943,wedding,,7.610214773405663,0.9074366362765431,2.021624594629185,True,True,True
Fixed 2 m target,Circular 1D-CNN,2944,wedding,,0.3178260076733213,0.5301569192500569,0.6874506356599118,True,True,True
Fixed 2 m target,Circular 1D-CNN,2945,wedding,,0.31990538310962946,0.5166812837123871,1.080512732703997,True,True,True
Fixed 2 m target,Circular 1D-CNN,2946,wedding,,0.4701364747133903,0.703066950142447,0.047526543433248164,True,True,True
Fixed 2 m target,Circular 1D-CNN,2947,wedding,,1.0590050336834886,1.8839946039487985,8.359940849319411,True,True,True
Fixed 2 m target,Circular 1D-CNN,2948,wedding,,0.6490282401078481,1.9242394021358007,0.8649191119165037,True,True,True
Fixed 2 m target,Circular 1D-CNN,2949,wedding,,0.7302839479053114,1.3409082239979404,1.8733602105465017,True,True,True
Fixed 2 m target,Circular 1D-CNN,2950,wedding,,0.6353327899878444,1.088383729406605,1.4551555878790565,True,True,True
Fixed 2 m target,Circular 1D-CNN,2951,wedding,,1.1294178560643628,1.682723703702745,5.028284921633752,True,True,True
Fixed 2 m target,Circular 1D-CNN,2952,wedding,,0.9302235931399616,0.9502174438124223,3.730782831790281,True,True,True
Fixed 2 m target,Circular 1D-CNN,2953,wedding,,0.9275361075548354,1.5000970566645266,3.186533333093905,True,True,True
Fixed 2 m target,Circular 1D-CNN,2954,wedding,,0.17105725139461345,0.46248652692884207,1.607897847416708,True,True,True
Fixed 2 m target,Circular 1D-CNN,2955,wedding,,0.12136750645114025,0.21375232480338896,1.144355255689421,True,True,True
Fixed 2 m target,Circular 1D-CNN,2956,wedding,,1.0430815782902274,1.5178103791549802,1.825526232317984,True,True,True
Fixed 2 m target,Circular 1D-CNN,2957,wedding,,0.3822783734649378,0.5828443296201244,0.3488091418265406,True,True,True
Fixed 2 m target,Circular 1D-CNN,2958,wedding,,0.28374864036610503,0.48968209605664015,1.5246679998840182,True,True,True
Fixed 2 m target,Circular 1D-CNN,2959,wedding,,0.5284142936766982,1.2690886751697918,3.579077502776474,True,True,True
Fixed 2 m target,Circular 1D-CNN,2960,wedding,,0.45488637112778924,0.5430576970928016,1.979763977044028,True,True,True
Fixed 2 m target,Circular 1D-CNN,2961,wedding,,0.3989135852521316,0.41451649786028283,2.1718343892130587,True,True,True
Fixed 2 m target,Circular 1D-CNN,2962,wedding,,0.44952088776618565,0.5294438630400184,1.845003366634028,True,True,True
Fixed 2 m target,Circular 1D-CNN,2963,wedding,,0.4654715229068346,0.7814204115031242,5.852771802472664,True,True,True
Fixed 2 m target,Circular 1D-CNN,2964,wedding,,1.4217926612080263,1.557353436362424,3.4626663819545924,True,True,True
Fixed 2 m target,Circular 1D-CNN,2965,wedding,,0.19367542215955624,0.3627579656953357,2.369874787799732,True,True,True
Fixed 2 m target,Circular 1D-CNN,2966,wedding,,0.8824754946206986,1.3181512020528372,3.3569881985562406,True,True,True
Fixed 2 m target,Circular 1D-CNN,2967,wedding,,0.5242328256482952,0.7224736026205888,0.7721382370052504,True,True,True
Fixed 2 m target,Circular 1D-CNN,2968,wedding,,6.547960166967294,1.363953806000171,5.928995984535863,True,True,True
Fixed 2 m target,Circular 1D-CNN,2969,wedding,,0.6902558727197432,0.656364468825392,0.8405423345083886,True,True,True
Fixed 2 m target,Circular 1D-CNN,2970,wedding,,0.41430928484489316,0.7609611907612,3.082922262013065,True,True,True
Fixed 2 m target,Circular 1D-CNN,2971,wedding,,0.5533805345109889,0.8422646175895867,4.5147861059931165,True,True,True
Fixed 2 m target,Circular 1D-CNN,2972,wedding,,0.3995764532608524,0.6403699921548417,0.4129959599630366,True,True,True
Fixed 2 m target,Circular 1D-CNN,2973,wedding,,1.1260401570418983,1.606284881028349,6.2296201252264645,True,True,True
Fixed 2 m target,Circular 1D-CNN,2974,wedding,,1.0892777660345965,1.172610189207926,4.982878874747619,True,True,True
Fixed 2 m target,Circular 1D-CNN,2975,wedding,,1.9615827215944373,2.560731014236808,8.24859181622022,True,True,True
Fixed 2 m target,Circular 1D-CNN,2976,wedding,,2.327282596120773,1.4512074683346172,3.3541651098413934,True,True,True
Fixed 2 m target,Circular 1D-CNN,2977,wedding,,6.8804901669065375,1.0215183515101671,1.0926450560711942,True,True,True
Fixed 2 m target,Circular 1D-CNN,2978,wedding,,0.28989684060367,0.5263260790523815,0.34546705161882346,True,True,True
Fixed 2 m target,Circular 1D-CNN,2979,wedding,,0.6260699410669593,1.1906896672571494,0.8247969982209021,True,True,True
Fixed 2 m target,Circular 1D-CNN,2980,wedding,,0.22904623143694375,0.4415550480105738,3.9246752884088973,True,True,True
Fixed 2 m target,Circular 1D-CNN,2981,wedding,,0.7363336434539334,1.2980015855016398,4.411323227255047,True,True,True
Fixed 2 m target,Circular 1D-CNN,2982,wedding,,1.0557714877228859,1.3255666762063154,5.556491726038701,True,True,True
Fixed 2 m target,Circular 1D-CNN,2983,wedding,,1.1316020726693112,1.5140046498347697,9.040381879802315,True,True,True
Fixed 2 m target,Circular 1D-CNN,2984,wedding,,3.4123497109234515,1.5052515288042845,2.446237467245325,True,True,True
Fixed 2 m target,Circular 1D-CNN,2985,wedding,,2.8748720208925405,4.551717965359683,8.409329693454241,True,True,True
Fixed 2 m target,Circular 1D-CNN,2986,wedding,,1.0122624429036438,1.85346454231184,5.383210806228203,True,True,True
Fixed 2 m target,Circular 1D-CNN,2987,wedding,,0.689315930328554,1.4995310176163912,2.535259024472359,True,True,True
Fixed 2 m target,Circular 1D-CNN,2988,wedding,,0.5033087950851544,0.47816306218491406,2.246971153285949,True,True,True
Fixed 2 m target,Circular 1D-CNN,2989,wedding,,0.523108751077361,0.6440480676499022,1.7003179680587035,True,True,True
Fixed 2 m target,Circular 1D-CNN,2990,wedding,,0.15141989807009618,0.22399024347925608,1.9923478966528054,True,True,True
Fixed 2 m target,Circular 1D-CNN,2991,wedding,,0.18899612478273836,0.5046818629850061,1.5040056196988825,True,True,True
Fixed 2 m target,Circular 1D-CNN,2992,wedding,,0.5197574486313113,0.7816445646416345,2.774649518497689,True,True,True
Fixed 2 m target,Circular 1D-CNN,2993,wedding,,0.18756919729042693,0.344685452398381,1.1543426808170598,True,True,True
Fixed 2 m target,Circular 1D-CNN,2994,wedding,,1.8515402519726913,1.406144896577407,2.391898200136355,True,True,True
Fixed 2 m target,Circular 1D-CNN,2995,wedding,,0.5732825362886408,0.7044006388654601,4.303890983264852,True,True,True
Fixed 2 m target,Circular 1D-CNN,2996,wedding,,0.8574431953400954,1.3416716597817158,5.556748255301422,True,True,True
Fixed 2 m target,Circular 1D-CNN,2997,wedding,,0.7415709237503093,1.1202916558487817,4.711100766728468,True,True,True
Fixed 2 m target,Circular 1D-CNN,2998,wedding,,0.5383625711953769,0.9707933274069879,2.6732541010490927,True,True,True
Fixed 2 m target,Circular 1D-CNN,2999,wedding,,0.40925906145721636,0.8231986559917157,1.2118712490942012,True,True,True
Fixed 2 m target,Circular 1D-CNN,3000,wedding,,0.44341563990514254,0.836452491503268,1.3765447795888592,True,True,True
Fixed 2 m target,Circular 1D-CNN,3001,wedding,,0.7423222237448307,1.0988429594811617,0.9997974593713407,True,True,True
Fixed 2 m target,Circular 1D-CNN,3002,wedding,,0.8626159172889872,1.9563940344378352,3.7141997591674745,True,True,True
Fixed 2 m target,Circular 1D-CNN,3003,wedding,,0.34533087215055924,0.9304071567633141,0.25717726389056433,True,True,True
Fixed 2 m target,Circular 1D-CNN,3004,wedding,,2.018964374123364,1.8740864754562379,3.1878699372871,True,True,True
Fixed 2 m target,Circular 1D-CNN,3005,wedding,,1.1079414471962152,1.768835967042016,6.491030448953071,True,True,True
Fixed 2 m target,Circular 1D-CNN,3006,wedding,,0.3458313354315427,0.5952157101247293,2.179424761033729,True,True,True
Fixed 2 m target,Circular 1D-CNN,3007,wedding,,1.759832043017785,2.004644008968185,5.651480492975251,True,True,True
Fixed 2 m target,Circular 1D-CNN,3008,wedding,,0.9059316850925528,1.5871746870767875,5.116932558481434,True,True,True
Fixed 2 m target,Circular 1D-CNN,3009,wedding,,0.27253162461508734,0.6629849441524682,3.363199338659289,True,True,True
Fixed 2 m target,Circular 1D-CNN,3010,wedding,,1.3980175161889328,1.5600579058378663,0.4261111472435188,True,True,True
Fixed 2 m target,Circular 1D-CNN,3011,wedding,,0.885625400880243,1.3912503697533278,3.779011065315438,True,True,True
Fixed 2 m target,Circular 1D-CNN,3012,wedding,,1.5355981291584517,1.6650147797990937,4.7988127869429755,True,True,True
Fixed 2 m target,Circular 1D-CNN,3013,wedding,,1.1550873986093926,1.547399523528669,3.69884989068245,True,True,True
Fixed 2 m target,Circular 1D-CNN,3014,wedding,,0.8279649279238309,1.3177853348822612,3.7004192779721174,True,True,True
Fixed 2 m target,Circular 1D-CNN,3015,wedding,,0.8915528708013711,1.3274210754741596,3.1960086720056284,True,True,True
Fixed 2 m target,Circular 1D-CNN,3016,wedding,,0.8618414194577082,1.2955980091934478,5.674422476812816,True,True,True
Fixed 2 m target,Circular 1D-CNN,3017,wedding,,1.767627408279257,1.568825616480002,3.3654633546963395,True,True,True
Fixed 2 m target,Circular 1D-CNN,3018,wedding,,2.492087473014285,1.6080457973979547,2.284646763779429,True,True,True
Fixed 2 m target,Circular 1D-CNN,3019,wedding,,0.5632909201828881,1.6597423168923044,0.7269138785159251,True,True,True
Fixed 2 m target,Circular 1D-CNN,3020,wedding,,0.7648532034482339,1.62888219077826,6.557796308586688,True,True,True
Fixed 2 m target,Circular 1D-CNN,3021,wedding,,0.14817733936750718,0.21736855211377396,4.088345363290311,True,True,True
Fixed 2 m target,Circular 1D-CNN,3022,wedding,,0.602903866719005,1.0967638073323307,3.328949738090001,True,True,True
Fixed 2 m target,Circular 1D-CNN,3023,wedding,,0.43741073135274566,0.8209290930232187,2.8577124071388793,True,True,True
Fixed 2 m target,Circular 1D-CNN,3024,wedding,,0.3276151849047486,0.6505023118626382,2.2800568921163675,True,True,True
Fixed 2 m target,Circular 1D-CNN,3025,wedding,,0.2784438938925556,0.6765482471110434,1.7311153347457482,True,True,True
Fixed 2 m target,Circular 1D-CNN,3026,wedding,,3.420218278751145,1.527831900920745,3.2367787168153868,True,True,True
Fixed 2 m target,Circular 1D-CNN,3027,wedding,,0.7082382585692923,0.9060573158785701,2.625343063493978,True,True,True
Fixed 2 m target,Circular 1D-CNN,3028,wedding,,0.8369201027248351,1.4796413835138083,3.685417367009208,True,True,True
Fixed 2 m target,Circular 1D-CNN,3029,wedding,,0.4742335732636635,0.9585558356879891,6.964990144388354,True,True,True
Fixed 2 m target,Circular 1D-CNN,3030,wedding,,1.1096068718537684,1.108436330734363,3.840835068090799,True,True,True
Fixed 2 m target,Circular 1D-CNN,3031,wedding,,0.8039401819708446,0.8835734376395162,3.199740663614138,True,True,True
Fixed 2 m target,Circular 1D-CNN,3032,wedding,,0.3240983097400642,0.5042729943532019,3.414673491442661,True,True,True
Fixed 2 m target,Circular 1D-CNN,3033,wedding,,0.9731801250140952,2.169671931762417,9.956395781011414,True,True,True
Fixed 2 m target,Circular 1D-CNN,3034,wedding,,1.054593117639179,1.6013070475823918,3.6674830304621846,True,True,True
Fixed 2 m target,Circular 1D-CNN,3035,wedding,,0.7790439356465311,1.2632018940964422,7.124236232438625,True,True,True
Fixed 2 m target,Circular 1D-CNN,3036,wedding,,0.7882377514425435,1.0850209087849976,3.162379939770403,True,True,True
Fixed 2 m target,Circular 1D-CNN,3037,wedding,,0.3452466016364414,0.45583560078585533,1.8273147669873404,True,True,True
Fixed 2 m target,Circular 1D-CNN,3038,wedding,,0.7798754945726912,0.961332899179798,2.3839186582633296,True,True,True
Fixed 2 m target,Circular 1D-CNN,3039,wedding,,0.600674017816927,1.1130148602307421,1.3049012865914187,True,True,True
Fixed 2 m target,Circular 1D-CNN,3040,wedding,,0.7366287471161606,1.2543915244886072,7.652968161336307,True,True,True
Fixed 2 m target,Circular 1D-CNN,3041,wedding,,0.5000243036467097,0.6691073068108855,2.1000433411108124,True,True,True
Fixed 2 m target,Circular 1D-CNN,3042,wedding,,0.22451935664907394,0.5053244671172119,1.5549493271153543,True,True,True
Fixed 2 m target,Circular 1D-CNN,3043,wedding,,1.0996628415292609,1.5162643725052476,4.501168983905913,True,True,True
Fixed 2 m target,Circular 1D-CNN,3044,wedding,,0.28350266024035303,0.46194731909781694,0.9954664419589676,True,True,True
Fixed 2 m target,Circular 1D-CNN,3045,wedding,,0.342214640374975,0.6159785082220519,6.105850138978908,True,True,True
Fixed 2 m target,Circular 1D-CNN,3046,wedding,,0.6147252633826423,0.9366466530980316,1.9904195906091067,True,True,True
Fixed 2 m target,Circular 1D-CNN,3047,wedding,,0.18634547323664255,0.3093294153388523,1.2470095403523795,True,True,True
Fixed 2 m target,Circular 1D-CNN,3048,wedding,,0.7756355899755191,1.608847360656081,5.452290648222168,True,True,True
Fixed 2 m target,Circular 1D-CNN,3049,wedding,,1.9925124770505904,1.6713808267671617,6.15874203068344,True,True,True
Fixed 2 m target,Circular 1D-CNN,3050,wedding,,0.14555194621780662,0.24967271246346096,2.091730295740507,True,True,True
Fixed 2 m target,Circular 1D-CNN,3051,wedding,,0.8858453839796989,1.6873995711274143,3.9012321327533677,True,True,True
Fixed 2 m target,Circular 1D-CNN,3052,wedding,,6.761730149466295,1.3718316481888495,1.1178819314157555,True,True,True
Fixed 2 m target,Circular 1D-CNN,3053,wedding,,0.3413325591017687,0.5270017497700268,1.6973056057876166,True,True,True
Fixed 2 m target,Circular 1D-CNN,3054,wedding,,0.400588261102135,0.9422882350628802,2.3344991264386663,True,True,True
Fixed 2 m target,Circular 1D-CNN,3055,wedding,,0.4461048248845087,0.7094792739578986,1.9300725213723349,True,True,True
Fixed 2 m target,Circular 1D-CNN,3056,wedding,,0.28955977360152685,0.4947102866663381,1.7487900359613828,True,True,True
Fixed 2 m target,Circular 1D-CNN,3057,wedding,,0.3459911160516727,0.5449598100555128,2.3274990044547845,True,True,True
Fixed 2 m target,Circular 1D-CNN,3058,wedding,,0.4554375804456379,0.7475358480715278,3.254282616072134,True,True,True
Fixed 2 m target,Circular 1D-CNN,3059,wedding,,0.26922924940723314,0.556815364178933,2.0961202222223654,True,True,True
Fixed 2 m target,Circular 1D-CNN,3060,wedding,,0.23854514899195933,0.5271217411212443,1.2792620091927018,True,True,True
Fixed 2 m target,Circular 1D-CNN,3061,wedding,,7.121285198326308,1.5813573815197866,4.091822223089265,True,True,True
Fixed 2 m target,Circular 1D-CNN,3062,wedding,,0.6589427632046106,0.7355770586062329,6.256399774605387,True,True,True
Fixed 2 m target,Circular 1D-CNN,3063,wedding,,0.47635758485102603,1.3817058368487132,5.467563346060632,True,True,True
Fixed 2 m target,Circular 1D-CNN,3064,wedding,,0.3673644589585983,0.6893116550958913,2.539585291690761,True,True,True
Fixed 2 m target,Circular 1D-CNN,3065,wedding,,1.0674468792790055,1.8219368963118185,9.092275045991107,True,True,True
Fixed 2 m target,Circular 1D-CNN,3066,wedding,,0.660615441418724,1.101902049244286,3.6616052375788812,True,True,True
Fixed 2 m target,Circular 1D-CNN,3067,wedding,,1.6794212655950949,1.8920126716360335,6.131585305192879,True,True,True
Fixed 2 m target,Circular 1D-CNN,3068,wedding,,0.9580075723424905,1.830079241576272,1.5520016530551688,True,True,True
Fixed 2 m target,Circular 1D-CNN,3069,wedding,,1.1177587894190313,1.0823426327322534,6.090064379877457,True,True,True
Fixed 2 m target,Circular 1D-CNN,3070,wedding,,1.151966572419624,1.7436937886571027,4.597441630583766,True,True,True
Fixed 2 m target,Circular 1D-CNN,3071,wedding,,0.25202626356431795,0.4052130255966923,2.6600161385102643,True,True,True
Fixed 2 m target,Circular 1D-CNN,3072,wedding,,0.5424085726178112,0.9905301186011843,5.141702937620671,True,True,True
Fixed 2 m target,Circular 1D-CNN,3073,wedding,,0.09202895107813847,0.15949601320462348,1.104371042094184,True,True,True
Fixed 2 m target,Circular 1D-CNN,3074,wedding,,0.13574692459236523,0.24683691743776237,1.7247524242551604,True,True,True
Fixed 2 m target,Circular 1D-CNN,3075,wedding,,0.2130630417615827,0.47454264333475377,3.458179464312465,True,True,True
Fixed 2 m target,Circular 1D-CNN,3076,wedding,,0.23856546463545594,0.5842663941716192,2.688222840035552,True,True,True
Fixed 2 m target,Circular 1D-CNN,3077,wedding,,0.1264978544229255,0.21172051164320066,1.6002617284869056,True,True,True
Fixed 2 m target,Circular 1D-CNN,3078,wedding,,1.5103291336526214,1.5514505601473778,1.9701206451661173,True,True,True
Fixed 2 m target,Circular 1D-CNN,3079,wedding,,0.6036064954871481,1.1036606245461817,5.9330489355149805,True,True,True
Fixed 2 m target,Circular 1D-CNN,3080,wedding,,1.0109718965376677,1.3039146079811004,5.245472501896685,True,True,True
Fixed 2 m target,Circular 1D-CNN,3081,wedding,,0.7247000152777798,1.049603340808967,6.725850896838163,True,True,True
Fixed 2 m target,Circular 1D-CNN,3082,wedding,,0.6403300755968473,0.9317217278694192,2.6951031547166435,True,True,True
Fixed 2 m target,Circular 1D-CNN,3083,wedding,,0.6298312704232841,0.9793165272668851,6.02763538606145,True,True,True
Fixed 2 m target,Circular 1D-CNN,3084,wedding,,1.0838216881018095,1.9516248861295942,5.061649757123515,True,True,True
Fixed 2 m target,Circular 1D-CNN,3085,wedding,,0.9497820945848021,1.5628706605491967,6.378007467532074,True,True,True
Fixed 2 m target,Circular 1D-CNN,3086,wedding,,0.5683670775857952,0.8069156239848848,1.575936720795361,True,True,True
Fixed 2 m target,Circular 1D-CNN,3087,wedding,,0.34614444599658345,0.6880438579991857,3.7056973096769195,True,True,True
Fixed 2 m target,Circular 1D-CNN,3088,wedding,,0.4230803294301886,0.7985506080961039,3.551271618897864,True,True,True
Fixed 2 m target,Circular 1D-CNN,3089,wedding,,0.5651688138264902,1.2214599047124908,4.586620583216413,True,True,True
Fixed 2 m target,Circular 1D-CNN,3090,wedding,,0.8622790837222809,1.7043961173961926,2.064539138264784,True,True,True
Fixed 2 m target,Circular 1D-CNN,3091,wedding,,0.36679996839100043,0.7259767263579499,2.138869539426806,True,True,True
Fixed 2 m target,Circular 1D-CNN,3092,wedding,,1.193703140634353,1.620674774743293,3.363459911299148,True,True,True
Fixed 2 m target,Circular 1D-CNN,3093,wedding,,0.8946521879326121,1.5456480992119255,5.626226941563208,True,True,True
Fixed 2 m target,Circular 1D-CNN,3094,wedding,,0.6642060688670323,1.1637338097336303,7.942051224808963,True,True,True
Fixed 2 m target,Circular 1D-CNN,3095,wedding,,0.3370101541049371,0.5812596170986764,0.5475575177179977,True,True,True
Fixed 2 m target,Circular 1D-CNN,3096,wedding,,0.345191106069228,0.688029693962194,0.4914574850798685,True,True,True
Fixed 2 m target,Circular 1D-CNN,3097,wedding,,0.5119348880515625,1.1782068664471061,3.43722817470551,True,True,True
Fixed 2 m target,Circular 1D-CNN,3098,wedding,,0.4498810953396503,0.8937672834287852,2.9774068708830352,True,True,True
Fixed 2 m target,Circular 1D-CNN,3099,wedding,,0.9825810266726044,1.2846727530686584,1.5060043470826563,True,True,True
Fixed 2 m target,Circular 1D-CNN,3100,wedding,,0.2117964723853925,0.3814199662738109,1.1055554596951052,True,True,True
Fixed 2 m target,Circular 1D-CNN,3101,wedding,,1.2087365108168278,1.274211475379336,2.639275361287414,True,True,True
Fixed 2 m target,Circular 1D-CNN,3102,lichtenberg,,0.7580671602738361,1.5649654451562385,1.5088980790716402,True,True,True
Fixed 2 m target,Circular 1D-CNN,3103,lichtenberg,,0.3998491581194085,0.7207771372342264,0.8582088876619981,True,True,True
Fixed 2 m target,Circular 1D-CNN,3104,lichtenberg,,1.0327227753971024,1.9471116880832007,0.823534774581137,True,True,True
Fixed 2 m target,Circular 1D-CNN,3105,lichtenberg,,1.3800375965893459,2.670106799711423,2.191430535044729,True,True,True
Fixed 2 m target,Circular 1D-CNN,3106,lichtenberg,,2.3125180762529696,2.0824820588718964,3.0441178718793864,True,True,True
Fixed 2 m target,Circular 1D-CNN,3107,lichtenberg,,0.5534223795405325,0.8728922832734358,2.799824824547474,True,True,True
Fixed 2 m target,Circular 1D-CNN,3108,lichtenberg,,1.5738915979823342,1.8754300047139858,0.19244879643886414,True,True,True
Fixed 2 m target,Circular 1D-CNN,3109,lichtenberg,,1.340240875848317,2.177051359582918,5.095073934713403,True,True,True
Fixed 2 m target,Circular 1D-CNN,3110,lichtenberg,,0.5317411738642437,1.1978368653850455,0.17454468231407796,True,True,True
Fixed 2 m target,Circular 1D-CNN,3111,lichtenberg,,0.6977254995373313,1.0371079808962802,3.3016653302236314,True,True,True
Fixed 2 m target,Circular 1D-CNN,3112,lichtenberg,,0.7148948230800858,1.83305230166983,0.45595900537361905,True,True,True
Fixed 2 m target,Circular 1D-CNN,3113,lichtenberg,,0.5693733295225236,1.0424872894764121,3.181565346763673,True,True,True
Fixed 2 m target,Circular 1D-CNN,3114,lichtenberg,,1.024561490885543,2.1829159319615155,7.239616618469482,True,True,True
Fixed 2 m target,Circular 1D-CNN,3115,lichtenberg,,1.155143163739526,2.082313143202472,9.799752252923659,True,True,True
Fixed 2 m target,Circular 1D-CNN,3116,lichtenberg,,1.2631748431945717,2.4832852191619987,8.361581574170348,True,True,True
Fixed 2 m target,Circular 1D-CNN,3117,lichtenberg,,1.5532698141618615,2.2863489632138214,2.6072250091756435,True,True,True
Fixed 2 m target,Circular 1D-CNN,3118,lichtenberg,,0.8155733840039854,1.0423561786778555,4.51911478238396,True,True,True
Fixed 2 m target,Circular 1D-CNN,3119,lichtenberg,,0.4082503817505518,0.9725727816684239,1.0535802623900181,True,True,True
Fixed 2 m target,Circular 1D-CNN,3120,lichtenberg,,0.8251760240184681,1.237506306562626,1.8407058019189946,True,True,True
Fixed 2 m target,Circular 1D-CNN,3121,lichtenberg,,1.7055183102975044,1.710680031493615,0.08878065117434271,True,True,True
Fixed 2 m target,Circular 1D-CNN,3122,lichtenberg,,3.8459586986848597,1.9081805430475172,5.662624902769165,True,True,True
Fixed 2 m target,Circular 1D-CNN,3123,lichtenberg,,5.270533878889696,5.44473048202758,4.539432126322499,True,True,True
Fixed 2 m target,Circular 1D-CNN,3124,lichtenberg,,1.083408581292133,1.3400622691772803,5.0370888280122195,True,True,True
Fixed 2 m target,Circular 1D-CNN,3125,lichtenberg,,0.8645550177760348,1.1385106714371849,3.872403775317422,True,True,True
Fixed 2 m target,Circular 1D-CNN,3126,lichtenberg,,1.5298967319130563,2.0546574457962574,2.4895649556065402,True,True,True
Fixed 2 m target,Circular 1D-CNN,3127,lichtenberg,,0.8388012257595536,1.3132877457543684,2.2560646018241766,True,True,True
Fixed 2 m target,Circular 1D-CNN,3128,lichtenberg,,0.8361976045431635,1.9064526699312148,2.4580928251868044,True,True,True
Fixed 2 m target,Circular 1D-CNN,3129,lichtenberg,,2.166185496661796,3.350802735386408,10.167550762645334,True,True,True
Fixed 2 m target,Circular 1D-CNN,3130,lichtenberg,,2.8778552922921086,3.5351340678450858,11.386249623753946,True,True,True
Fixed 2 m target,Circular 1D-CNN,3131,lichtenberg,,1.4588928145501585,3.114762070751375,8.704131300908148,True,True,True
Fixed 2 m target,Circular 1D-CNN,3132,lichtenberg,,17.44225030623397,2.886299698385746,5.377956068034436,True,True,True
Fixed 2 m target,Circular 1D-CNN,3133,lichtenberg,,0.5165346863488118,0.860973770158394,6.287695619037691,True,True,True
Fixed 2 m target,Circular 1D-CNN,3134,lichtenberg,,1.451111529299348,1.7574334357251111,6.118066830617766,True,True,True
Fixed 2 m target,Circular 1D-CNN,3135,lichtenberg,,0.5914885405088491,1.088816773204416,2.807950405580588,True,True,True
Fixed 2 m target,Circular 1D-CNN,3136,lichtenberg,,0.14875752541912776,0.4013753552615974,0.8718820607441884,True,True,True
Fixed 2 m target,Circular 1D-CNN,3137,lichtenberg,,0.3318638442789204,0.712853518908314,0.04098114131499323,True,True,True
Fixed 2 m target,Circular 1D-CNN,3138,lichtenberg,,0.35647237473308807,0.5529085177395545,3.6584462501343644,True,True,True
Fixed 2 m target,Circular 1D-CNN,3139,lichtenberg,,0.3495649057361744,0.7499762320753766,2.1504651308204767,True,True,True
Fixed 2 m target,Circular 1D-CNN,3140,lichtenberg,,0.39470350772946644,0.7948946418980875,2.725581864775558,True,True,True
Fixed 2 m target,Circular 1D-CNN,3141,lichtenberg,,0.586196392483274,1.0204044668657253,6.895789659891725,True,True,True
Fixed 2 m target,Circular 1D-CNN,3142,lichtenberg,,0.962530528241943,1.5100578265727531,6.064540054387538,True,True,True
Fixed 2 m target,Circular 1D-CNN,3143,lichtenberg,,0.40649991283687037,0.6114609374479117,5.164577395499088,True,True,True
Fixed 2 m target,Circular 1D-CNN,3144,lichtenberg,,0.8755824454185233,1.9562617410688792,2.123319519372727,True,True,True
Fixed 2 m target,Circular 1D-CNN,3145,lichtenberg,,5.734426657451188,1.6552294696714938,4.883300104153357,True,True,True
Fixed 2 m target,Circular 1D-CNN,3146,lichtenberg,,0.5446008892939906,0.8750328739758739,3.6862390200883777,True,True,True
Fixed 2 m target,Circular 1D-CNN,3147,lichtenberg,,0.8266254628279501,0.9049364222249277,0.545293459162606,True,True,True
Fixed 2 m target,Circular 1D-CNN,3148,lichtenberg,,1.0669762496092443,1.4471973400139841,0.7635567333085017,True,True,True
Fixed 2 m target,Circular 1D-CNN,3149,lichtenberg,,0.8510166960808225,1.7662661786830942,8.466820024856595,True,True,True
Fixed 2 m target,Circular 1D-CNN,3150,lichtenberg,,2.4965695671871537,3.554740967199475,2.674751600211248,True,True,True
Fixed 2 m target,Circular 1D-CNN,3151,lichtenberg,,3.684112330054912,1.2801183448413969,3.40966288221931,True,True,True
Fixed 2 m target,Circular 1D-CNN,3152,lichtenberg,,74.04233614158706,1.9029731315300327,7.931743455127019,True,True,True
Fixed 2 m target,Circular 1D-CNN,3153,lichtenberg,,10.6896007061544,2.316107997111726,5.064574943567094,True,True,True
Fixed 2 m target,Circular 1D-CNN,3154,lichtenberg,,6.372553032452586,3.1412355498983326,9.655952714102288,True,True,True
Fixed 2 m target,Circular 1D-CNN,3155,lichtenberg,,0.9519050577519131,1.406158966506243,4.616063425645205,True,True,True
Fixed 2 m target,Circular 1D-CNN,3156,lichtenberg,,1.470086096911098,2.2455781759868256,3.6337073640597994,True,True,True
Fixed 2 m target,Circular 1D-CNN,3157,lichtenberg,,0.2946043847478842,0.5373465985802999,2.3932716886124554,True,True,True
Fixed 2 m target,Circular 1D-CNN,3158,lichtenberg,,1.0118365461274625,1.5168361791119345,0.276286444399068,True,True,True
Fixed 2 m target,Circular 1D-CNN,3159,lichtenberg,,0.9909775696436652,1.2510356619850351,2.9444369387762754,True,True,True
Fixed 2 m target,Circular 1D-CNN,3160,lichtenberg,,0.18086895558145796,0.24803417314228637,0.8030783068931975,True,True,True
Fixed 2 m target,Circular 1D-CNN,3161,lichtenberg,,0.8453892976056638,1.566651496803388,1.8013978004641602,True,True,True
Fixed 2 m target,Circular 1D-CNN,3162,lichtenberg,,3.3061685402135255,1.3648354511036773,6.865497464964779,True,True,True
Fixed 2 m target,Circular 1D-CNN,3163,lichtenberg,,10.197236802143053,2.0062215868383646,0.23459355578516905,True,True,True
Fixed 2 m target,Circular 1D-CNN,3164,lichtenberg,,2.6412364529604058,1.3349668099188574,2.191088682727629,True,True,True
Fixed 2 m target,Circular 1D-CNN,3165,lichtenberg,,1.4929519490575887,2.333381360785836,3.110042387482632,True,True,True
Fixed 2 m target,Circular 1D-CNN,3166,lichtenberg,,2.885333963683203,2.9200373547669116,1.0100159978304244,True,True,True
Fixed 2 m target,Circular 1D-CNN,3167,lichtenberg,,2.0634917115134583,3.6263696004602624,3.744926643320983,True,True,True
Fixed 2 m target,Circular 1D-CNN,3168,lichtenberg,,12.611535539999705,8.792378576600948,15.82696112716054,True,True,True
Fixed 2 m target,Circular 1D-CNN,3169,lichtenberg,,0.3550336652014852,1.1560122212286092,2.4645738536011423,True,True,True
Fixed 2 m target,Circular 1D-CNN,3170,lichtenberg,,0.47258682046488826,0.6725053461496904,4.453683981470427,True,True,True
Fixed 2 m target,Circular 1D-CNN,3171,lichtenberg,,11.912769630540877,1.1261515665414499,2.354635835403473,True,True,True
Fixed 2 m target,Circular 1D-CNN,3172,lichtenberg,,2.5514376585082457,2.5465474536836488,4.755009423754193,True,True,True
Fixed 2 m target,Circular 1D-CNN,3173,lichtenberg,,1.3066717458556298,2.240315483389439,7.665380098689773,True,True,True
Fixed 2 m target,Circular 1D-CNN,3174,lichtenberg,,1.0695341923020998,1.9563431319820952,6.020232276711244,True,True,True
Fixed 2 m target,Circular 1D-CNN,3175,lichtenberg,,0.7612411100541342,1.3966111004506163,1.9294200510092185,True,True,True
Fixed 2 m target,Circular 1D-CNN,3176,lichtenberg,,1.5784322655914882,1.4712016956479665,1.194245286329412,True,True,True
Fixed 2 m target,Circular 1D-CNN,3177,lichtenberg,,2.517611691195607,1.1773846384709823,5.42165346571012,True,True,True
Fixed 2 m target,Circular 1D-CNN,3178,lichtenberg,,0.6757055987800175,1.0119180507682464,1.1991007845771018,True,True,True
Fixed 2 m target,Circular 1D-CNN,3179,lichtenberg,,0.6695295504888681,1.4073059632046625,0.25969317733552305,True,True,True
Fixed 2 m target,Circular 1D-CNN,3180,lichtenberg,,0.6445709458814578,0.9715563617646694,4.722279522097864,True,True,True
Fixed 2 m target,Circular 1D-CNN,3181,lichtenberg,,1.6721190029308235,2.301762524053073,0.6953446095137482,True,True,True
Fixed 2 m target,Circular 1D-CNN,3182,lichtenberg,,1.1889748984418556,1.5842031135647345,3.510805158219646,True,True,True
Fixed 2 m target,Circular 1D-CNN,3183,lichtenberg,,0.44448017879210416,0.5917071915189082,1.5034767917476715,True,True,True
Fixed 2 m target,Circular 1D-CNN,3184,lichtenberg,,0.44520632267705773,0.6620065022109686,0.8921731424487588,True,True,True
Fixed 2 m target,Circular 1D-CNN,3185,lichtenberg,,0.831747941858336,1.8572038956549362,0.6093291889040855,True,True,True
Fixed 2 m target,Circular 1D-CNN,3186,lichtenberg,,0.32739126582926675,0.5297837981337209,4.142262057503484,True,True,True
Fixed 2 m target,Circular 1D-CNN,3187,lichtenberg,,1.1566928672240657,1.1179408056438105,0.956068555844479,True,True,True
Fixed 2 m target,Circular 1D-CNN,3188,lichtenberg,,0.9283222428449297,1.2801695024047233,2.922134149515104,True,True,True
Fixed 2 m target,Circular 1D-CNN,3189,lichtenberg,,1.4363154957415027,2.2738899091013223,3.4849302984852963,True,True,True
Fixed 2 m target,Circular 1D-CNN,3190,lichtenberg,,0.5411419595196725,1.0932853249832988,1.0297467224318229,True,True,True
Fixed 2 m target,Circular 1D-CNN,3191,lichtenberg,,0.16835372816471839,0.3396586597879057,2.0425789326511006,True,True,True
Fixed 2 m target,Circular 1D-CNN,3192,lichtenberg,,0.35369560865248095,0.6769141258808508,1.6096042368135488,True,True,True
Fixed 2 m target,Circular 1D-CNN,3193,lichtenberg,,1.547594387717737,2.483823211250704,6.1053090322638806,True,True,True
Fixed 2 m target,Circular 1D-CNN,3194,lichtenberg,,1.1529264041605496,1.8047645097010565,14.009021116069029,True,True,True
Fixed 2 m target,Circular 1D-CNN,3195,lichtenberg,,1.0588673196481595,1.6671099335533504,2.571771948969552,True,True,True
Fixed 2 m target,Circular 1D-CNN,3196,lichtenberg,,4.885568446727456,1.975079272685888,9.167424497822054,True,True,True
Fixed 2 m target,Circular 1D-CNN,3197,lichtenberg,,1.6622600366077913,1.3527447087377815,3.494489202599925,True,True,True
Fixed 2 m target,Circular 1D-CNN,3198,lichtenberg,,1.189629745119101,1.8259346263618437,3.10153600651313,True,True,True
Fixed 2 m target,Circular 1D-CNN,3199,lichtenberg,,0.874314769724764,1.206162713265514,3.580481488121067,True,True,True
Fixed 2 m target,Circular 1D-CNN,3200,lichtenberg,,0.7742359139268155,1.2520409051185444,5.569800109470269,True,True,True
Fixed 2 m target,Circular 1D-CNN,3201,lichtenberg,,0.35033203246607186,0.6589775359726404,2.041266651238849,True,True,True
Fixed 2 m target,Circular 1D-CNN,3202,lichtenberg,,1.0384109491662208,1.5727036532947658,13.327415010661623,True,True,True
Fixed 2 m target,Circular 1D-CNN,3203,lichtenberg,,0.36566028897070746,0.5188997418832312,4.600465967000852,True,True,True
Fixed 2 m target,Circular 1D-CNN,3204,lichtenberg,,1.4049816047535715,0.6316308045266754,1.0002095269587299,True,True,True
Fixed 2 m target,Circular 1D-CNN,3205,lichtenberg,,0.6831955043650576,1.0851182655033635,3.1058407261600034,True,True,True
Fixed 2 m target,Circular 1D-CNN,3206,lichtenberg,,0.04525852315150457,0.07766058248937,0.5967965837764335,True,True,True
Fixed 2 m target,Circular 1D-CNN,3207,lichtenberg,,0.09501044447858109,0.15503736654643555,3.205895208721431,True,True,True
Fixed 2 m target,Circular 1D-CNN,3208,lichtenberg,,1.1563021688882202,1.7345384709902343,1.5094161794840106,True,True,True
Fixed 2 m target,Circular 1D-CNN,3209,lichtenberg,,2.700580755799746,1.6426988533934723,0.44760236949957893,True,True,True
Fixed 2 m target,Circular 1D-CNN,3210,lichtenberg,,1.5311758200899033,1.7801353808187204,7.8565298812387,True,True,True
Fixed 2 m target,Circular 1D-CNN,3211,lichtenberg,,1.9171155844471954,1.858383409886486,2.2859074355532147,True,True,True
Fixed 2 m target,Circular 1D-CNN,3212,lichtenberg,,0.8769647181088631,1.025214779461931,1.105381897980069,True,True,True
Fixed 2 m target,Circular 1D-CNN,3213,lichtenberg,,2.5753849074894792,1.1038672422257532,4.454956248135286,True,True,True
Fixed 2 m target,Circular 1D-CNN,3214,lichtenberg,,1.171837115785726,0.93754090883589,0.43511487865372944,True,True,True
Fixed 2 m target,Circular 1D-CNN,3215,lichtenberg,,0.9954766282134317,1.9941123183816671,3.0361995117701044,True,True,True
Fixed 2 m target,Circular 1D-CNN,3216,lichtenberg,,1.5802001070043685,1.4722223637823357,0.6675990686741125,True,True,True
Fixed 2 m target,Circular 1D-CNN,3217,lichtenberg,,1.0186377141802079,1.0343968225643039,0.3081438637634374,True,True,True
Fixed 2 m target,Circular 1D-CNN,3218,lichtenberg,,1.1855456736327283,1.5405966527760029,3.784975441122048,True,True,True
Fixed 2 m target,Circular 1D-CNN,3219,lichtenberg,,0.270127826570823,0.6480248693357894,0.9979071355858425,True,True,True
Fixed 2 m target,Circular 1D-CNN,3220,lichtenberg,,11.614518300531508,2.338888702465117,3.202618595738461,True,True,True
Fixed 2 m target,Circular 1D-CNN,3221,lichtenberg,,0.28759839598420495,0.515092972970482,3.981761096057821,True,True,True
Fixed 2 m target,Circular 1D-CNN,3222,lichtenberg,,0.3471112276788689,0.4991070918166349,3.9195404756135295,True,True,True
Fixed 2 m target,Circular 1D-CNN,3223,lichtenberg,,0.2500210190958126,0.5255172412907604,4.13965974828696,True,True,True
Fixed 2 m target,Circular 1D-CNN,3224,lichtenberg,,1.1314384424154524,1.4286891072757095,3.72110455995789,True,True,True
Fixed 2 m target,Circular 1D-CNN,3225,lichtenberg,,0.4125646227961657,0.5645908314906931,2.051574729628269,True,True,True
Fixed 2 m target,Circular 1D-CNN,3226,lichtenberg,,0.8540377047890739,1.3910785663157859,5.785061568952548,True,True,True
Fixed 2 m target,Circular 1D-CNN,3227,lichtenberg,,6.942121743767487,1.7091625288228087,12.487083727391155,True,True,True
Fixed 2 m target,Circular 1D-CNN,3228,lichtenberg,,8.675256286075044,0.8920851721071836,0.2106221132746459,True,True,True
Fixed 2 m target,Circular 1D-CNN,3229,lichtenberg,,4.711029100303915,1.1397226858038851,4.123551753674424,True,True,True
Fixed 2 m target,Circular 1D-CNN,3230,lichtenberg,,0.4561329321194021,0.6741165874017687,4.225932382677482,True,True,True
Fixed 2 m target,Circular 1D-CNN,3231,lichtenberg,,1.6547180539604744,1.0016506882458385,2.301551842882859,True,True,True
Fixed 2 m target,Circular 1D-CNN,3232,lichtenberg,,0.47389445628835863,0.6306553517027765,0.8073854771443747,True,True,True
Fixed 2 m target,Circular 1D-CNN,3233,lichtenberg,,0.3566690036144641,0.8085196417260588,9.414379655177358,True,True,True
Fixed 2 m target,Circular 1D-CNN,3234,lichtenberg,,2.215809036692409,1.3257288339475533,3.549666012576332,True,True,True
Fixed 2 m target,Circular 1D-CNN,3235,lichtenberg,,0.9675135075799064,1.74632992799506,7.980075900951787,True,True,True
Fixed 2 m target,Circular 1D-CNN,3236,lichtenberg,,1.045328998659791,1.7165538952391344,0.4338314758011508,True,True,True
Fixed 2 m target,Circular 1D-CNN,3237,lichtenberg,,0.43089079969870026,0.5079421841262005,1.5529073977598025,True,True,True
Fixed 2 m target,Circular 1D-CNN,3238,lichtenberg,,3.0852914896335846,0.6755796933231674,1.9233140448647588,True,True,True
Fixed 2 m target,Circular 1D-CNN,3239,lichtenberg,,0.4389331605280772,0.5916477184422511,2.1852934099034993,True,True,True
Fixed 2 m target,Circular 1D-CNN,3240,lichtenberg,,1.3946997510223782,2.5001376306277177,4.016431005900121,True,True,True
Fixed 2 m target,Circular 1D-CNN,3241,lichtenberg,,0.15043003292633259,0.27246916904125845,0.69037288481647,True,True,True
Fixed 2 m target,Circular 1D-CNN,3242,lichtenberg,,3.9461038871123035,1.2627039315182176,9.209668163828171,True,True,True
Fixed 2 m target,Circular 1D-CNN,3243,lichtenberg,,1.006648787400167,1.6131655634651547,2.4355428121350564,True,True,True
Fixed 2 m target,Circular 1D-CNN,3244,lichtenberg,,5.336780512297009,1.6519756986043763,5.233560015502402,True,True,True
Fixed 2 m target,Circular 1D-CNN,3245,lichtenberg,,0.9731369087249552,2.1542909582161895,2.967455853798371,True,True,True
Fixed 2 m target,Circular 1D-CNN,3246,lichtenberg,,0.9354371999166124,1.5766074532677232,1.9182684901980676,True,True,True
Fixed 2 m target,Circular 1D-CNN,3247,lichtenberg,,0.8340980314260875,1.631891688472711,4.956856133128673,True,True,True
Fixed 2 m target,Circular 1D-CNN,3248,lichtenberg,,0.8315174325908062,0.8177625645607374,3.798388378370965,True,True,True
Fixed 2 m target,Circular 1D-CNN,3249,lichtenberg,,0.7912582807028791,1.235056753819085,2.3772797588089003,True,True,True
Fixed 2 m target,Circular 1D-CNN,3250,lichtenberg,,1.42592212350419,1.4473176850005984,3.5296357149857642,True,True,True
Fixed 2 m target,Circular 1D-CNN,3251,lichtenberg,,0.8434465959522185,1.4615606813382953,5.343245949564876,True,True,True
Fixed 2 m target,Circular 1D-CNN,3252,lichtenberg,,1.101045325873947,1.4838117810031388,3.168829047658104,True,True,True
Fixed 2 m target,Circular 1D-CNN,3253,lichtenberg,,0.13945741683440463,0.2545804776000546,1.4295742573424695,True,True,True
Fixed 2 m target,Circular 1D-CNN,3254,lichtenberg,,1.0837732801374804,1.4079652137893068,0.14805601997809123,True,True,True
Fixed 2 m target,Circular 1D-CNN,3255,lichtenberg,,1.468302223183784,1.87632806713999,3.781486557349434,True,True,True
Fixed 2 m target,Circular 1D-CNN,3256,lichtenberg,,1.3958639801926562,1.6282483539513626,2.884888648344311,True,True,True
Fixed 2 m target,Circular 1D-CNN,3257,lichtenberg,,2.8166560326824146,2.0916446144644643,16.036699846507645,True,True,True
Fixed 2 m target,Circular 1D-CNN,3258,lichtenberg,,0.703799382084409,1.4453572225321805,3.0801865860645923,True,True,True
Fixed 2 m target,Circular 1D-CNN,3259,lichtenberg,,0.6058364354683968,0.9839367195097858,7.318704055270622,True,True,True
Fixed 2 m target,Circular 1D-CNN,3260,lichtenberg,,1.0394604788574657,1.6510898131775684,5.597329785961944,True,True,True
Fixed 2 m target,Circular 1D-CNN,3261,lichtenberg,,1.837788288846802,3.7998937836488507,2.76455266203543,True,True,True
Fixed 2 m target,Circular 1D-CNN,3262,lichtenberg,,0.4448117724479861,0.6042705051516352,1.1978612942565565,True,True,True
Fixed 2 m target,Circular 1D-CNN,3263,lichtenberg,,0.4130087929254742,1.2911741833945714,2.240920359959572,True,True,True
Fixed 2 m target,Circular 1D-CNN,3264,lichtenberg,,0.9386445263323728,1.4767250828444958,9.336292190990457,True,True,True
Fixed 2 m target,Circular 1D-CNN,3265,lichtenberg,,0.9841590208440919,1.5093599809333682,10.497407589622078,True,True,True
Fixed 2 m target,Circular 1D-CNN,3266,lichtenberg,,0.8651866896086513,1.4719770645418357,8.589373685356355,True,True,True
Fixed 2 m target,Circular 1D-CNN,3267,lichtenberg,,0.5453019079634246,1.2007308983631115,4.219548653441355,True,True,True
Fixed 2 m target,Circular 1D-CNN,3268,lichtenberg,,0.9800942816183612,1.4851649459451437,10.31201687054117,True,True,True
Fixed 2 m target,Circular 1D-CNN,3269,lichtenberg,,1.8803348774770208,4.116181388058734,9.173739255350535,True,True,True
Fixed 2 m target,Circular 1D-CNN,3270,lichtenberg,,3.7120836575526823,1.75863429741178,1.7727194344843755,True,True,True
Fixed 2 m target,Circular 1D-CNN,3271,lichtenberg,,1.3568815146994118,1.1634596177147045,3.334844706242969,True,True,True
Fixed 2 m target,Circular 1D-CNN,3272,lichtenberg,,1.3402530126482264,1.7836896263362472,0.9483393711120579,True,True,True
Fixed 2 m target,Circular 1D-CNN,3273,lichtenberg,,3.7660889786999787,1.6022263590776058,0.3185214264910236,True,True,True
Fixed 2 m target,Circular 1D-CNN,3274,lichtenberg,,17.052887531046395,1.397590711715292,5.188184270399324,True,True,True
Fixed 2 m target,Circular 1D-CNN,3275,lichtenberg,,0.5102736347834816,1.1551827552083522,0.06369530413744068,True,True,True
Fixed 2 m target,Circular 1D-CNN,3276,lichtenberg,,0.8817384919428952,1.5457078602754102,11.003784325581844,True,True,True
Fixed 2 m target,Circular 1D-CNN,3277,lichtenberg,,0.6529742651314285,1.3333977138964823,1.3988034135130243,True,True,True
Fixed 2 m target,Circular 1D-CNN,3278,lichtenberg,,0.7828446665881372,1.2727564492185914,1.5451761906599688,True,True,True
Fixed 2 m target,Circular 1D-CNN,3279,lichtenberg,,0.7308566758656213,1.0671813621088728,2.396736237587875,True,True,True
Fixed 2 m target,Circular 1D-CNN,3280,lichtenberg,,0.5606716462529371,0.9771233694487014,2.278927653758749,True,True,True
Fixed 2 m target,Circular 1D-CNN,3281,lichtenberg,,1.5675606890346472,1.970168023283559,3.2888165791276043,True,True,True
Context-adaptive 1/2/3 m target,Identity baseline,2426,wedding,1.0,0.08873284913294877,0.4719905342238709,0.08894653251907256,True,True,True
Context-adaptive 1/2/3 m target,Identity baseline,2427,wedding,1.0,0.0,0.0,0.0,True,True,True
Context-adaptive 1/2/3 m target,Identity baseline,2428,wedding,2.0,0.6703971073435067,1.0082919773029597,1.3470936426575664,True,True,True
Context-adaptive 1/2/3 m target,Identity baseline,2429,wedding,1.0,0.025315385307257198,0.06733512870695366,0.1106534313079614,True,True,True
Context-adaptive 1/2/3 m target,Identity baseline,2430,wedding,1.0,0.11253837506000884,0.4999994682148099,0.005989486575019118,True,True,True
Context-adaptive 1/2/3 m target,Identity baseline,2431,wedding,1.0,0.7288689881525338,1.0607965357741176,0.13383414693038967,True,True,True
Context-adaptive 1/2/3 m target,Identity baseline,2432,wedding,1.0,0.29558716639480626,0.5099391858654352,0.2714253581860215,True,True,True
Context-adaptive 1/2/3 m target,Identity baseline,2433,wedding,1.0,0.011048530280006234,0.02337262207816353,0.056585021346456106,True,True,True
Context-adaptive 1/2/3 m target,Identity baseline,2434,wedding,2.0,0.12813442390181373,0.4025526176460716,0.36756606574046724,True,True,True
Context-adaptive 1/2/3 m target,Identity baseline,2435,wedding,2.0,2.0697523518478453,2.395744979287713,6.764302892518748,True,True,True
Context-adaptive 1/2/3 m target,Identity baseline,2436,wedding,1.0,3.082519067518041,4.294416137705216,3.9733706711365855,True,True,True
Context-adaptive 1/2/3 m target,Identity baseline,2437,wedding,1.0,1.4917376471513477,2.041576370900256,1.5638367660890988,True,True,True
Context-adaptive 1/2/3 m target,Identity baseline,2438,wedding,1.0,0.15761127737955025,0.35773956398325224,0.4995712311967133,True,True,True
Context-adaptive 1/2/3 m target,Identity baseline,2439,wedding,1.0,0.3584397635559829,0.6480993248858966,1.5947901106106337,True,True,True
Context-adaptive 1/2/3 m target,Identity baseline,2440,wedding,1.0,0.4741230133689887,0.9013882108084212,0.8545886947768477,True,True,True
Context-adaptive 1/2/3 m target,Identity baseline,2441,wedding,1.0,2.278010240941519,0.7718844450468092,3.258620457082325,True,True,True
Context-adaptive 1/2/3 m target,Identity baseline,2442,wedding,1.0,0.8073381327983226,1.256288431655447,0.17530817625690323,True,True,True
Context-adaptive 1/2/3 m target,Identity baseline,2443,wedding,1.0,0.3825731833198771,0.5404759625910284,0.795079661413931,True,True,True
Context-adaptive 1/2/3 m target,Identity baseline,2444,wedding,1.0,1.666298470277252,1.7195443444404654,1.1571325920511875,True,True,True
Context-adaptive 1/2/3 m target,Identity baseline,2445,wedding,1.0,0.7803316163306557,1.207431216451281,1.883101824743548,True,True,True
Context-adaptive 1/2/3 m target,Identity baseline,2446,wedding,1.0,0.4820066543824715,0.7941734539653684,1.1345757233421647,True,True,True
Context-adaptive 1/2/3 m target,Identity baseline,2447,wedding,1.0,0.4769784918287936,1.0429363021237295,0.5277879129951553,True,True,True
Context-adaptive 1/2/3 m target,Identity baseline,2448,wedding,1.0,0.0,0.0,0.0,True,True,True
Context-adaptive 1/2/3 m target,Identity baseline,2449,wedding,2.0,0.0,0.0,0.0,True,True,True
Context-adaptive 1/2/3 m target,Identity baseline,2450,wedding,2.0,0.740293594783768,0.8199122049862541,0.509903616465383,True,True,True
Context-adaptive 1/2/3 m target,Identity baseline,2451,wedding,2.0,0.4726723556197298,0.5274577951776954,0.02745968483781029,True,True,True
Context-adaptive 1/2/3 m target,Identity baseline,2452,wedding,2.0,0.7816795557037406,0.7653151793553922,0.11439153146889323,True,True,True
Context-adaptive 1/2/3 m target,Identity baseline,2453,wedding,2.0,0.43487631510613184,0.51537346180849,1.39566938074881,True,True,True
Context-adaptive 1/2/3 m target,Identity baseline,2454,wedding,2.0,0.8884293595419107,1.10315161254593,1.112093000201962,True,True,True
Context-adaptive 1/2/3 m target,Identity baseline,2455,wedding,2.0,0.32433638154869093,0.5000004265457392,0.014450668107532585,True,True,True
Context-adaptive 1/2/3 m target,Identity baseline,2456,wedding,2.0,0.8404884709434887,1.5000001480802894,8.38184311195748,True,True,True
Context-adaptive 1/2/3 m target,Identity baseline,2457,wedding,2.0,0.8850220462522376,0.9544799253104448,0.48724234810752054,True,True,True
Context-adaptive 1/2/3 m target,Identity baseline,2458,wedding,2.0,0.005524277932743939,0.031234787430725375,0.021378966724999157,True,True,True
Context-adaptive 1/2/3 m target,Identity baseline,2459,wedding,1.0,0.836138194303895,0.9852120766004521,2.8924068947577255,True,True,True
Context-adaptive 1/2/3 m target,Identity baseline,2460,wedding,2.0,1.0884638373480982,1.6113430816543064,1.491649815602604,True,True,True
Context-adaptive 1/2/3 m target,Identity baseline,2461,wedding,1.0,0.690135928633586,0.7535949642971481,1.2316359329696793,True,True,True
Context-adaptive 1/2/3 m target,Identity baseline,2462,wedding,2.0,1.3587573968444329,1.6325866728971834,0.5105717818219515,True,True,True
Context-adaptive 1/2/3 m target,Identity baseline,2463,wedding,2.0,0.7316480325690865,1.1267349199108265,1.0508207031667982,True,True,True
Context-adaptive 1/2/3 m target,Identity baseline,2464,wedding,2.0,0.6661043260951838,0.9999999655410647,1.8124324642641947,True,True,True
Context-adaptive 1/2/3 m target,Identity baseline,2465,wedding,1.0,0.5353985361443824,1.0717480801597046,1.7194461493725437,True,True,True
Context-adaptive 1/2/3 m target,Identity baseline,2466,wedding,1.0,0.5936471423821152,0.6116045253379147,0.024017728460852452,True,True,True
Context-adaptive 1/2/3 m target,Identity baseline,2467,wedding,2.0,1.0404125974409666,0.9849580553537575,3.7287376830160563,True,True,True
Context-adaptive 1/2/3 m target,Identity baseline,2468,wedding,3.0,1.0706118369691788,1.3346332114199344,1.2824008007426988,True,True,True
Context-adaptive 1/2/3 m target,Identity baseline,2469,wedding,2.0,0.9815964017814927,1.3559946284901576,1.6129906510897063,True,True,True
Context-adaptive 1/2/3 m target,Identity baseline,2470,wedding,2.0,0.5695896088843488,0.7614095878497306,0.6116090847676084,True,True,True
Context-adaptive 1/2/3 m target,Identity baseline,2471,wedding,2.0,0.32644666595769545,1.0000002076849341,2.611807838182575,True,True,True
Context-adaptive 1/2/3 m target,Identity baseline,2472,wedding,2.0,0.08856093809767064,0.4922819124532641,0.35561942382089007,True,True,True
Context-adaptive 1/2/3 m target,Identity baseline,2473,wedding,1.0,0.22977249808730402,0.611468464397053,2.0324242717163568,True,True,True
Context-adaptive 1/2/3 m target,Identity baseline,2474,wedding,2.0,1.5271488828852853,2.184378216814266,4.3766006863223765,True,True,True
Context-adaptive 1/2/3 m target,Identity baseline,2475,wedding,1.0,0.35432939416772574,0.5869676268107898,0.5150347439525363,True,True,True
Context-adaptive 1/2/3 m target,Identity baseline,2476,wedding,2.0,0.8530842682332723,1.4468600265262868,4.002290837387404,True,True,True
Context-adaptive 1/2/3 m target,Identity baseline,2477,wedding,3.0,0.6237046880292406,1.000000179745257,2.0120294707566746,True,True,True
Context-adaptive 1/2/3 m target,Identity baseline,2478,wedding,3.0,0.5770154451925456,0.9378115040282755,8.775492207461705,True,True,True
Context-adaptive 1/2/3 m target,Identity baseline,2479,wedding,2.0,1.1215904691525265,1.609949481373256,3.0506752055679724,True,True,True
Context-adaptive 1/2/3 m target,Identity baseline,2480,wedding,3.0,1.4303277096272424,1.5215457179699532,3.3302722767143544,True,True,True
Context-adaptive 1/2/3 m target,Identity baseline,2481,wedding,3.0,1.4873633858882476,1.7818267450383003,5.573057695474229,True,True,True
Context-adaptive 1/2/3 m target,Identity baseline,2482,wedding,3.0,0.2013898232767419,0.6228411000631817,1.8657376508283172,True,True,True
Context-adaptive 1/2/3 m target,Identity baseline,2483,wedding,2.0,1.3476618531702702,1.6027394824674166,0.215629039997774,True,True,True
Context-adaptive 1/2/3 m target,Identity baseline,2484,wedding,2.0,1.1818069842809247,1.5515117630342525,3.547176508004193,True,True,True
Context-adaptive 1/2/3 m target,Identity baseline,2485,wedding,2.0,1.7801702531472916,2.310763672181629,2.0017903959240213,True,True,True
Context-adaptive 1/2/3 m target,Identity baseline,2486,wedding,2.0,0.9192726278643184,1.321982182250089,3.1777281446958265,True,True,True
Context-adaptive 1/2/3 m target,Identity baseline,2487,wedding,2.0,1.1825684167579962,1.6040118043291038,0.9083076026540284,True,True,True
Context-adaptive 1/2/3 m target,Identity baseline,2488,wedding,2.0,1.6429485386631,1.4173013614839698,2.4645092841744187,True,True,True
Context-adaptive 1/2/3 m target,Identity baseline,2489,wedding,2.0,0.6966061353710635,1.3970866673927784,2.8740443587258917,True,True,True
Context-adaptive 1/2/3 m target,Identity baseline,2490,wedding,2.0,0.7259741947520332,1.6411439194998132,1.1486759984451989,True,True,True
Context-adaptive 1/2/3 m target,Identity baseline,2491,wedding,1.0,1.193217078311438,0.9502298881575372,1.6937285962827473,True,True,True
Context-adaptive 1/2/3 m target,Identity baseline,2492,wedding,1.0,0.8118236180087965,1.022816923665581,0.3724548654132082,True,True,True
Context-adaptive 1/2/3 m target,Identity baseline,2493,wedding,1.0,0.4068505347816866,0.5829640357701265,0.1541220024460246,True,True,True
Context-adaptive 1/2/3 m target,Identity baseline,2494,wedding,2.0,2.036726336002721,2.401564098364574,12.880092557897566,True,True,True
Context-adaptive 1/2/3 m target,Identity baseline,2495,wedding,1.0,0.00552426161318785,0.03020260554887022,0.023414362713054734,True,True,True
Context-adaptive 1/2/3 m target,Identity baseline,2496,wedding,2.0,1.0747938849730718,1.8499999399646234,2.699218642718719,True,True,True
Context-adaptive 1/2/3 m target,Identity baseline,2497,wedding,1.0,0.4111408303608823,0.9437616873027961,0.8818852775991497,True,True,True
Context-adaptive 1/2/3 m target,Identity baseline,2499,wedding,2.0,2.025969613983018,1.723193727344758,2.465011280953456,True,True,True
Context-adaptive 1/2/3 m target,Identity baseline,2500,wedding,2.0,1.1693461893389419,1.3930435521778992,2.337395211868975,True,True,True
Context-adaptive 1/2/3 m target,Identity baseline,2501,wedding,2.0,0.3940475489841713,0.5728724493312922,3.3999263006425626,True,True,True
Context-adaptive 1/2/3 m target,Identity baseline,2502,wedding,2.0,1.5709440402628656,1.8533941199794985,13.827631350044713,True,True,True
Context-adaptive 1/2/3 m target,Identity baseline,2503,wedding,3.0,1.501951816784606,2.9768335610622287,9.60168142846122,True,True,True
Context-adaptive 1/2/3 m target,Identity baseline,2504,wedding,2.0,0.9751239109471245,1.2790006416383204,1.665293931386095,True,True,True
Context-adaptive 1/2/3 m target,Identity baseline,2505,wedding,3.0,1.0229303689060023,1.7019544667921693,4.357187723229988,True,True,True
Context-adaptive 1/2/3 m target,Identity baseline,2506,wedding,3.0,0.8070543337579621,1.20057009071263,3.3655331833751094,True,True,True
Context-adaptive 1/2/3 m target,Identity baseline,2507,wedding,3.0,3.834783677702665,1.0719868812139028,1.5606978063040118,True,True,True
Context-adaptive 1/2/3 m target,Identity baseline,2508,wedding,3.0,0.47547263110809135,0.5354411760843345,0.11684984202836587,True,True,True
Context-adaptive 1/2/3 m target,Identity baseline,2509,wedding,2.0,0.6987712215063137,0.6263776870945271,0.39009003827857086,True,True,True
Context-adaptive 1/2/3 m target,Identity baseline,2510,wedding,2.0,0.9129433172612543,1.604845949291483,4.253292084976776,True,True,True
Context-adaptive 1/2/3 m target,Identity baseline,2511,wedding,2.0,0.4708935463033857,0.45888266426797925,0.32215239321664496,True,True,True
Context-adaptive 1/2/3 m target,Identity baseline,2512,wedding,2.0,1.0388568979132893,1.7364861600111232,4.728598941241642,True,True,True
Context-adaptive 1/2/3 m target,Identity baseline,2513,wedding,2.0,0.7549883330939792,1.0000000186264515,1.79727095645786,True,True,True
Context-adaptive 1/2/3 m target,Identity baseline,2514,wedding,2.0,0.01991808804287006,0.062129842534946474,0.2885741584385617,True,True,True
Context-adaptive 1/2/3 m target,Identity baseline,2515,wedding,2.0,0.8405611427713922,1.0077407084017564,0.3433021829376151,True,True,True
Context-adaptive 1/2/3 m target,Identity baseline,2516,wedding,3.0,1.8997150060393115,2.6744777553659502,4.689872795976334,True,True,True
Context-adaptive 1/2/3 m target,Identity baseline,2517,wedding,3.0,0.7432353344090258,0.7197655671755244,0.697361430393541,True,True,True
Context-adaptive 1/2/3 m target,Identity baseline,2518,wedding,1.0,1.0762551645772314,1.1930201963567066,0.21446763666058016,True,True,True
Context-adaptive 1/2/3 m target,Identity baseline,2519,wedding,1.0,0.6817945056622708,0.9623765945037304,3.6260640068023084,True,True,True
Context-adaptive 1/2/3 m target,Identity baseline,2520,wedding,1.0,0.6605606399446969,0.8724022893352794,1.4698781424005603,True,True,True
Context-adaptive 1/2/3 m target,Identity baseline,2521,wedding,1.0,0.36051954572124595,0.5238455631236407,0.2768597433235803,True,True,True
Context-adaptive 1/2/3 m target,Identity baseline,2522,wedding,1.0,0.08924733915970441,0.3265633880217563,0.25361748250428506,True,True,True
Context-adaptive 1/2/3 m target,Identity baseline,2523,wedding,2.0,0.6767627217341357,0.9999994710087776,2.704855457678227,True,True,True
Context-adaptive 1/2/3 m target,Identity baseline,2524,wedding,2.0,0.43234270707218275,0.5966212967414044,0.1056427169456678,True,True,True
Context-adaptive 1/2/3 m target,Identity baseline,2525,wedding,2.0,0.10408518446046082,0.4446515129765084,0.6582662758652759,True,True,True
Context-adaptive 1/2/3 m target,Identity baseline,2526,wedding,2.0,0.7091968733857691,1.5617376322672905,5.538079788454031,True,True,True
Context-adaptive 1/2/3 m target,Identity baseline,2527,wedding,2.0,0.770888309857046,1.1399121459361359,0.8098531038985902,True,True,True
Context-adaptive 1/2/3 m target,Identity baseline,2528,wedding,1.0,0.9010153965434,0.5279801965054476,0.6956987758519001,True,True,True
Context-adaptive 1/2/3 m target,Identity baseline,2529,wedding,1.0,0.49945036240257895,0.9808557337470565,1.116091697598991,True,True,True
Context-adaptive 1/2/3 m target,Identity baseline,2530,wedding,2.0,0.6700784578799563,1.4818726638806414,1.468423091352144,True,True,True
Context-adaptive 1/2/3 m target,Identity baseline,2531,wedding,2.0,0.2791807171758188,0.5000000270083547,0.13775040562027946,True,True,True
Context-adaptive 1/2/3 m target,Identity baseline,2532,wedding,2.0,0.153789251803568,0.44431058211778524,0.011394088676340468,True,True,True
Context-adaptive 1/2/3 m target,Identity baseline,2533,wedding,2.0,11.086764414808655,1.193099994711448,0.4918980219757828,True,True,True
Context-adaptive 1/2/3 m target,Identity baseline,2534,wedding,1.0,0.6389794447911613,1.0000002635642886,0.6870014289389824,True,True,True
Context-adaptive 1/2/3 m target,Identity baseline,2535,wedding,2.0,0.8126879040451335,1.1473212592556266,1.2016755511611252,True,True,True
Context-adaptive 1/2/3 m target,Identity baseline,2536,wedding,1.0,0.009568358808279248,0.031228318523419236,0.09428483380864283,True,True,True
Context-adaptive 1/2/3 m target,Identity baseline,2537,wedding,2.0,0.0,0.0,0.0,True,True,True
Context-adaptive 1/2/3 m target,Identity baseline,2538,wedding,1.0,0.8862454335182152,1.2585744548799143,0.5154162377031104,True,True,True
Context-adaptive 1/2/3 m target,Identity baseline,2539,wedding,2.0,0.597515814837838,0.7058863981629656,2.1376046454656574,True,True,True
Context-adaptive 1/2/3 m target,Identity baseline,2540,wedding,1.0,0.2703509447217558,0.41718781292963286,0.6731872732167851,True,True,True
Context-adaptive 1/2/3 m target,Identity baseline,2541,wedding,2.0,0.6408155411245202,1.6520405309301478,3.8529607374507493,True,True,True
Context-adaptive 1/2/3 m target,Identity baseline,2542,wedding,2.0,0.7576312557571521,1.499999945051968,8.147443757480872,True,True,True
Context-adaptive 1/2/3 m target,Identity baseline,2543,wedding,1.0,0.3831312647279569,0.5231821136426964,2.6379694736020682,True,True,True
Context-adaptive 1/2/3 m target,Identity baseline,2544,wedding,1.0,0.30433674658198107,0.812324020706504,4.845350425073233,True,True,True
Context-adaptive 1/2/3 m target,Identity baseline,2545,wedding,2.0,0.760666293251137,1.1929838876840873,3.0336774136975797,True,True,True
Context-adaptive 1/2/3 m target,Identity baseline,2546,wedding,2.0,0.26859553646142087,0.4123000650790925,0.9395222012999981,True,True,True
Context-adaptive 1/2/3 m target,Identity baseline,2547,wedding,1.0,0.36522916493320945,0.6943931418553019,0.4133588785507102,True,True,True
Context-adaptive 1/2/3 m target,Identity baseline,2548,wedding,2.0,0.5052217370516983,1.1801633360295627,3.377031617177021,True,True,True
Context-adaptive 1/2/3 m target,Identity baseline,2549,wedding,1.0,0.7730427679694329,0.9356742510226608,1.0781855193478704,True,True,True
Context-adaptive 1/2/3 m target,Identity baseline,2550,wedding,3.0,1.3753771970425888,2.673897472475114,2.2267948956118504,True,True,True
Context-adaptive 1/2/3 m target,Identity baseline,2551,wedding,1.0,2.8640886292645162,1.1143140069471205,0.5721971407007421,True,True,True
Context-adaptive 1/2/3 m target,Identity baseline,2552,wedding,2.0,1.9690677703079953,1.5000000540167093,4.2001028100967845,True,True,True
Context-adaptive 1/2/3 m target,Identity baseline,2553,wedding,1.0,0.23404931379429403,0.430950780277797,0.5595234383580687,True,True,True
Context-adaptive 1/2/3 m target,Identity baseline,2554,wedding,2.0,0.4880780486652865,1.28224153368153,1.19952900089629,True,True,True
Context-adaptive 1/2/3 m target,Identity baseline,2555,wedding,2.0,1.3391889091706777,1.472912553790627,0.8399393695600009,True,True,True
Context-adaptive 1/2/3 m target,Identity baseline,2556,wedding,1.0,0.6197534588134932,0.954550593974716,1.6843302974990693,True,True,True
Context-adaptive 1/2/3 m target,Identity baseline,2557,wedding,2.0,1.4879788543357986,1.2893912353012835,0.8519331241224696,True,True,True
Context-adaptive 1/2/3 m target,Identity baseline,2558,wedding,2.0,0.4248304561804662,0.9999998910352588,4.97117803028103,True,True,True
Context-adaptive 1/2/3 m target,Identity baseline,2559,wedding,2.0,0.19833599890360054,0.5000000651925802,2.1800644026069422,True,True,True
Context-adaptive 1/2/3 m target,Identity baseline,2560,wedding,2.0,0.6056325609516608,0.8540048958038157,2.7351153866341185,True,True,True
Context-adaptive 1/2/3 m target,Identity baseline,2561,wedding,2.0,0.7555336818776437,1.6145656906997337,7.625027209190133,True,True,True
Context-adaptive 1/2/3 m target,Identity baseline,2562,wedding,1.0,0.4455180429810642,0.5385225326250485,0.8558611042716581,True,True,True
Context-adaptive 1/2/3 m target,Identity baseline,2563,wedding,1.0,0.6302996998758343,0.8149938560213539,0.5082092804878529,True,True,True
Context-adaptive 1/2/3 m target,Identity baseline,2564,wedding,1.0,0.15556492169228872,0.5004458264339483,1.1111783425351756,True,True,True
Context-adaptive 1/2/3 m target,Identity baseline,2565,wedding,1.0,0.884953173942038,1.2255365163546785,1.4704679328872077,True,True,True
Context-adaptive 1/2/3 m target,Identity baseline,2566,wedding,2.0,0.9282748984873561,1.1180338987338188,1.8219010536943798,True,True,True
Context-adaptive 1/2/3 m target,Identity baseline,2567,wedding,3.0,0.46249077224765933,1.079653839068716,2.227877768048364,True,True,True
Context-adaptive 1/2/3 m target,Identity baseline,2568,wedding,3.0,0.8021805368433446,2.657536524997722,1.0800540100053886,True,True,True
Context-adaptive 1/2/3 m target,Identity baseline,2569,wedding,1.0,0.9366369185658405,1.18976337710096,1.9725966949990539,True,True,True
Context-adaptive 1/2/3 m target,Identity baseline,2570,wedding,2.0,0.0,0.0,0.0,True,True,True
Context-adaptive 1/2/3 m target,Identity baseline,2571,wedding,2.0,0.7347073859141476,1.4999999795109034,5.299121383085728,True,True,True
Context-adaptive 1/2/3 m target,Identity baseline,2572,wedding,2.0,0.3725096870439334,0.48384395798045043,1.0588903717261897,True,True,True
Context-adaptive 1/2/3 m target,Identity baseline,2573,wedding,1.0,0.8552993109545041,1.4697176712707578,1.8304265634200239,True,True,True
Context-adaptive 1/2/3 m target,Identity baseline,2574,wedding,1.0,0.2646466310386842,0.4884064786160266,0.08802844656596434,True,True,True
Context-adaptive 1/2/3 m target,Identity baseline,2575,wedding,2.0,7.560409540670698,1.0853043015819948,3.328839099878325,True,True,True
Context-adaptive 1/2/3 m target,Identity baseline,2576,wedding,2.0,0.5095523263252096,0.7500000332365744,0.22503982358686542,True,True,True
Context-adaptive 1/2/3 m target,Identity baseline,2577,wedding,2.0,0.833011890443107,1.519086811851476,4.907771257052776,True,True,True
Context-adaptive 1/2/3 m target,Identity baseline,2578,wedding,2.0,1.3965376643277017,1.0457083472436441,3.593945837282347,True,True,True
Context-adaptive 1/2/3 m target,Identity baseline,2579,wedding,2.0,0.8419395860379469,1.7622612185433604,9.176579338511177,True,True,True
Context-adaptive 1/2/3 m target,Identity baseline,2580,wedding,2.0,0.5540819551239234,1.695297455973128,1.2663433389804108,True,True,True
Context-adaptive 1/2/3 m target,Identity baseline,2581,wedding,1.0,0.2328728860935528,0.781035731758552,1.144684635729321,True,True,True
Context-adaptive 1/2/3 m target,Identity baseline,2582,wedding,2.0,0.6088238345037505,1.585097441672602,6.216930364608411,True,True,True
Context-adaptive 1/2/3 m target,Identity baseline,2583,wedding,2.0,0.7419612869151461,1.057397094847815,0.17564835896846742,True,True,True
Context-adaptive 1/2/3 m target,Identity baseline,2584,wedding,1.0,0.005524272396854169,0.009438585576653977,0.005110842610291388,True,True,True
Context-adaptive 1/2/3 m target,Identity baseline,2585,wedding,2.0,1.068600377785026,1.5035960253971155,0.6362475545142862,True,True,True
Context-adaptive 1/2/3 m target,Identity baseline,2586,wedding,1.0,0.46413751261774117,0.5702727439162463,1.3544111600888236,True,True,True
Context-adaptive 1/2/3 m target,Identity baseline,2587,wedding,2.0,0.7881917899000446,1.0272462125986583,1.5680457993599917,True,True,True
Context-adaptive 1/2/3 m target,Identity baseline,2588,wedding,1.0,0.4599101938386345,0.8971208538268559,0.31342599628728995,True,True,True
Context-adaptive 1/2/3 m target,Identity baseline,2589,wedding,3.0,1.6011526421582538,1.499999257735908,1.1929385636301806,True,True,True
Context-adaptive 1/2/3 m target,Identity baseline,2590,wedding,1.0,0.4228143327945123,0.6115097184486478,0.042368056308335456,True,True,True
Context-adaptive 1/2/3 m target,Identity baseline,2591,wedding,3.0,0.29661789086565565,0.8355289759442396,1.870774546964879,True,True,True
Context-adaptive 1/2/3 m target,Identity baseline,2592,wedding,3.0,2.2637385486769612,3.9249116732478684,24.38035936248049,True,True,True
Context-adaptive 1/2/3 m target,Identity baseline,2593,wedding,2.0,0.9416574180652939,1.066061298136762,2.0596625863960716,True,True,True
Context-adaptive 1/2/3 m target,Identity baseline,2594,wedding,2.0,2.139527007638512,1.667248230469962,1.3963234214538147,True,True,True
Context-adaptive 1/2/3 m target,Identity baseline,2595,wedding,2.0,0.7589593482185417,1.3139434277361315,4.2288429516240065,True,True,True
Context-adaptive 1/2/3 m target,Identity baseline,2596,wedding,1.0,0.34728283164201446,0.6789905199447976,1.3757613769406385,True,True,True
Context-adaptive 1/2/3 m target,Identity baseline,2597,wedding,1.0,0.4681963410463154,0.978837202133768,1.5003241517783463,True,True,True
Context-adaptive 1/2/3 m target,Identity baseline,2598,wedding,1.0,0.5982049040169648,0.9356743174244592,2.8005754660346796,True,True,True
Context-adaptive 1/2/3 m target,Identity baseline,2599,wedding,1.0,0.6128706683741935,0.9342619847928441,1.7672840570197441,True,True,True
Context-adaptive 1/2/3 m target,Identity baseline,2600,wedding,3.0,0.245503975639912,1.0915157699206786,0.8401851492900573,True,True,True
Context-adaptive 1/2/3 m target,Identity baseline,2601,wedding,2.0,1.1892462443395735,1.7177947192933003,5.156573135533904,True,True,True
Context-adaptive 1/2/3 m target,Identity baseline,2602,wedding,2.0,1.6350258674467641,1.1232502303231275,3.226736904006093,True,True,True
Context-adaptive 1/2/3 m target,Identity baseline,2603,wedding,2.0,0.48080207118398094,0.9722718107136585,3.259277995358071,True,True,True
Context-adaptive 1/2/3 m target,Identity baseline,2604,wedding,2.0,0.6409584009757021,0.8560567713050107,2.3425356245613083,True,True,True
Context-adaptive 1/2/3 m target,Identity baseline,2605,wedding,2.0,0.2955873068393901,0.5000002067536116,3.1963469102560067,True,True,True
Context-adaptive 1/2/3 m target,Identity baseline,2606,wedding,2.0,0.20955857108837228,0.27597378881023044,0.14458068884897904,True,True,True
Context-adaptive 1/2/3 m target,Identity baseline,2607,wedding,2.0,0.29476016365630703,0.7012591638442282,1.7215903001354886,True,True,True
Context-adaptive 1/2/3 m target,Identity baseline,2608,wedding,1.0,0.012352671338086657,0.024501480405364436,0.11073275630069927,True,True,True
Context-adaptive 1/2/3 m target,Identity baseline,2609,wedding,2.0,0.17053814268593653,0.46854758332782553,0.7339699930399967,True,True,True
Context-adaptive 1/2/3 m target,Identity baseline,2610,wedding,2.0,0.9387363891202547,1.4739184705656385,1.215731678420883,True,True,True
Context-adaptive 1/2/3 m target,Identity baseline,2611,wedding,2.0,1.0367690429295233,1.2057364064688991,5.272332154803768,True,True,True
Context-adaptive 1/2/3 m target,Identity baseline,2612,wedding,1.0,0.017469404001747284,0.04396482572978253,0.06028173466603504,True,True,True
Context-adaptive 1/2/3 m target,Identity baseline,2613,wedding,3.0,1.183019981160294,2.0155642525156217,4.050722558313737,True,True,True
Context-adaptive 1/2/3 m target,Identity baseline,2614,wedding,1.0,0.08924732344171206,0.33890131256398226,0.37719164667282473,True,True,True
Context-adaptive 1/2/3 m target,Identity baseline,2615,wedding,1.0,0.4287631940394493,0.6450097557513021,0.9908369690277891,True,True,True
Context-adaptive 1/2/3 m target,Identity baseline,2616,wedding,2.0,0.866923509217784,0.9586855910203624,1.2484664974935407,True,True,True
Context-adaptive 1/2/3 m target,Identity baseline,2617,wedding,2.0,0.44221790761188196,0.6669730575638548,0.2174673359998124,True,True,True
Context-adaptive 1/2/3 m target,Identity baseline,2618,wedding,2.0,0.019917979564825876,0.04067394151714475,0.1542108906159931,True,True,True
Context-adaptive 1/2/3 m target,Identity baseline,2619,wedding,2.0,0.9358383454383609,1.259323530915582,3.628735803443132,True,True,True
Context-adaptive 1/2/3 m target,Identity baseline,2620,wedding,2.0,1.4466314505886344,2.192934259787382,0.6427259750509703,True,True,True
Context-adaptive 1/2/3 m target,Identity baseline,2621,wedding,2.0,0.5622015017182325,0.7678689795271398,0.18904588057572477,True,True,True
Context-adaptive 1/2/3 m target,Identity baseline,2622,wedding,2.0,0.6889411419998103,1.3287682488232573,12.835424023346462,True,True,True
Context-adaptive 1/2/3 m target,Identity baseline,2623,wedding,2.0,1.349981059732841,1.4616006764313203,8.837013087325357,True,True,True
Context-adaptive 1/2/3 m target,Identity baseline,2624,wedding,2.0,0.8262988017529918,0.8867838706392404,4.799348141544963,True,True,True
Context-adaptive 1/2/3 m target,Identity baseline,2625,wedding,2.0,0.6406012584587885,0.822146521787064,0.07665818610233605,True,True,True
Context-adaptive 1/2/3 m target,Identity baseline,2626,wedding,1.0,0.9981674106397808,1.6248247037357122,0.27042705367325287,True,True,True
Context-adaptive 1/2/3 m target,Identity baseline,2627,wedding,2.0,0.5908130788193952,0.632929012437197,0.3434567968775153,True,True,True
Context-adaptive 1/2/3 m target,Identity baseline,2628,wedding,2.0,0.49243545628065866,1.297097889997343,2.6913872512950454,True,True,True
Context-adaptive 1/2/3 m target,Identity baseline,2629,wedding,2.0,1.0205859820878929,1.3298930365532693,0.7084489924962253,True,True,True
Context-adaptive 1/2/3 m target,Identity baseline,2630,wedding,2.0,1.8112788131652766,1.9190076373212168,8.326357240097439,True,True,True
Context-adaptive 1/2/3 m target,Identity baseline,2631,wedding,2.0,0.8554777333107746,1.1626114048433134,1.2675788832027646,True,True,True
Context-adaptive 1/2/3 m target,Identity baseline,2632,wedding,2.0,1.7409521679695317,1.1999997711740475,1.3543652520944294,True,True,True
Context-adaptive 1/2/3 m target,Identity baseline,2633,wedding,2.0,1.039943225003071,1.3649024946196775,4.676430174023934,True,True,True
Context-adaptive 1/2/3 m target,Identity baseline,2634,wedding,2.0,0.01104855994045959,0.0239577973187384,0.0642431481718373,True,True,True
Context-adaptive 1/2/3 m target,Identity baseline,2635,wedding,2.0,0.8668355597300004,1.5643074707556786,5.000064943073788,True,True,True
Context-adaptive 1/2/3 m target,Identity baseline,2636,wedding,3.0,1.9718863751251707,2.40858251367023,8.707413686283278,True,True,True
Context-adaptive 1/2/3 m target,Identity baseline,2637,wedding,3.0,0.6704654139420202,0.726721758940686,3.014170201147001,True,True,True
Context-adaptive 1/2/3 m target,Identity baseline,2638,wedding,2.0,0.22783857893650108,0.48257010056889216,0.15657630047737933,True,True,True
Context-adaptive 1/2/3 m target,Identity baseline,2639,wedding,3.0,0.9944916312586635,2.036544547008396,0.009395579437805538,True,True,True
Context-adaptive 1/2/3 m target,Identity baseline,2640,wedding,3.0,0.33498228796883994,0.5848618234525775,0.9161246543826489,True,True,True
Context-adaptive 1/2/3 m target,Identity baseline,2641,wedding,3.0,0.3389220011141637,0.5000000722706331,2.1327753619587964,True,True,True
Context-adaptive 1/2/3 m target,Identity baseline,2642,wedding,3.0,0.45834816936379424,0.5908147389089996,1.2654103582068001,True,True,True
Context-adaptive 1/2/3 m target,Identity baseline,2643,wedding,2.0,0.9959482547290935,1.8726584633781302,0.22781394623044526,True,True,True
Context-adaptive 1/2/3 m target,Identity baseline,2644,wedding,2.0,0.7424957381304809,0.8738850261582539,0.644814978142457,True,True,True
Context-adaptive 1/2/3 m target,Identity baseline,2645,wedding,1.0,0.480802137266689,0.7990241014156231,2.4767904756290586,True,True,True
Context-adaptive 1/2/3 m target,Identity baseline,2646,wedding,2.0,1.8456109591567167,2.0516629362002425,1.6639704339090586,True,True,True
Context-adaptive 1/2/3 m target,Identity baseline,2647,wedding,2.0,1.427305428095099,2.3749998864368536,7.751312141847425,True,True,True
Context-adaptive 1/2/3 m target,Identity baseline,2648,wedding,1.0,0.09127598982778891,0.21386978610788468,0.05987142424909461,True,True,True
Context-adaptive 1/2/3 m target,Identity baseline,2649,wedding,2.0,0.752802336467178,1.4999996973201632,2.5192143231187494,True,True,True
Context-adaptive 1/2/3 m target,Identity baseline,2650,wedding,2.0,0.7142564617114084,1.4999997522681952,4.0672219845401285,True,True,True
Context-adaptive 1/2/3 m target,Identity baseline,2651,wedding,2.0,1.1656736813967195,1.3510093148458033,0.09176412658907064,True,True,True
Context-adaptive 1/2/3 m target,Identity baseline,2652,wedding,2.0,0.5124488126955746,1.1457921867631844,2.019259484412081,True,True,True
Context-adaptive 1/2/3 m target,Identity baseline,2653,wedding,3.0,0.6264631397975029,0.838747992478174,4.203300798778919,True,True,True
Context-adaptive 1/2/3 m target,Identity baseline,2654,wedding,1.0,0.29403454587274275,0.5896238534483784,1.0703449395512075,True,True,True
Context-adaptive 1/2/3 m target,Identity baseline,2655,wedding,2.0,0.7044908926507518,1.3844655857534882,1.792989909640326,True,True,True
Context-adaptive 1/2/3 m target,Identity baseline,2656,wedding,1.0,0.6188170271395884,0.9257503615207647,2.7659788620948733,True,True,True
Context-adaptive 1/2/3 m target,Identity baseline,2657,wedding,1.0,0.007812538155121729,0.031250152620486915,4.763424052275511e-10,True,True,True
Context-adaptive 1/2/3 m target,Identity baseline,2658,wedding,1.0,0.5290914343102301,0.49999967869371176,1.1939820993081223,True,True,True
Context-adaptive 1/2/3 m target,Identity baseline,2659,wedding,2.0,1.0039897884847204,1.8179629316977752,2.2712752416423254,True,True,True
Context-adaptive 1/2/3 m target,Identity baseline,2660,wedding,2.0,0.2501220175823829,0.49999997206032276,0.4887554452630892,True,True,True
Context-adaptive 1/2/3 m target,Identity baseline,2661,wedding,2.0,0.2932030350355308,0.5590174283942619,0.3398872303711413,True,True,True
Context-adaptive 1/2/3 m target,Identity baseline,2662,wedding,2.0,0.6188911654528595,1.3895210606402715,2.9126548883677854,True,True,True
Context-adaptive 1/2/3 m target,Identity baseline,2663,wedding,2.0,0.7374851020751456,1.0793694296940501,8.805805159061821,True,True,True
Context-adaptive 1/2/3 m target,Identity baseline,2664,wedding,2.0,0.5733012216574246,0.8147156768268149,1.9176883344449998,True,True,True
Context-adaptive 1/2/3 m target,Identity baseline,2665,wedding,2.0,1.7519869222615625,1.458291798428147,1.2706485255039959,True,True,True
Context-adaptive 1/2/3 m target,Identity baseline,2666,wedding,2.0,1.3230832839630253,1.9053612723586524,0.7817037879507044,True,True,True
Context-adaptive 1/2/3 m target,Identity baseline,2667,wedding,2.0,1.17213533199999,1.2689121744927763,4.607088053380969,True,True,True
Context-adaptive 1/2/3 m target,Identity baseline,2668,wedding,2.0,0.0932604317022154,0.40397687788864634,0.5454224219176301,True,True,True
Context-adaptive 1/2/3 m target,Identity baseline,2669,wedding,3.0,0.5101508251528133,1.1025514768958316,2.22502791813529,True,True,True
Context-adaptive 1/2/3 m target,Identity baseline,2670,wedding,2.0,0.5238455108548578,1.2597279688419054,3.7877955290097103,True,True,True
Context-adaptive 1/2/3 m target,Identity baseline,2671,wedding,1.0,0.0055242727158366645,0.022798044253863857,0.02548204485357936,True,True,True
Context-adaptive 1/2/3 m target,Identity baseline,2672,wedding,1.0,0.6808987136415298,0.706782407085385,0.639312771194959,True,True,True
Context-adaptive 1/2/3 m target,Identity baseline,2673,wedding,1.0,0.6609301003823697,0.897075436089693,1.3777786765162578,True,True,True
Context-adaptive 1/2/3 m target,Identity baseline,2674,wedding,2.0,0.5243694947681838,0.6866422047132698,3.1888374184288604,True,True,True
Context-adaptive 1/2/3 m target,Identity baseline,2675,wedding,2.0,3.710945663918321,1.3316642930401568,5.7509722830767425,True,True,True
Context-adaptive 1/2/3 m target,Identity baseline,2676,wedding,2.0,1.173319530178546,1.973613058650972,14.423696077554524,True,True,True
Context-adaptive 1/2/3 m target,Identity baseline,2677,wedding,1.0,0.6679573737398943,0.8663254555650022,0.1486295419616987,True,True,True
Context-adaptive 1/2/3 m target,Identity baseline,2678,wedding,1.0,0.783823888899779,0.999999962747097,0.6504973690536602,True,True,True
Context-adaptive 1/2/3 m target,Identity baseline,2679,wedding,1.0,1.1570150605825493,0.8061170313389986,1.1382054464337539,True,True,True
Context-adaptive 1/2/3 m target,Identity baseline,2680,wedding,1.0,0.6880324954495146,1.126675932478204,4.356106588466682,True,True,True
Context-adaptive 1/2/3 m target,Identity baseline,2681,wedding,1.0,0.5515702659976507,0.9649695986851647,1.9838982400889982,True,True,True
Context-adaptive 1/2/3 m target,Identity baseline,2682,wedding,2.0,0.8415589331395605,1.125000296276994,0.8949295046277743,True,True,True
Context-adaptive 1/2/3 m target,Identity baseline,2683,wedding,2.0,0.8143196597254916,1.1962090900222233,2.7376837495877835,True,True,True
Context-adaptive 1/2/3 m target,Identity baseline,2684,wedding,2.0,0.8394349131968932,0.9196066037082345,1.611512406412292,True,True,True
Context-adaptive 1/2/3 m target,Identity baseline,2685,wedding,1.0,0.3824536292839996,0.442207527889872,0.3516842081583703,True,True,True
Context-adaptive 1/2/3 m target,Identity baseline,2686,wedding,1.0,0.40304478240871894,0.9359770909082248,1.0956888314436726,True,True,True
Context-adaptive 1/2/3 m target,Identity baseline,2687,wedding,1.0,0.4329069393400735,0.6397346219189519,0.47003658801870957,True,True,True
Context-adaptive 1/2/3 m target,Identity baseline,2688,wedding,1.0,0.2744958003345408,0.5340008076769855,1.1033217119585885,True,True,True
Context-adaptive 1/2/3 m target,Identity baseline,2689,wedding,1.0,0.0897587475389629,0.3200919908279565,0.08459938109438724,True,True,True
Context-adaptive 1/2/3 m target,Identity baseline,2690,wedding,2.0,0.09026744852012131,0.38070528898030676,0.3513111739892972,True,True,True
Context-adaptive 1/2/3 m target,Identity baseline,2691,wedding,2.0,0.5522614698593216,0.6123633207261326,2.728853701398809,True,True,True
Context-adaptive 1/2/3 m target,Identity baseline,2692,wedding,1.0,0.5826207728715418,1.1387738879117812,0.6986376027604848,True,True,True
Context-adaptive 1/2/3 m target,Identity baseline,2693,wedding,3.0,1.3516528258342597,1.5206528467686902,1.626408909878303,True,True,True
Context-adaptive 1/2/3 m target,Identity baseline,2694,wedding,2.0,1.1444446144375777,0.9592686259188752,2.585744754939978,True,True,True
Context-adaptive 1/2/3 m target,Identity baseline,2695,wedding,2.0,0.5188405855981503,0.8302675791557345,2.317243574393669,True,True,True
Context-adaptive 1/2/3 m target,Identity baseline,2696,wedding,3.0,0.6815035191943047,1.134804447955554,0.42750488906437195,True,True,True
Context-adaptive 1/2/3 m target,Identity baseline,2697,wedding,3.0,1.4707017636918225,1.7782469764520326,3.8595879029340745,True,True,True
Context-adaptive 1/2/3 m target,Identity baseline,2698,wedding,2.0,1.1752426237584928,1.5374020357004778,3.770402085848497,True,True,True
Context-adaptive 1/2/3 m target,Identity baseline,2699,wedding,3.0,0.5471260795360839,0.8175923228015872,8.414887309882586,True,True,True
Context-adaptive 1/2/3 m target,Identity baseline,2700,wedding,2.0,0.6134428837734238,1.0387915714574651,0.7631836884164113,True,True,True
Context-adaptive 1/2/3 m target,Identity baseline,2701,wedding,3.0,0.5886136703057967,0.7762336700751691,12.0433969795163,True,True,True
Context-adaptive 1/2/3 m target,Identity baseline,2702,wedding,3.0,0.8433520689447458,1.103151779656447,1.4624252987639315,True,True,True
Context-adaptive 1/2/3 m target,Identity baseline,2703,wedding,2.0,0.5294373524573223,0.9259451816172583,1.470399188405502,True,True,True
Context-adaptive 1/2/3 m target,Identity baseline,2704,wedding,2.0,0.9785605736068149,1.3472857308227864,1.7432845495821656,True,True,True
Context-adaptive 1/2/3 m target,Identity baseline,2705,wedding,3.0,0.15644517864886043,0.36187778679931,0.33124595685900815,True,True,True
Context-adaptive 1/2/3 m target,Identity baseline,2706,wedding,3.0,1.3442494714556292,2.492815119467314,9.057932863046615,True,True,True
Context-adaptive 1/2/3 m target,Identity baseline,2707,wedding,3.0,0.6123724093974475,1.3541626200407397,1.7646644427463738,True,True,True
Context-adaptive 1/2/3 m target,Identity baseline,2708,wedding,3.0,0.3057374108835253,0.3955871386954367,0.6958946975114856,True,True,True
Context-adaptive 1/2/3 m target,Identity baseline,2709,wedding,3.0,0.34851106505867446,1.2134065946325063,2.2863015026774764,True,True,True
Context-adaptive 1/2/3 m target,Identity baseline,2710,wedding,2.0,0.8238204989441174,1.563487680285234,6.394566017837744,True,True,True
Context-adaptive 1/2/3 m target,Identity baseline,2711,wedding,3.0,0.4283359518692156,0.5087128972645778,1.7774270325398616,True,True,True
Context-adaptive 1/2/3 m target,Identity baseline,2712,wedding,3.0,0.8458812893586629,2.1500328964468984,13.472635685884793,True,True,True
Context-adaptive 1/2/3 m target,Identity baseline,2713,wedding,3.0,0.7925549103953216,1.1959309926154646,2.2932159512643384,True,True,True
Context-adaptive 1/2/3 m target,Identity baseline,2714,wedding,3.0,1.2038858402770347,0.8002092101743357,1.7114833009441266,True,True,True
Context-adaptive 1/2/3 m target,Identity baseline,2715,wedding,3.0,0.6822196248077416,0.8175262838317217,2.0341501632271766,True,True,True
Context-adaptive 1/2/3 m target,Identity baseline,2716,wedding,2.0,0.41217881927913874,0.7089706541704032,0.5561273367260962,True,True,True
Context-adaptive 1/2/3 m target,Identity baseline,2717,wedding,3.0,1.7266508161525433,2.787018977058247,7.3489054554436635,True,True,True
Context-adaptive 1/2/3 m target,Identity baseline,2718,wedding,2.0,0.3645601389320436,0.9326355645479799,0.859736932160581,True,True,True
Context-adaptive 1/2/3 m target,Identity baseline,2719,wedding,3.0,0.3039354010577449,0.41176479600150795,1.1627899244032134,True,True,True
Context-adaptive 1/2/3 m target,Identity baseline,2720,wedding,3.0,0.7751912816851089,1.8036318017753028,2.458981984662352,True,True,True
Context-adaptive 1/2/3 m target,Identity baseline,2721,wedding,2.0,0.6088739540804108,0.7464830938368084,1.7693341202094406,True,True,True
Context-adaptive 1/2/3 m target,Identity baseline,2722,wedding,2.0,0.49899192337861803,0.6715193428328683,2.016263685267527,True,True,True
Context-adaptive 1/2/3 m target,Identity baseline,2723,wedding,2.0,1.0278412141131121,1.691690948697667,0.6667683288978286,True,True,True
Context-adaptive 1/2/3 m target,Identity baseline,2724,wedding,1.0,0.7876301262439093,1.17720739197702,0.5989156910003095,True,True,True
Context-adaptive 1/2/3 m target,Identity baseline,2725,wedding,2.0,0.6731229397897793,1.8171680148156992,5.460139763131692,True,True,True
Context-adaptive 1/2/3 m target,Identity baseline,2726,wedding,2.0,0.5595625650066574,0.9999998398125172,2.8821962523070956,True,True,True
Context-adaptive 1/2/3 m target,Identity baseline,2727,wedding,2.0,1.108191467037011,1.7480271479692957,0.2546764330878357,True,True,True
Context-adaptive 1/2/3 m target,Identity baseline,2728,wedding,1.0,0.28848125510124667,0.5602980630689528,0.13048654771956578,True,True,True
Context-adaptive 1/2/3 m target,Identity baseline,2729,wedding,1.0,0.0,0.0,0.0,True,True,True
Context-adaptive 1/2/3 m target,Identity baseline,2730,wedding,2.0,1.1966011485065564,1.5000001890584826,3.762423032319015,True,True,True
Context-adaptive 1/2/3 m target,Identity baseline,2731,wedding,1.0,0.0,0.0,0.0,True,True,True
Context-adaptive 1/2/3 m target,Identity baseline,2732,wedding,1.0,0.31230463035927636,0.421669255305828,0.3102540417698046,True,True,True
Context-adaptive 1/2/3 m target,Identity baseline,2733,wedding,3.0,0.8948468575186237,2.2733282072958683,11.461980987055027,True,True,True
Context-adaptive 1/2/3 m target,Identity baseline,2734,wedding,3.0,1.0767087694671766,0.8656647957985348,5.491241766603987,True,True,True
Context-adaptive 1/2/3 m target,Identity baseline,2735,wedding,3.0,0.6563430114862667,1.5899969145833026,12.81417728356229,True,True,True
Context-adaptive 1/2/3 m target,Identity baseline,2736,wedding,1.0,0.2970804973654522,0.4774872695504146,0.461059082943945,True,True,True
Context-adaptive 1/2/3 m target,Identity baseline,2737,wedding,2.0,1.1783803629703486,1.6899730496645302,2.3878160831208723,True,True,True
Context-adaptive 1/2/3 m target,Identity baseline,2738,wedding,1.0,0.2543565345219094,0.4870763038859979,0.06830740730430876,True,True,True
Context-adaptive 1/2/3 m target,Identity baseline,2739,wedding,2.0,1.0909004299498204,1.5322067832462936,1.1475359933041043,True,True,True
Context-adaptive 1/2/3 m target,Identity baseline,2740,wedding,3.0,2.8477607373946046,2.1619018324820956,5.4659980168019855,True,True,True
Context-adaptive 1/2/3 m target,Identity baseline,2741,wedding,1.0,0.31623750208376916,0.49465488374624905,0.14744367719202248,True,True,True
Context-adaptive 1/2/3 m target,Identity baseline,2742,wedding,2.0,0.9362296164994188,1.2121208084074528,1.2115681885343128,True,True,True
Context-adaptive 1/2/3 m target,Identity baseline,2743,wedding,1.0,0.4573816891630395,0.835288140782318,0.2744161588056722,True,True,True
Context-adaptive 1/2/3 m target,Identity baseline,2744,wedding,1.0,0.36102711282691935,0.6513703679384832,0.029651516919422534,True,True,True
Context-adaptive 1/2/3 m target,Identity baseline,2745,wedding,2.0,0.8432434480146039,1.170000508297247,0.7840815153217359,True,True,True
Context-adaptive 1/2/3 m target,Identity baseline,2746,wedding,1.0,0.48374458304914025,1.1480651850805421,2.572059436282363,True,True,True
Context-adaptive 1/2/3 m target,Identity baseline,2747,wedding,1.0,0.4322015280255654,0.5550976568618399,0.37129172006443695,True,True,True
Context-adaptive 1/2/3 m target,Identity baseline,2748,wedding,2.0,0.5431233029237409,1.7176031204896525,3.745035743789276,True,True,True
Context-adaptive 1/2/3 m target,Identity baseline,2749,wedding,3.0,0.6694633384104475,1.1473474742111518,3.925819409495173,True,True,True
Context-adaptive 1/2/3 m target,Identity baseline,2750,wedding,3.0,0.08873293955727132,0.3124323780861823,0.906809139089952,True,True,True
Context-adaptive 1/2/3 m target,Identity baseline,2751,wedding,1.0,0.005524246363766587,0.024812559331348714,0.01788700547213564,True,True,True
Context-adaptive 1/2/3 m target,Identity baseline,2752,wedding,2.0,0.412067705364827,0.5820855896708054,0.9143006236434645,True,True,True
Context-adaptive 1/2/3 m target,Identity baseline,2753,wedding,1.0,0.30995048609282255,0.4999998128041625,2.1747062155560006,True,True,True
Context-adaptive 1/2/3 m target,Identity baseline,2754,wedding,2.0,0.12536568358656724,0.48413870646362644,0.7623516682063258,True,True,True
Context-adaptive 1/2/3 m target,Identity baseline,2755,wedding,2.0,0.5105096649614109,0.9999999450519681,1.093978480123707,True,True,True
Context-adaptive 1/2/3 m target,Identity baseline,2756,wedding,1.0,0.16228577247323686,0.3406407114664704,0.6385459468233825,True,True,True
Context-adaptive 1/2/3 m target,Identity baseline,2757,wedding,3.0,0.9536692301199857,1.5902103698217618,2.413394716780532,True,True,True
Context-adaptive 1/2/3 m target,Identity baseline,2758,wedding,1.0,0.0,0.0,0.0,True,True,True
Context-adaptive 1/2/3 m target,Identity baseline,2759,wedding,1.0,0.3150288439326275,0.5629082201117006,0.9179648936505391,True,True,True
Context-adaptive 1/2/3 m target,Identity baseline,2760,wedding,2.0,0.3184012693280771,0.6850092055109696,1.1482969942049484,True,True,True
Context-adaptive 1/2/3 m target,Identity baseline,2761,wedding,1.0,0.014615810073219875,0.04067435037987495,0.09323852888706854,True,True,True
Context-adaptive 1/2/3 m target,Identity baseline,2762,wedding,2.0,0.4357177504421148,0.6496245618681707,1.3727312896017494,True,True,True
Context-adaptive 1/2/3 m target,Identity baseline,2763,wedding,2.0,1.0132634499051205,0.9782333828037011,0.01639049952824281,True,True,True
Context-adaptive 1/2/3 m target,Identity baseline,2764,wedding,1.0,0.0,0.0,0.0,True,True,True
Context-adaptive 1/2/3 m target,Identity baseline,2765,wedding,2.0,0.7005377582903397,1.1071079618237794,0.16151053580384295,True,True,True
Context-adaptive 1/2/3 m target,Identity baseline,2766,wedding,2.0,0.1904070157191176,0.4563964832122577,0.007110631856178224,True,True,True
Context-adaptive 1/2/3 m target,Identity baseline,2767,wedding,2.0,1.3579712204264964,1.6145665987279605,0.13707163325050983,True,True,True
Context-adaptive 1/2/3 m target,Identity baseline,2768,wedding,2.0,0.005524200646372072,0.031215322890431475,0.03195612970774655,True,True,True
Context-adaptive 1/2/3 m target,Identity baseline,2769,wedding,2.0,0.0,0.0,0.0,True,True,True
Context-adaptive 1/2/3 m target,Identity baseline,2770,wedding,2.0,0.08856076633083124,0.4887068327229067,0.43743074525305087,True,True,True
Context-adaptive 1/2/3 m target,Identity baseline,2771,wedding,1.0,0.5340002713020368,0.6623090412128992,2.346803956145969,True,True,True
Context-adaptive 1/2/3 m target,Identity baseline,2772,wedding,2.0,0.384800300601751,0.5587934866728963,1.4852288711775612,True,True,True
Context-adaptive 1/2/3 m target,Identity baseline,2773,wedding,1.0,0.5433479784466672,1.0435638705688943,1.2908863857114516,True,True,True
Context-adaptive 1/2/3 m target,Identity baseline,2774,wedding,2.0,0.2554341487282313,0.4123106598703995,0.3819643157722675,True,True,True
Context-adaptive 1/2/3 m target,Identity baseline,2775,wedding,2.0,0.9552039224715438,1.5262695665140598,4.092349033116878,True,True,True
Context-adaptive 1/2/3 m target,Identity baseline,2776,wedding,2.0,0.6746173854312998,0.7108510340366103,1.0343840931895982,True,True,True
Context-adaptive 1/2/3 m target,Identity baseline,2777,wedding,2.0,0.7119454793175851,1.0827572907136276,2.290929818151944,True,True,True
Context-adaptive 1/2/3 m target,Identity baseline,2778,wedding,3.0,0.6129951104745417,0.8003673439239467,4.12804331832164,True,True,True
Context-adaptive 1/2/3 m target,Identity baseline,2779,wedding,2.0,0.4555766208138462,0.6249998603365453,1.7929177937761394,True,True,True
Context-adaptive 1/2/3 m target,Identity baseline,2780,wedding,3.0,0.753592491608119,1.3565601257274735,3.688677723037858,True,True,True
Context-adaptive 1/2/3 m target,Identity baseline,2781,wedding,2.0,0.41575423679403295,0.6470592982847941,1.490064543532485,True,True,True
Context-adaptive 1/2/3 m target,Identity baseline,2782,wedding,2.0,0.559780716636278,0.6992258595424179,0.7419882019826735,True,True,True
Context-adaptive 1/2/3 m target,Identity baseline,2783,wedding,1.0,0.3020720603852108,0.4926507166339194,1.0478141039149054,True,True,True
Context-adaptive 1/2/3 m target,Identity baseline,2784,wedding,2.0,1.1262742399841381,1.681151913666282,1.6739168601433552,True,True,True
Context-adaptive 1/2/3 m target,Identity baseline,2785,wedding,2.0,1.9945146248493424,2.2687066905277273,1.8880905879810301,True,True,True
Context-adaptive 1/2/3 m target,Identity baseline,2786,wedding,2.0,1.0233629232349164,1.2121243882747008,3.8267642358319134,True,True,True
Context-adaptive 1/2/3 m target,Identity baseline,2787,wedding,2.0,0.7272132095447761,1.2026176246313274,0.7835175122431032,True,True,True
Context-adaptive 1/2/3 m target,Identity baseline,2788,wedding,2.0,4.2559092044382885,0.7613475808944684,1.7868400399917022,True,True,True
Context-adaptive 1/2/3 m target,Identity baseline,2789,wedding,1.0,0.632908908343578,0.7558066309494968,0.29852554415289817,True,True,True
Context-adaptive 1/2/3 m target,Identity baseline,2790,wedding,2.0,0.9127428384955313,2.0000003557652235,4.30840737027647,True,True,True
Context-adaptive 1/2/3 m target,Identity baseline,2791,wedding,2.0,1.5531163933401049,1.5868763773612353,2.5177591554056713,True,True,True
Context-adaptive 1/2/3 m target,Identity baseline,2792,wedding,1.0,0.08924730393283467,0.4931967468560631,0.34522436432062625,True,True,True
Context-adaptive 1/2/3 m target,Identity baseline,2793,wedding,2.0,0.9373698001607427,1.2169046021937586,1.4474797837428761,True,True,True
Context-adaptive 1/2/3 m target,Identity baseline,2794,wedding,2.0,0.5458695444346763,0.6349865086227878,0.33543785190551423,True,True,True
Context-adaptive 1/2/3 m target,Identity baseline,2795,wedding,3.0,0.609224690598729,0.9145353190039028,3.354146726591551,True,True,True
Context-adaptive 1/2/3 m target,Identity baseline,2796,wedding,3.0,0.5988423114671081,0.8479983150617275,5.767718622159411,True,True,True
Context-adaptive 1/2/3 m target,Identity baseline,2797,wedding,2.0,1.4386990685833663,1.1318409774580056,1.2625941288496891,True,True,True
Context-adaptive 1/2/3 m target,Identity baseline,2798,wedding,3.0,0.41929917688377766,0.6072046113081113,1.6835215344408416,True,True,True
Context-adaptive 1/2/3 m target,Identity baseline,2799,wedding,2.0,1.2293086752257198,1.3668066908646905,2.98418293084397,True,True,True
Context-adaptive 1/2/3 m target,Identity baseline,2800,wedding,2.0,2.6041009112599767,1.6893116122562206,6.129814727542875,True,True,True
Context-adaptive 1/2/3 m target,Identity baseline,2801,wedding,2.0,0.9331932237774786,0.744550244938265,2.4482356822599827,True,True,True
Context-adaptive 1/2/3 m target,Identity baseline,2802,wedding,1.0,0.4249022965999144,0.8476573278056732,1.9518124610853311,True,True,True
Context-adaptive 1/2/3 m target,Identity baseline,2803,wedding,1.0,0.22703339606016198,0.2960852496530437,0.8954027890864094,True,True,True
Context-adaptive 1/2/3 m target,Identity baseline,2804,wedding,2.0,0.5582248584044546,1.6726133209997833,4.923903040800922,True,True,True
Context-adaptive 1/2/3 m target,Identity baseline,2805,wedding,2.0,1.577786624566039,1.667653016899826,4.008943034565949,True,True,True
Context-adaptive 1/2/3 m target,Identity baseline,2806,wedding,2.0,0.39567055863944117,0.6043688031108437,1.309002752168142,True,True,True
Context-adaptive 1/2/3 m target,Identity baseline,2807,wedding,2.0,0.2135257950407884,0.5038911862314265,0.15158249812112626,True,True,True
Context-adaptive 1/2/3 m target,Identity baseline,2808,wedding,2.0,0.3810145980730305,0.589623652614924,0.7612806147299453,True,True,True
Context-adaptive 1/2/3 m target,Identity baseline,2809,wedding,3.0,0.8292113631721665,1.4790443109923628,2.6173526831139786,True,True,True
Context-adaptive 1/2/3 m target,Identity baseline,2810,wedding,3.0,0.21972436713058424,0.5238450641392107,1.0780220966774885,True,True,True
Context-adaptive 1/2/3 m target,Identity baseline,2811,wedding,2.0,0.005524290517117896,0.02209716202731255,0.01849888288648151,True,True,True
Context-adaptive 1/2/3 m target,Identity baseline,2812,wedding,3.0,1.3128138726688197,2.0047757987003414,2.664825139042282,True,True,True
Context-adaptive 1/2/3 m target,Identity baseline,2813,wedding,3.0,1.2059878932993298,2.067545870985438,4.017138279018913,True,True,True
Context-adaptive 1/2/3 m target,Identity baseline,2814,wedding,1.0,0.0,0.0,0.0,True,True,True
Context-adaptive 1/2/3 m target,Identity baseline,2815,wedding,3.0,1.0325512675409472,1.7968131136885515,3.6631035592049823,True,True,True
Context-adaptive 1/2/3 m target,Identity baseline,2816,wedding,2.0,0.01562496830975244,0.04776797799770607,0.12344548480521242,True,True,True
Context-adaptive 1/2/3 m target,Identity baseline,2817,wedding,2.0,0.9202348804188774,1.1375323556308685,2.495824039533877,True,True,True
Context-adaptive 1/2/3 m target,Identity baseline,2818,wedding,2.0,0.5661771965859905,1.4249996978324158,4.726079114003029,True,True,True
Context-adaptive 1/2/3 m target,Identity baseline,2819,wedding,2.0,0.9190569283179109,1.6770510254256579,2.6027268320513013,True,True,True
Context-adaptive 1/2/3 m target,Identity baseline,2820,wedding,3.0,0.24612476982415346,0.5000001462176442,0.5866970659820838,True,True,True
Context-adaptive 1/2/3 m target,Identity baseline,2821,wedding,2.0,0.9856452662871988,0.8523343143170559,2.261179060461798,True,True,True
Context-adaptive 1/2/3 m target,Identity baseline,2822,wedding,2.0,0.641172525487001,1.1509581005781357,1.4904042355718141,True,True,True
Context-adaptive 1/2/3 m target,Identity baseline,2823,wedding,2.0,1.3030257478423246,1.4990448712380033,0.9191578661247077,True,True,True
Context-adaptive 1/2/3 m target,Identity baseline,2824,wedding,2.0,0.6090744462835482,1.0238680586404663,1.2959801265611584,True,True,True
Context-adaptive 1/2/3 m target,Identity baseline,2825,wedding,1.0,0.026493469641574046,0.05977200835987464,0.07480344195689334,True,True,True
Context-adaptive 1/2/3 m target,Identity baseline,2826,wedding,3.0,0.4382666160968247,0.923285287911634,5.911897373684393,True,True,True
Context-adaptive 1/2/3 m target,Identity baseline,2827,wedding,3.0,0.9469736307221783,1.1022516026022524,0.03886283779226965,True,True,True
Context-adaptive 1/2/3 m target,Identity baseline,2828,wedding,3.0,0.8842631693458723,0.8552238440300582,3.2048678545538065,True,True,True
Context-adaptive 1/2/3 m target,Identity baseline,2829,wedding,2.0,1.0608040776471739,1.192343515518829,4.747192077169733,True,True,True
Context-adaptive 1/2/3 m target,Identity baseline,2830,wedding,1.0,0.32965598840869187,0.3875277931612309,0.12433176179001983,True,True,True
Context-adaptive 1/2/3 m target,Identity baseline,2831,wedding,2.0,0.5585528266447769,1.1258830392844,0.776466221012386,True,True,True
Context-adaptive 1/2/3 m target,Identity baseline,2832,wedding,1.0,1.2254797151406387,1.1249786377598607,0.7689510794359206,True,True,True
Context-adaptive 1/2/3 m target,Identity baseline,2833,wedding,2.0,1.675403269269282,1.0292415976453249,1.0984920099197115,True,True,True
Context-adaptive 1/2/3 m target,Identity baseline,2834,wedding,3.0,1.6436077449680655,1.6523054886008712,1.0991022669759123,True,True,True
Context-adaptive 1/2/3 m target,Identity baseline,2835,wedding,2.0,0.09127593098494073,0.3675896161364962,0.38128197072421366,True,True,True
Context-adaptive 1/2/3 m target,Identity baseline,2836,wedding,2.0,0.345830044533527,0.6800734501516014,0.6780048800877216,True,True,True
Context-adaptive 1/2/3 m target,Identity baseline,2837,wedding,2.0,0.6020696147737835,0.6860324263211928,0.7174031287136546,True,True,True
Context-adaptive 1/2/3 m target,Identity baseline,2838,wedding,3.0,1.5087735290061903,2.999999930150807,4.836415385182705,True,True,True
Context-adaptive 1/2/3 m target,Identity baseline,2839,wedding,3.0,1.2213263777667267,1.7461345910761819,3.294026487972248,True,True,True
Context-adaptive 1/2/3 m target,Identity baseline,2840,wedding,3.0,1.0297841528009064,1.6063236056463468,4.62341494884894,True,True,True
Context-adaptive 1/2/3 m target,Identity baseline,2841,wedding,1.0,0.6466702750395353,1.1722020259470454,0.2110528058402515,True,True,True
Context-adaptive 1/2/3 m target,Identity baseline,2842,wedding,2.0,0.6366828171888597,0.9521574838694975,0.9317586352742926,True,True,True
Context-adaptive 1/2/3 m target,Identity baseline,2843,wedding,1.0,0.43053891171984093,0.6262658634216676,1.2102280464526527,True,True,True
Context-adaptive 1/2/3 m target,Identity baseline,2844,wedding,2.0,0.4501179744354537,1.0031134048114414,2.799899659812634,True,True,True
Context-adaptive 1/2/3 m target,Identity baseline,2845,wedding,2.0,0.28534348522675074,0.7339012496530236,0.7550832846681329,True,True,True
Context-adaptive 1/2/3 m target,Identity baseline,2846,wedding,2.0,1.2056714817404937,1.5617377478622076,0.6455525632594293,True,True,True
Context-adaptive 1/2/3 m target,Identity baseline,2847,wedding,2.0,0.7479831604390643,1.1321755327575809,0.11724555081079227,True,True,True
Context-adaptive 1/2/3 m target,Identity baseline,2848,wedding,2.0,0.6639016279749761,0.7177591686312952,1.9058682700581302,True,True,True
Context-adaptive 1/2/3 m target,Identity baseline,2849,wedding,1.0,0.5135196312234594,0.7389195351237065,1.9186926704269973,True,True,True
Context-adaptive 1/2/3 m target,Identity baseline,2850,wedding,2.0,0.7127595353115376,0.6325962344696928,0.997072729142493,True,True,True
Context-adaptive 1/2/3 m target,Identity baseline,2851,wedding,2.0,0.8482230982941027,1.7360590635023103,1.8239038792467428,True,True,True
Context-adaptive 1/2/3 m target,Identity baseline,2852,wedding,2.0,0.31284147620961406,0.5511915544658487,3.768806782714536,True,True,True
Context-adaptive 1/2/3 m target,Identity baseline,2853,wedding,2.0,0.46584379917690993,1.3268194267061537,2.069180772353901,True,True,True
Context-adaptive 1/2/3 m target,Identity baseline,2854,wedding,2.0,4.102797452122147,1.8194778257568722,3.1708387185936515,True,True,True
Context-adaptive 1/2/3 m target,Identity baseline,2855,wedding,2.0,0.8594638460451279,0.8981957713885663,2.63272222025548,True,True,True
Context-adaptive 1/2/3 m target,Identity baseline,2856,wedding,2.0,1.0418928588152478,1.4139407971942695,2.56365876630736,True,True,True
Context-adaptive 1/2/3 m target,Identity baseline,2857,wedding,2.0,1.6686774502310695,1.102130207371441,3.6039280856052396,True,True,True
Context-adaptive 1/2/3 m target,Identity baseline,2858,wedding,3.0,0.613989885283266,0.8867364642881496,0.8695123623528969,True,True,True
Context-adaptive 1/2/3 m target,Identity baseline,2859,wedding,1.0,0.2589346156770844,0.4999999748542905,0.508740505683737,True,True,True
Context-adaptive 1/2/3 m target,Identity baseline,2860,wedding,2.0,1.2229994152361983,1.667217976817709,1.094667435340026,True,True,True
Context-adaptive 1/2/3 m target,Identity baseline,2861,wedding,1.0,0.21151545179744632,0.36973204887201566,0.3444899720993028,True,True,True
Context-adaptive 1/2/3 m target,Identity baseline,2862,wedding,2.0,0.7503864754431604,0.9000000335741822,1.8081394138328382,True,True,True
Context-adaptive 1/2/3 m target,Identity baseline,2863,wedding,3.0,1.282904329073033,2.40117149711409,4.148985315454251,True,True,True
Context-adaptive 1/2/3 m target,Identity baseline,2864,wedding,2.0,0.8367038591953467,1.2281395351456033,2.1251419945376395,True,True,True
Context-adaptive 1/2/3 m target,Identity baseline,2865,wedding,2.0,0.9532210153589393,1.3933927184312433,0.26868084070288123,True,True,True
Context-adaptive 1/2/3 m target,Identity baseline,2866,wedding,2.0,1.1287913617135195,1.3821642997880093,6.53628788807092,True,True,True
Context-adaptive 1/2/3 m target,Identity baseline,2867,wedding,2.0,1.0062973449836479,1.3785274729154529,3.547172210723705,True,True,True
Context-adaptive 1/2/3 m target,Identity baseline,2868,wedding,2.0,0.6994913086126683,1.1779708899376566,4.154045151056378,True,True,True
Context-adaptive 1/2/3 m target,Identity baseline,2869,wedding,2.0,1.3072580650000742,1.3756291017455364,3.1594975847865676,True,True,True
Context-adaptive 1/2/3 m target,Identity baseline,2870,wedding,2.0,0.9702767185371195,1.347767516392985,1.4954404915536048,True,True,True
Context-adaptive 1/2/3 m target,Identity baseline,2871,wedding,1.0,0.7257009172185879,1.1675135819817453,3.027476995667301,True,True,True
Context-adaptive 1/2/3 m target,Identity baseline,2872,wedding,2.0,0.48235471627677245,0.7015860034799839,3.035478358135787,True,True,True
Context-adaptive 1/2/3 m target,Identity baseline,2873,wedding,2.0,0.4300424528524008,0.5000005466863513,1.6032219126819556,True,True,True
Context-adaptive 1/2/3 m target,Identity baseline,2874,wedding,3.0,0.22385228868261223,0.38653668553667186,0.7278472951121295,True,True,True
Context-adaptive 1/2/3 m target,Identity baseline,2875,wedding,1.0,0.015624976873736882,0.023276376973970503,0.16247556339823907,True,True,True
Context-adaptive 1/2/3 m target,Identity baseline,2876,wedding,2.0,0.9711727448856035,1.9653654506039413,3.2721293402689646,True,True,True
Context-adaptive 1/2/3 m target,Identity baseline,2877,wedding,2.0,0.24463232484949834,0.47036035612998967,1.2240775325935114,True,True,True
Context-adaptive 1/2/3 m target,Identity baseline,2878,wedding,2.0,0.7639291613937342,1.3173100563664366,1.671563576272957,True,True,True
Context-adaptive 1/2/3 m target,Identity baseline,2879,wedding,1.0,0.26665700580019563,0.5895405902779745,0.30050889497136174,True,True,True
Context-adaptive 1/2/3 m target,Identity baseline,2880,wedding,1.0,0.5643956793455693,0.698039110354048,1.3941532740218006,True,True,True
Context-adaptive 1/2/3 m target,Identity baseline,2881,wedding,1.0,0.0,0.0,0.0,True,True,True
Context-adaptive 1/2/3 m target,Identity baseline,2882,wedding,2.0,0.8469809144384353,1.5158477069610206,0.9311866957580527,True,True,True
Context-adaptive 1/2/3 m target,Identity baseline,2883,wedding,2.0,0.5062174946733928,0.6860326577204603,1.423777588484969,True,True,True
Context-adaptive 1/2/3 m target,Identity baseline,2884,wedding,2.0,0.29037920704309167,1.0616325186875344,1.7410262149888958,True,True,True
Context-adaptive 1/2/3 m target,Identity baseline,2885,wedding,2.0,0.3105407117538244,0.9160167214343702,1.2005744689682696,True,True,True
Context-adaptive 1/2/3 m target,Identity baseline,2886,wedding,2.0,0.28281898191326243,0.5038908492846779,1.0204084052606366,True,True,True
Context-adaptive 1/2/3 m target,Identity baseline,2887,wedding,2.0,1.036489385547354,1.1538462931433555,1.422610673425089,True,True,True
Context-adaptive 1/2/3 m target,Identity baseline,2888,wedding,2.0,1.057836728510411,1.3462911897641388,0.18221938671559246,True,True,True
Context-adaptive 1/2/3 m target,Identity baseline,2889,wedding,1.0,1.622773196943202,2.3727221401932863,0.3961823924209456,True,True,True
Context-adaptive 1/2/3 m target,Identity baseline,2890,wedding,2.0,0.979682525727083,1.244776128000948,3.2757875948786594,True,True,True
Context-adaptive 1/2/3 m target,Identity baseline,2891,wedding,2.0,1.899771242738562,1.5862808133876882,4.206000193368563,True,True,True
Context-adaptive 1/2/3 m target,Identity baseline,2892,wedding,2.0,0.8159108758855341,1.5908634529055918,3.7597358837803068,True,True,True
Context-adaptive 1/2/3 m target,Identity baseline,2893,wedding,1.0,0.15963134425467326,0.33013708800687885,0.23296736123943163,True,True,True
Context-adaptive 1/2/3 m target,Identity baseline,2894,wedding,1.0,0.8278486635045582,1.1489401144197715,2.8999747732792245,True,True,True
Context-adaptive 1/2/3 m target,Identity baseline,2895,wedding,2.0,0.8330301012330649,1.4768438913349244,0.45958680277300645,True,True,True
Context-adaptive 1/2/3 m target,Identity baseline,2896,wedding,2.0,0.5680605810211593,1.1792474239775725,2.89722048174442,True,True,True
Context-adaptive 1/2/3 m target,Identity baseline,2897,wedding,2.0,0.8400163066702925,0.9827555654104897,2.4592268440720697,True,True,True
Context-adaptive 1/2/3 m target,Identity baseline,2898,wedding,2.0,1.3063471443078494,1.1520442381222895,0.2505682490872826,True,True,True
Context-adaptive 1/2/3 m target,Identity baseline,2899,wedding,2.0,1.0165560837831702,1.6492422401728655,5.642807447335354,True,True,True
Context-adaptive 1/2/3 m target,Identity baseline,2900,wedding,2.0,0.5364235766924995,0.7292037087308579,3.5474654638533263,True,True,True
Context-adaptive 1/2/3 m target,Identity baseline,2901,wedding,3.0,0.8558877635264521,1.7688290671699634,1.8932531999243651,True,True,True
Context-adaptive 1/2/3 m target,Identity baseline,2902,wedding,3.0,0.6767177069294548,1.5000000363215804,0.6454603988514572,True,True,True
Context-adaptive 1/2/3 m target,Identity baseline,2903,wedding,2.0,1.1010913789770083,1.6369862883951363,3.3583117587022553,True,True,True
Context-adaptive 1/2/3 m target,Identity baseline,2904,wedding,2.0,0.39744055194306627,1.1094004328424973,3.3300052305909746,True,True,True
Context-adaptive 1/2/3 m target,Identity baseline,2905,wedding,3.0,0.5194578400978008,0.7833805581008855,1.4380687425030845,True,True,True
Context-adaptive 1/2/3 m target,Identity baseline,2906,wedding,2.0,0.7451420852222331,0.9999999096617103,0.8344958135450158,True,True,True
Context-adaptive 1/2/3 m target,Identity baseline,2907,wedding,2.0,1.3381856726410009,1.4885635346891763,4.730932885227558,True,True,True
Context-adaptive 1/2/3 m target,Identity baseline,2908,wedding,1.0,1.0238847113015912,0.7802020663703304,2.014406090096177,True,True,True
Context-adaptive 1/2/3 m target,Identity baseline,2909,wedding,2.0,1.1324217836642971,1.4999998528510332,2.62153087607744,True,True,True
Context-adaptive 1/2/3 m target,Identity baseline,2910,wedding,1.0,0.6011818160861143,0.8682430926834633,0.633674687623293,True,True,True
Context-adaptive 1/2/3 m target,Identity baseline,2911,wedding,3.0,1.013218346694667,1.6564770885956797,2.932333308960977,True,True,True
Context-adaptive 1/2/3 m target,Identity baseline,2912,wedding,2.0,0.7080124942661855,0.9530085462431566,1.6543694875406634,True,True,True
Context-adaptive 1/2/3 m target,Identity baseline,2913,wedding,2.0,0.6800466746650673,1.0000000093132257,2.630941004139498,True,True,True
Context-adaptive 1/2/3 m target,Identity baseline,2914,wedding,2.0,0.17634461625894116,0.48199665020060173,0.4627406572567489,True,True,True
Context-adaptive 1/2/3 m target,Identity baseline,2915,wedding,3.0,0.8992014567861842,1.4658895647131238,3.587298055605674,True,True,True
Context-adaptive 1/2/3 m target,Identity baseline,2916,wedding,2.0,0.689450346512544,0.6084882540697243,1.005592150246015,True,True,True
Context-adaptive 1/2/3 m target,Identity baseline,2917,wedding,2.0,0.592566719527259,1.5498606639613965,4.151197220520625,True,True,True
Context-adaptive 1/2/3 m target,Identity baseline,2918,wedding,3.0,1.5574724191383347,2.0761633678141758,13.851483056450121,True,True,True
Context-adaptive 1/2/3 m target,Identity baseline,2919,wedding,2.0,0.31049156349125767,0.6734392232847853,4.140429197544815,True,True,True
Context-adaptive 1/2/3 m target,Identity baseline,2920,wedding,2.0,0.6145115610031966,1.2869681176842254,1.9246069013301441,True,True,True
Context-adaptive 1/2/3 m target,Identity baseline,2921,wedding,2.0,0.4146148551684406,0.881378938800078,0.8409432002005794,True,True,True
Context-adaptive 1/2/3 m target,Identity baseline,2922,wedding,2.0,1.3269181407761235,2.0139963307111968,7.268198900457125,True,True,True
Context-adaptive 1/2/3 m target,Identity baseline,2923,wedding,2.0,0.7086802725025729,1.2189205623974808,4.578839346581946,True,True,True
Context-adaptive 1/2/3 m target,Identity baseline,2924,wedding,1.0,0.6498479059293031,0.4999999525025487,0.9458974022414453,True,True,True
Context-adaptive 1/2/3 m target,Identity baseline,2925,wedding,2.0,0.49770587206337347,0.7826237970708743,2.8784806817424013,True,True,True
Context-adaptive 1/2/3 m target,Identity baseline,2926,wedding,2.0,0.4269086118393674,0.5813183795105153,0.9686298504073746,True,True,True
Context-adaptive 1/2/3 m target,Identity baseline,2927,wedding,3.0,0.9418356524912691,1.5840609459481128,3.7873245556617383,True,True,True
Context-adaptive 1/2/3 m target,Identity baseline,2928,wedding,2.0,0.4829869236321766,0.7058867794982959,0.12538473503864073,True,True,True
Context-adaptive 1/2/3 m target,Identity baseline,2929,wedding,2.0,1.2591098710059665,0.9999999478459358,2.6670223657838434,True,True,True
Context-adaptive 1/2/3 m target,Identity baseline,2930,wedding,2.0,9.887468146071924,1.850095224057606,12.700292862853674,True,True,True
Context-adaptive 1/2/3 m target,Identity baseline,2931,wedding,2.0,0.7773928132942287,0.7532510165573431,0.15774011670769233,True,True,True
Context-adaptive 1/2/3 m target,Identity baseline,2932,wedding,2.0,1.0701841653320128,1.4999999543651938,2.071071290242382,True,True,True
Context-adaptive 1/2/3 m target,Identity baseline,2933,wedding,2.0,0.4422178861102043,0.4967525387859337,0.2698006980534235,True,True,True
Context-adaptive 1/2/3 m target,Identity baseline,2934,wedding,2.0,0.6099756579456507,0.5250930563940438,1.0595579035349931,True,True,True
Context-adaptive 1/2/3 m target,Identity baseline,2935,wedding,2.0,0.7924587027233957,1.4623248353695426,4.777682791847905,True,True,True
Context-adaptive 1/2/3 m target,Identity baseline,2936,wedding,2.0,1.1831488936260235,1.3875632682497636,2.961134780543707,True,True,True
Context-adaptive 1/2/3 m target,Identity baseline,2937,wedding,2.0,0.2908517418251847,0.4999997578561306,1.170595987669704,True,True,True
Context-adaptive 1/2/3 m target,Identity baseline,2938,wedding,2.0,1.2321973581212278,1.8542593341780809,2.52773845033183,True,True,True
Context-adaptive 1/2/3 m target,Identity baseline,2939,wedding,2.0,0.3628819642196246,0.499999875202775,0.29674572912196684,True,True,True
Context-adaptive 1/2/3 m target,Identity baseline,2940,wedding,2.0,7.783232533212277,1.4999999171122909,0.7721661468590372,True,True,True
Context-adaptive 1/2/3 m target,Identity baseline,2941,wedding,2.0,3.767294241439972,1.1407664012838215,1.5184046841936498,True,True,True
Context-adaptive 1/2/3 m target,Identity baseline,2942,wedding,3.0,0.22289602021718752,0.3977157085042967,0.2702158836825209,True,True,True
Context-adaptive 1/2/3 m target,Identity baseline,2943,wedding,2.0,7.6594343930841795,1.000000111758709,2.0962498039982758,True,True,True
Context-adaptive 1/2/3 m target,Identity baseline,2944,wedding,2.0,0.29825950410336133,0.5000001834705472,0.09400415376237974,True,True,True
Context-adaptive 1/2/3 m target,Identity baseline,2945,wedding,2.0,0.3386968641036272,0.4999999552965164,2.075218743153507,True,True,True
Context-adaptive 1/2/3 m target,Identity baseline,2946,wedding,2.0,0.45648010949190304,0.7797286228923528,4.094818635388658,True,True,True
Context-adaptive 1/2/3 m target,Identity baseline,2947,wedding,2.0,1.0735580826865243,1.8885438113761808,3.901798805740395,True,True,True
Context-adaptive 1/2/3 m target,Identity baseline,2948,wedding,2.0,0.6612301671378841,2.0526678989274516,3.1721596910863257,True,True,True
Context-adaptive 1/2/3 m target,Identity baseline,2949,wedding,3.0,0.7926512292224397,0.9999999357387424,0.4729791586190703,True,True,True
Context-adaptive 1/2/3 m target,Identity baseline,2950,wedding,2.0,0.6829350261697342,0.9098715349749562,1.7803468919559189,True,True,True
Context-adaptive 1/2/3 m target,Identity baseline,2951,wedding,2.0,1.0546440429992554,1.323273898612348,2.5145637333336897,True,True,True
Context-adaptive 1/2/3 m target,Identity baseline,2952,wedding,3.0,0.9607786844254701,0.9999997615814209,2.7535669890213104,True,True,True
Context-adaptive 1/2/3 m target,Identity baseline,2953,wedding,2.0,0.9847004540270072,1.5769231186176724,2.1763415417888923,True,True,True
Context-adaptive 1/2/3 m target,Identity baseline,2954,wedding,1.0,0.16443410796166935,0.5000000735744834,0.8801267194553266,True,True,True
Context-adaptive 1/2/3 m target,Identity baseline,2955,wedding,2.0,0.0,0.0,0.0,True,True,True
Context-adaptive 1/2/3 m target,Identity baseline,2957,wedding,2.0,0.38543424012795346,0.4999996218830347,0.7430485614053015,True,True,True
Context-adaptive 1/2/3 m target,Identity baseline,2958,wedding,3.0,0.26098899188876107,0.5000001937150955,0.7726910525146069,True,True,True
Context-adaptive 1/2/3 m target,Identity baseline,2959,wedding,1.0,0.015625097920152667,0.04095492139747333,0.05414132123340148,True,True,True
Context-adaptive 1/2/3 m target,Identity baseline,2960,wedding,1.0,0.4569477528208199,0.49999948870390654,0.629044254429052,True,True,True
Context-adaptive 1/2/3 m target,Identity baseline,2961,wedding,3.0,1.378590769956668,1.4619186939681283,3.007879256565351,True,True,True
Context-adaptive 1/2/3 m target,Identity baseline,2962,wedding,3.0,0.4694330755965172,0.4999999301508069,0.11269499199404735,True,True,True
Context-adaptive 1/2/3 m target,Identity baseline,2963,wedding,2.0,0.43124711650727504,0.7256997880116423,2.2263759058985664,True,True,True
Context-adaptive 1/2/3 m target,Identity baseline,2964,wedding,3.0,1.4015111364654869,1.7434400161844095,10.088045403147575,True,True,True
Context-adaptive 1/2/3 m target,Identity baseline,2965,wedding,2.0,0.08941814505135548,0.38245559992088163,0.276855151882954,True,True,True
Context-adaptive 1/2/3 m target,Identity baseline,2966,wedding,3.0,0.9267449400719397,1.4769232497192408,2.2436115987458587,True,True,True
Context-adaptive 1/2/3 m target,Identity baseline,2967,wedding,3.0,0.5812573791907388,0.6091276581680517,3.7816746452746743,True,True,True
Context-adaptive 1/2/3 m target,Identity baseline,2968,wedding,2.0,6.605421193027481,1.4743081382329166,13.868983502956914,True,True,True
Context-adaptive 1/2/3 m target,Identity baseline,2969,wedding,3.0,0.7194078225049664,0.7295388040590232,3.167420876762308,True,True,True
Context-adaptive 1/2/3 m target,Identity baseline,2970,wedding,2.0,0.3736549028570291,0.592749202492264,1.362447504419507,True,True,True
Context-adaptive 1/2/3 m target,Identity baseline,2971,wedding,2.0,0.5141135467949823,0.8320858471439556,1.4542412096397628,True,True,True
Context-adaptive 1/2/3 m target,Identity baseline,2972,wedding,2.0,0.4072254072573637,0.5922800771384304,0.4766156933157403,True,True,True
Context-adaptive 1/2/3 m target,Identity baseline,2973,wedding,2.0,1.1008698047361447,1.2313574228077948,0.24263727056910572,True,True,True
Context-adaptive 1/2/3 m target,Identity baseline,2974,wedding,1.0,0.9995725567606463,1.1363306450580193,1.873851780287938,True,True,True
Context-adaptive 1/2/3 m target,Identity baseline,2975,wedding,2.0,1.936925015601329,2.500000150874257,6.956909812962783,True,True,True
Context-adaptive 1/2/3 m target,Identity baseline,2976,wedding,2.0,2.35120566058724,1.6152901669901691,0.279591797929563,True,True,True
Context-adaptive 1/2/3 m target,Identity baseline,2977,wedding,2.0,6.9348138430496356,0.9999999962747097,0.05177689145092082,True,True,True
Context-adaptive 1/2/3 m target,Identity baseline,2978,wedding,2.0,0.2682544270430245,0.5000000139698386,1.0492638618070946,True,True,True
Context-adaptive 1/2/3 m target,Identity baseline,2979,wedding,2.0,0.6260732689971792,1.1550146727544708,0.30452644975040866,True,True,True
Context-adaptive 1/2/3 m target,Identity baseline,2980,wedding,2.0,0.007812469899419007,0.02044224548624452,0.045542350241276994,True,True,True
Context-adaptive 1/2/3 m target,Identity baseline,2981,wedding,2.0,0.7216103348414925,1.025305863885861,0.2333613721576375,True,True,True
Context-adaptive 1/2/3 m target,Identity baseline,2982,wedding,2.0,1.068471861637903,1.3493117751021615,8.531557283544693,True,True,True
Context-adaptive 1/2/3 m target,Identity baseline,2983,wedding,1.0,0.5400523050087825,0.8095268905421543,2.215073242917644,True,True,True
Context-adaptive 1/2/3 m target,Identity baseline,2984,wedding,1.0,3.6376353447926584,0.8711800220113852,1.803624496728622,True,True,True
Context-adaptive 1/2/3 m target,Identity baseline,2985,wedding,1.0,2.027558379917663,3.2965444678970157,2.9358286035870305,True,True,True
Context-adaptive 1/2/3 m target,Identity baseline,2986,wedding,1.0,0.4768823963765117,0.7849361532637892,1.6279872684420407,True,True,True
Context-adaptive 1/2/3 m target,Identity baseline,2987,wedding,2.0,0.6854104924272327,1.4999998919665813,3.3246362340156135,True,True,True
Context-adaptive 1/2/3 m target,Identity baseline,2988,wedding,3.0,0.518487514100472,0.5308640843676049,1.28659455257764,True,True,True
Context-adaptive 1/2/3 m target,Identity baseline,2989,wedding,2.0,0.5195458755390446,0.6837020222266584,2.114407798799048,True,True,True
Context-adaptive 1/2/3 m target,Identity baseline,2990,wedding,2.0,0.013531601196116405,0.030425357909484457,0.08270042096890173,True,True,True
Context-adaptive 1/2/3 m target,Identity baseline,2991,wedding,3.0,0.08873300280807198,0.4547375282461412,0.652798692443889,True,True,True
Context-adaptive 1/2/3 m target,Identity baseline,2992,wedding,2.0,0.535341567548478,0.7898646709117442,4.063049190901733,True,True,True
Context-adaptive 1/2/3 m target,Identity baseline,2993,wedding,1.0,0.005524320470603251,0.022798238529656695,0.01708307081934483,True,True,True
Context-adaptive 1/2/3 m target,Identity baseline,2994,wedding,2.0,1.8226999873027037,1.3773206994389293,0.15872264775070863,True,True,True
Context-adaptive 1/2/3 m target,Identity baseline,2995,wedding,1.0,0.3265400538442136,0.4999999962747097,3.128697526138407,True,True,True
Context-adaptive 1/2/3 m target,Identity baseline,2996,wedding,3.0,0.8801120276796139,1.3932921009585486,2.2064306782705216,True,True,True
Context-adaptive 1/2/3 m target,Identity baseline,2997,wedding,3.0,0.775191379917238,1.1704699760972168,2.615873761345045,True,True,True
Context-adaptive 1/2/3 m target,Identity baseline,2998,wedding,3.0,0.5402500726085933,1.0010308407383564,4.174392508488447,True,True,True
Context-adaptive 1/2/3 m target,Identity baseline,2999,wedding,2.0,0.4005001717799207,0.9175207564088399,2.6529956118072135,True,True,True
Context-adaptive 1/2/3 m target,Identity baseline,3000,wedding,2.0,0.4405585001371587,0.9175208440776937,2.78341573966365,True,True,True
Context-adaptive 1/2/3 m target,Identity baseline,3001,wedding,2.0,0.7451011617839413,1.103527917160823,1.5401772652438372,True,True,True
Context-adaptive 1/2/3 m target,Identity baseline,3002,wedding,3.0,1.6131063085036494,2.999999973922968,25.8394064481265,True,True,True
Context-adaptive 1/2/3 m target,Identity baseline,3003,wedding,2.0,0.34578587173702036,0.9776923441436219,0.8271003103855395,True,True,True
Context-adaptive 1/2/3 m target,Identity baseline,3004,wedding,3.0,2.3099122225503668,2.33381308988623,3.4406377740810608,True,True,True
Context-adaptive 1/2/3 m target,Identity baseline,3005,wedding,2.0,1.142429528805278,1.8061559604599247,8.382241599237112,True,True,True
Context-adaptive 1/2/3 m target,Identity baseline,3006,wedding,3.0,0.3337958885896321,0.5243548969844598,1.1159808792019044,True,True,True
Context-adaptive 1/2/3 m target,Identity baseline,3007,wedding,3.0,1.8776917290549626,2.2881384660572097,12.733845212579494,True,True,True
Context-adaptive 1/2/3 m target,Identity baseline,3008,wedding,1.0,0.3661471805725741,0.5807554817625906,1.3256464340078533,True,True,True
Context-adaptive 1/2/3 m target,Identity baseline,3009,wedding,1.0,0.28421828944619404,0.6643841283705622,1.3859661543878319,True,True,True
Context-adaptive 1/2/3 m target,Identity baseline,3010,wedding,3.0,1.7555019505203122,2.2534695433550738,10.903571264911573,True,True,True
Context-adaptive 1/2/3 m target,Identity baseline,3011,wedding,3.0,2.1848686699970226,2.7359931273655524,3.739622057705832,True,True,True
Context-adaptive 1/2/3 m target,Identity baseline,3012,wedding,2.0,1.556080538632473,1.7044968754417547,6.479821353216137,True,True,True
Context-adaptive 1/2/3 m target,Identity baseline,3013,wedding,1.0,0.4341037049043708,0.6828063153528823,0.7439969624216071,True,True,True
Context-adaptive 1/2/3 m target,Identity baseline,3014,wedding,2.0,0.8453399751506935,1.2776729386741983,5.133504591422471,True,True,True
Context-adaptive 1/2/3 m target,Identity baseline,3015,wedding,2.0,0.9023860053877197,1.3136635810742212,4.581521309880941,True,True,True
Context-adaptive 1/2/3 m target,Identity baseline,3016,wedding,2.0,0.8828989848679164,1.257788542794411,7.120335414354853,True,True,True
Context-adaptive 1/2/3 m target,Identity baseline,3017,wedding,2.0,1.8341080646643533,1.7456700422561044,5.529027003577463,True,True,True
Context-adaptive 1/2/3 m target,Identity baseline,3018,wedding,2.0,2.5703896529638945,1.7050015956988478,4.123851989710798,True,True,True
Context-adaptive 1/2/3 m target,Identity baseline,3019,wedding,1.0,0.016572907850670494,0.04641503684278793,0.044020679080277375,True,True,True
Context-adaptive 1/2/3 m target,Identity baseline,3020,wedding,2.0,0.7597229700669464,1.6015533199792542,5.680683556890016,True,True,True
Context-adaptive 1/2/3 m target,Identity baseline,3021,wedding,1.0,0.005524261088410196,0.03111350975630008,0.052850031724262496,True,True,True
Context-adaptive 1/2/3 m target,Identity baseline,3022,wedding,3.0,0.6064885732958775,1.1901967600172916,1.9647377938389947,True,True,True
Context-adaptive 1/2/3 m target,Identity baseline,3023,wedding,3.0,0.44790912702798685,0.9303521230426846,1.6264941727767892,True,True,True
Context-adaptive 1/2/3 m target,Identity baseline,3024,wedding,1.0,0.30950711432813444,0.48461498940507597,0.2861692347195967,True,True,True
Context-adaptive 1/2/3 m target,Identity baseline,3025,wedding,2.0,0.25686381124619595,0.5087131501143779,0.6325551376929589,True,True,True
Context-adaptive 1/2/3 m target,Identity baseline,3026,wedding,3.0,3.4381792945669707,1.5599996760115293,4.305835223573496,True,True,True
Context-adaptive 1/2/3 m target,Identity baseline,3027,wedding,2.0,0.7150039097447055,1.0000000409781933,1.7132253258917727,True,True,True
Context-adaptive 1/2/3 m target,Identity baseline,3028,wedding,3.0,0.8450330362530081,1.5000000707805157,4.74328422894779,True,True,True
Context-adaptive 1/2/3 m target,Identity baseline,3029,wedding,2.0,0.37336887516244455,1.173820946775118,0.22265626662079838,True,True,True
Context-adaptive 1/2/3 m target,Identity baseline,3030,wedding,3.0,1.1082053137459071,1.0435335250021553,1.4231781187064418,True,True,True
Context-adaptive 1/2/3 m target,Identity baseline,3031,wedding,3.0,0.8538707806884888,0.9446866786673218,1.5244376993562085,True,True,True
Context-adaptive 1/2/3 m target,Identity baseline,3032,wedding,3.0,1.1062483566785113,2.388219838514814,10.958032266141391,True,True,True
Context-adaptive 1/2/3 m target,Identity baseline,3033,wedding,3.0,0.9949825422178392,2.181367466672828,11.256189777786831,True,True,True
Context-adaptive 1/2/3 m target,Identity baseline,3034,wedding,2.0,1.1254203320985126,1.6748554661606572,1.863448562077719,True,True,True
Context-adaptive 1/2/3 m target,Identity baseline,3035,wedding,3.0,0.7833954469012083,1.3213396587678603,5.595554787059605,True,True,True
Context-adaptive 1/2/3 m target,Identity baseline,3036,wedding,2.0,0.7958212374830388,1.0439623941388108,0.0899558353442938,True,True,True
Context-adaptive 1/2/3 m target,Identity baseline,3037,wedding,3.0,1.081205916648139,2.662817605931686,13.587318178099514,True,True,True
Context-adaptive 1/2/3 m target,Identity baseline,3038,wedding,2.0,0.8620165289226752,1.1717092318978355,3.4916199083136155,True,True,True
Context-adaptive 1/2/3 m target,Identity baseline,3039,wedding,3.0,0.59968253630531,1.2785445633204655,2.512280478923574,True,True,True
Context-adaptive 1/2/3 m target,Identity baseline,3040,wedding,2.0,0.7152384525672569,1.0031134591661997,1.9084172074072876,True,True,True
Context-adaptive 1/2/3 m target,Identity baseline,3041,wedding,2.0,0.4596445654752706,0.5622650101217922,2.6821974937018616,True,True,True
Context-adaptive 1/2/3 m target,Identity baseline,3042,wedding,2.0,0.2151631352525508,0.49999996181577444,0.6298455351442548,True,True,True
Context-adaptive 1/2/3 m target,Identity baseline,3043,wedding,3.0,1.0983163401199831,1.4999996917322278,3.4080451508710445,True,True,True
Context-adaptive 1/2/3 m target,Identity baseline,3044,wedding,3.0,1.3861740306709838,2.6481260868380305,5.220711993985802,True,True,True
Context-adaptive 1/2/3 m target,Identity baseline,3045,wedding,2.0,0.29116630309135005,0.5174979590348066,0.46238558105220856,True,True,True
Context-adaptive 1/2/3 m target,Identity baseline,3046,wedding,2.0,0.639409085751758,1.0528994745205695,0.7468561555776165,True,True,True
Context-adaptive 1/2/3 m target,Identity baseline,3047,wedding,3.0,1.2661191365457347,2.426127420440227,4.9523620899429295,True,True,True
Context-adaptive 1/2/3 m target,Identity baseline,3048,wedding,2.0,0.7449170159559771,1.5365884091930475,4.356086724222708,True,True,True
Context-adaptive 1/2/3 m target,Identity baseline,3049,wedding,2.0,2.070297725252477,1.9167218816222897,12.314417317132209,True,True,True
Context-adaptive 1/2/3 m target,Identity baseline,3050,wedding,3.0,0.005524287563957368,0.022328515777608103,0.020662639063143452,True,True,True
Context-adaptive 1/2/3 m target,Identity baseline,3051,wedding,2.0,0.9254267588141221,1.7194885645602749,5.320893033902982,True,True,True
Context-adaptive 1/2/3 m target,Identity baseline,3052,wedding,2.0,6.7785108436704835,1.446781220468441,1.3674891951735355,True,True,True
Context-adaptive 1/2/3 m target,Identity baseline,3053,wedding,2.0,0.34503491050665613,0.39922230171571027,1.0586354091877677,True,True,True
Context-adaptive 1/2/3 m target,Identity baseline,3054,wedding,2.0,0.38515706602814404,0.8642089878156746,1.62432036664381,True,True,True
Context-adaptive 1/2/3 m target,Identity baseline,3055,wedding,2.0,0.45808169282962574,0.7295387461959941,0.3324762470559631,True,True,True
Context-adaptive 1/2/3 m target,Identity baseline,3056,wedding,2.0,0.2937749462256517,0.45280979862360615,0.7003206737053803,True,True,True
Context-adaptive 1/2/3 m target,Identity baseline,3057,wedding,2.0,0.349341880540864,0.5238452938023298,1.278239140253267,True,True,True
Context-adaptive 1/2/3 m target,Identity baseline,3058,wedding,2.0,0.4299360655463314,0.6573840986134539,0.6552446734413743,True,True,True
Context-adaptive 1/2/3 m target,Identity baseline,3059,wedding,2.0,0.26688578796499035,0.5394810695201294,1.416608522882985,True,True,True
Context-adaptive 1/2/3 m target,Identity baseline,3060,wedding,2.0,0.22207298966139932,0.4428580643728772,0.633012464034877,True,True,True
Context-adaptive 1/2/3 m target,Identity baseline,3061,wedding,2.0,7.131567298173496,1.617905335228514,2.476135052554359,True,True,True
Context-adaptive 1/2/3 m target,Identity baseline,3062,wedding,2.0,0.6643611358375074,0.7806348243904996,8.749685835244513,True,True,True
Context-adaptive 1/2/3 m target,Identity baseline,3063,wedding,2.0,0.3578431941360413,1.168206614724263,2.480425060387659,True,True,True
Context-adaptive 1/2/3 m target,Identity baseline,3064,wedding,2.0,0.2758818959412184,0.5340001644362014,0.0667971122095075,True,True,True
Context-adaptive 1/2/3 m target,Identity baseline,3065,wedding,1.0,0.3477220613477918,0.7071067100637421,4.574012894478472,True,True,True
Context-adaptive 1/2/3 m target,Identity baseline,3066,wedding,1.0,0.05063076716298775,0.17200720969208533,0.11485964003255132,True,True,True
Context-adaptive 1/2/3 m target,Identity baseline,3067,wedding,1.0,0.0,0.0,0.0,True,True,True
Context-adaptive 1/2/3 m target,Identity baseline,3068,wedding,1.0,0.36451818901047733,0.6245135523013738,0.40906461626811547,True,True,True
Context-adaptive 1/2/3 m target,Identity baseline,3069,wedding,2.0,1.1575953217055104,1.1351355657712285,4.665228745557586,True,True,True
Context-adaptive 1/2/3 m target,Identity baseline,3070,wedding,2.0,1.214485745321622,1.8397225463101352,3.064788239557331,True,True,True
Context-adaptive 1/2/3 m target,Identity baseline,3071,wedding,1.0,0.0,0.0,0.0,True,True,True
Context-adaptive 1/2/3 m target,Identity baseline,3072,wedding,1.0,0.0,0.0,0.0,True,True,True
Context-adaptive 1/2/3 m target,Identity baseline,3073,wedding,3.0,0.0,0.0,0.0,True,True,True
Context-adaptive 1/2/3 m target,Identity baseline,3074,wedding,2.0,0.0,0.0,0.0,True,True,True
Context-adaptive 1/2/3 m target,Identity baseline,3075,wedding,2.0,0.15037796676433937,0.4917877229119559,1.4927520225617803,True,True,True
Context-adaptive 1/2/3 m target,Identity baseline,3076,wedding,2.0,0.1861934781019124,0.4728431747958909,1.300110942967742,True,True,True
Context-adaptive 1/2/3 m target,Identity baseline,3077,wedding,2.0,0.0,0.0,0.0,True,True,True
Context-adaptive 1/2/3 m target,Identity baseline,3078,wedding,2.0,1.5606238945088433,1.6253005634643836,0.8595191428888008,True,True,True
Context-adaptive 1/2/3 m target,Identity baseline,3079,wedding,2.0,0.6115995069871558,1.178362854121058,4.599357093921293,True,True,True
Context-adaptive 1/2/3 m target,Identity baseline,3080,wedding,2.0,1.0296655428869896,1.4431185123304617,3.7903581344275494,True,True,True
Context-adaptive 1/2/3 m target,Identity baseline,3081,wedding,3.0,0.7281568800957818,1.0859568595017206,9.178708028422866,True,True,True
Context-adaptive 1/2/3 m target,Identity baseline,3082,wedding,3.0,1.838761060650934,2.6521603032249503,6.650810768378957,True,True,True
Context-adaptive 1/2/3 m target,Identity baseline,3083,wedding,3.0,0.6265362022292217,0.965135480460345,8.380858845277963,True,True,True
Context-adaptive 1/2/3 m target,Identity baseline,3084,wedding,2.0,1.1147400993901273,2.0974197427215096,3.6249279650495794,True,True,True
Context-adaptive 1/2/3 m target,Identity baseline,3085,wedding,3.0,0.9704339334902081,1.688421139391695,5.177674772312031,True,True,True
Context-adaptive 1/2/3 m target,Identity baseline,3086,wedding,2.0,0.579916993650308,0.6596037403528908,0.09627586678004194,True,True,True
Context-adaptive 1/2/3 m target,Identity baseline,3087,wedding,3.0,0.3449463974473299,0.5820033310967144,1.358249957633209,True,True,True
Context-adaptive 1/2/3 m target,Identity baseline,3088,wedding,3.0,0.4071504363979122,0.551410468161238,0.8626483623641004,True,True,True
Context-adaptive 1/2/3 m target,Identity baseline,3089,wedding,3.0,0.5512658932665387,1.2082961871890148,6.914468185601094,True,True,True
Context-adaptive 1/2/3 m target,Identity baseline,3090,wedding,3.0,1.0620691234813597,1.7559360596871711,7.426874800966929,True,True,True
Context-adaptive 1/2/3 m target,Identity baseline,3091,wedding,3.0,1.0178911385705627,1.7630476727408337,4.458630658772362,True,True,True
Context-adaptive 1/2/3 m target,Identity baseline,3092,wedding,3.0,1.2608053753161697,1.7968130754575362,1.7084407127353127,True,True,True
Context-adaptive 1/2/3 m target,Identity baseline,3093,wedding,3.0,0.9110527142278189,1.6631539538689608,4.398256240639432,True,True,True
Context-adaptive 1/2/3 m target,Identity baseline,3094,wedding,3.0,0.6966498576000372,1.215339562721237,10.468533104782267,True,True,True
Context-adaptive 1/2/3 m target,Identity baseline,3095,wedding,3.0,1.5311304828042342,1.9653651707680007,2.058266363571959,True,True,True
Context-adaptive 1/2/3 m target,Identity baseline,3096,wedding,3.0,1.1219169059995355,1.7927666034284933,6.266731996975283,True,True,True
Context-adaptive 1/2/3 m target,Identity baseline,3097,wedding,3.0,0.5270108471720284,1.2955094363276707,2.1618302720495723,True,True,True
Context-adaptive 1/2/3 m target,Identity baseline,3098,wedding,2.0,0.4508631715526769,0.9397005351481884,1.8292894307614302,True,True,True
Context-adaptive 1/2/3 m target,Identity baseline,3099,wedding,3.0,0.9991450886698263,1.324997363878123,2.122016347054563,True,True,True
Context-adaptive 1/2/3 m target,Identity baseline,3100,wedding,1.0,0.09210801354167167,0.4069354255523514,0.35578140399399616,True,True,True
Context-adaptive 1/2/3 m target,Identity baseline,3101,wedding,1.0,0.6428362644596856,0.8049182418600734,2.278846290130061,True,True,True
Context-adaptive 1/2/3 m target,Identity baseline,3102,lichtenberg,1.0,0.5731946380827022,0.9639727486678671,0.13931441693837796,True,True,True
Context-adaptive 1/2/3 m target,Identity baseline,3103,lichtenberg,1.0,0.0,0.0,0.0,True,True,True
Context-adaptive 1/2/3 m target,Identity baseline,3104,lichtenberg,1.0,0.7458584972937576,0.9203473772789624,0.1306862357159748,True,True,True
Context-adaptive 1/2/3 m target,Identity baseline,3105,lichtenberg,1.0,1.2621720941920926,1.1929835866765226,0.01982787884604839,True,True,True
Context-adaptive 1/2/3 m target,Identity baseline,3106,lichtenberg,1.0,1.6196103928037335,1.9020192174654638,0.2096199778497158,True,True,True
Context-adaptive 1/2/3 m target,Identity baseline,3107,lichtenberg,1.0,0.0,0.0,0.0,True,True,True
Context-adaptive 1/2/3 m target,Identity baseline,3108,lichtenberg,1.0,0.10349712268865283,0.5238448441045267,0.1481662849451282,True,True,True
Context-adaptive 1/2/3 m target,Identity baseline,3109,lichtenberg,1.0,0.3821741490668724,0.6632736550845425,0.6408528092899969,True,True,True
Context-adaptive 1/2/3 m target,Identity baseline,3110,lichtenberg,2.0,0.577411901213262,1.5029264374385576,4.450790366488308,True,True,True
Context-adaptive 1/2/3 m target,Identity baseline,3111,lichtenberg,2.0,0.6691669923193132,1.1790473783932696,3.4624544250189153,True,True,True
Context-adaptive 1/2/3 m target,Identity baseline,3112,lichtenberg,1.0,0.08873291856691928,0.4011165300677492,0.4816627765373221,True,True,True
Context-adaptive 1/2/3 m target,Identity baseline,3113,lichtenberg,2.0,0.6179781005962192,1.2500004423899218,6.863790702007807,True,True,True
Context-adaptive 1/2/3 m target,Identity baseline,3114,lichtenberg,1.0,0.4656473625987974,0.8368054064068192,0.9721941226950548,True,True,True
Context-adaptive 1/2/3 m target,Identity baseline,3115,lichtenberg,1.0,0.1867661353287227,0.7187492239754647,1.2561035560659815,True,True,True
Context-adaptive 1/2/3 m target,Identity baseline,3116,lichtenberg,1.0,0.2764896045888415,0.5844515633015077,0.6897092495084156,True,True,True
Context-adaptive 1/2/3 m target,Identity baseline,3117,lichtenberg,1.0,0.8846082661829524,1.4719270295167322,0.021607826145812505,True,True,True
Context-adaptive 1/2/3 m target,Identity baseline,3118,lichtenberg,1.0,0.4200625582603528,0.659779767547475,1.7706300714246899,True,True,True
Context-adaptive 1/2/3 m target,Identity baseline,3119,lichtenberg,1.0,0.23933556561776412,0.5037706184348275,0.08638297459730891,True,True,True
Context-adaptive 1/2/3 m target,Identity baseline,3120,lichtenberg,1.0,0.3810545682555183,0.8517990247751959,2.911331286667395,True,True,True
Context-adaptive 1/2/3 m target,Identity baseline,3121,lichtenberg,1.0,1.0064640413464028,1.546398017607397,1.0651006719201626,True,True,True
Context-adaptive 1/2/3 m target,Identity baseline,3122,lichtenberg,1.0,2.0216342512402394,1.8849766543345008,2.2955997178876006,True,True,True
Context-adaptive 1/2/3 m target,Identity baseline,3123,lichtenberg,1.0,0.8238204897902834,1.1909554500642316,0.0054653924718017395,True,True,True
Context-adaptive 1/2/3 m target,Identity baseline,3124,lichtenberg,2.0,1.0852910542578185,1.394579871459671,2.0119101297521835,True,True,True
Context-adaptive 1/2/3 m target,Identity baseline,3125,lichtenberg,1.0,0.0,0.0,0.0,True,True,True
Context-adaptive 1/2/3 m target,Identity baseline,3126,lichtenberg,1.0,0.5144991779333126,1.0307747187643108,0.21026990598672843,True,True,True
Context-adaptive 1/2/3 m target,Identity baseline,3127,lichtenberg,1.0,0.5222701824790387,0.9061041044419441,0.47105342582842646,True,True,True
Context-adaptive 1/2/3 m target,Identity baseline,3128,lichtenberg,1.0,0.2704076691699913,0.9807735675184573,0.18434969499287357,True,True,True
Context-adaptive 1/2/3 m target,Identity baseline,3129,lichtenberg,1.0,0.00781247196612011,0.027218249115789718,2.598690775514073e-07,True,True,True
Context-adaptive 1/2/3 m target,Identity baseline,3130,lichtenberg,1.0,0.9527727090444654,1.0164334417911467,0.33927715592071533,True,True,True
Context-adaptive 1/2/3 m target,Identity baseline,3131,lichtenberg,1.0,0.2153757751504927,0.5914273438979993,1.1860490953950853,True,True,True
Context-adaptive 1/2/3 m target,Identity baseline,3132,lichtenberg,1.0,0.6169402728026379,0.8658555530023132,1.899529676443979,True,True,True
Context-adaptive 1/2/3 m target,Identity baseline,3133,lichtenberg,1.0,0.08992850061749587,0.08756753115185342,0.08726274229559654,True,True,True
Context-adaptive 1/2/3 m target,Identity baseline,3134,lichtenberg,1.0,0.9438746452198942,0.9304772110804591,0.5257433104093789,True,True,True
Context-adaptive 1/2/3 m target,Identity baseline,3135,lichtenberg,1.0,0.0,0.0,0.0,True,True,True
Context-adaptive 1/2/3 m target,Identity baseline,3136,lichtenberg,1.0,0.0890762122957398,0.494756725902004,0.5525065358397833,True,True,True
Context-adaptive 1/2/3 m target,Identity baseline,3137,lichtenberg,1.0,0.33048812364268165,0.7131998448913235,2.4685263716598578,True,True,True
Context-adaptive 1/2/3 m target,Identity baseline,3138,lichtenberg,1.0,0.19334945901876058,0.44875533477873364,0.5229383966270618,True,True,True
Context-adaptive 1/2/3 m target,Identity baseline,3139,lichtenberg,1.0,0.0,0.0,0.0,True,True,True
Context-adaptive 1/2/3 m target,Identity baseline,3140,lichtenberg,1.0,0.15179187738044406,0.45396607516408394,0.17291073850427635,True,True,True
Context-adaptive 1/2/3 m target,Identity baseline,3141,lichtenberg,1.0,0.0,0.0,0.0,True,True,True
Context-adaptive 1/2/3 m target,Identity baseline,3142,lichtenberg,1.0,0.5523443447102265,0.8240116983960952,1.6236570276844022,True,True,True
Context-adaptive 1/2/3 m target,Identity baseline,3143,lichtenberg,1.0,0.0,0.0,0.0,True,True,True
Context-adaptive 1/2/3 m target,Identity baseline,3145,lichtenberg,1.0,6.195625181487735,0.8375026520133428,2.0301188577150686,True,True,True
Context-adaptive 1/2/3 m target,Identity baseline,3146,lichtenberg,1.0,0.0672057945801316,0.21518924206960283,0.20309599706808812,True,True,True
Context-adaptive 1/2/3 m target,Identity baseline,3147,lichtenberg,1.0,0.8437680524910617,0.7979311871288831,1.3637086480094651,True,True,True
Context-adaptive 1/2/3 m target,Identity baseline,3148,lichtenberg,2.0,1.0520221201752262,1.441192532694785,2.013020608936512,True,True,True
Context-adaptive 1/2/3 m target,Identity baseline,3149,lichtenberg,1.0,0.442700663723383,0.6847590419758425,1.847436970486118,True,True,True
Context-adaptive 1/2/3 m target,Identity baseline,3150,lichtenberg,1.0,2.2437113140058687,2.5761788233542045,0.36552550940718825,True,True,True
Context-adaptive 1/2/3 m target,Identity baseline,3151,lichtenberg,1.0,0.4844694689439489,0.6156440153912153,1.2272319306537038,True,True,True
Context-adaptive 1/2/3 m target,Identity baseline,3152,lichtenberg,1.0,0.12303129572111432,0.4372415423669918,0.068857162670769,True,True,True
Context-adaptive 1/2/3 m target,Identity baseline,3153,lichtenberg,1.0,1.481493863254699,1.9745902802085553,0.6719210982661711,True,True,True
Context-adaptive 1/2/3 m target,Identity baseline,3154,lichtenberg,1.0,0.7133587783055397,0.9801293160045014,0.2575389719621904,True,True,True
Context-adaptive 1/2/3 m target,Identity baseline,3155,lichtenberg,1.0,0.5361105861158808,1.1220131661044779,1.3992448597077238,True,True,True
Context-adaptive 1/2/3 m target,Identity baseline,3156,lichtenberg,1.0,0.3227801746819043,0.6095143156342984,0.20985516187076958,True,True,True
Context-adaptive 1/2/3 m target,Identity baseline,3157,lichtenberg,1.0,0.2243289665329809,0.7195116620232852,0.3880960524003214,True,True,True
Context-adaptive 1/2/3 m target,Identity baseline,3158,lichtenberg,1.0,1.6016767961880665,1.6024637909825066,1.9677506776013334,True,True,True
Context-adaptive 1/2/3 m target,Identity baseline,3159,lichtenberg,1.0,0.300197207188102,0.4945809438944974,0.707767140722931,True,True,True
Context-adaptive 1/2/3 m target,Identity baseline,3160,lichtenberg,1.0,0.0,0.0,0.0,True,True,True
Context-adaptive 1/2/3 m target,Identity baseline,3161,lichtenberg,2.0,0.8804760516387021,1.656249902851414,0.16841851900305405,True,True,True
Context-adaptive 1/2/3 m target,Identity baseline,3162,lichtenberg,1.0,0.36556332303954436,0.3812472044514018,0.25011803039547825,True,True,True
Context-adaptive 1/2/3 m target,Identity baseline,3163,lichtenberg,1.0,0.6416247476471423,0.9356744438376601,1.1317508012226876,True,True,True
Context-adaptive 1/2/3 m target,Identity baseline,3164,lichtenberg,1.0,0.3361191834651342,0.5439679087883588,1.1396767106863794,True,True,True
Context-adaptive 1/2/3 m target,Identity baseline,3165,lichtenberg,1.0,1.1137267860039122,1.6423327085380512,1.2290281898477446,True,True,True
Context-adaptive 1/2/3 m target,Identity baseline,3166,lichtenberg,1.0,2.5889687449591965,2.411765099530496,1.987424178040095,True,True,True
Context-adaptive 1/2/3 m target,Identity baseline,3167,lichtenberg,1.0,1.6109576924160642,2.19606414858643,0.2568019810443468,True,True,True
Context-adaptive 1/2/3 m target,Identity baseline,3168,lichtenberg,1.0,4.353294667033546,7.331717138332729,1.8528018216130353,True,True,True
Context-adaptive 1/2/3 m target,Identity baseline,3169,lichtenberg,1.0,0.2874213904576635,0.9034566631556572,0.7965243891258149,True,True,True
Context-adaptive 1/2/3 m target,Identity baseline,3170,lichtenberg,1.0,0.45282183711724194,0.6559301899077375,2.86548046979672,True,True,True
Context-adaptive 1/2/3 m target,Identity baseline,3171,lichtenberg,1.0,0.6295731767893794,0.8615971240253234,0.2550093027283049,True,True,True
Context-adaptive 1/2/3 m target,Identity baseline,3172,lichtenberg,1.0,2.274819800000285,2.831094825764617,2.773044036289398,True,True,True
Context-adaptive 1/2/3 m target,Identity baseline,3173,lichtenberg,1.0,0.44517562026856544,0.5000004936009645,0.7878475249261585,True,True,True
Context-adaptive 1/2/3 m target,Identity baseline,3174,lichtenberg,1.0,0.40107117095911865,0.5496429772965846,1.7458119518014812,True,True,True
Context-adaptive 1/2/3 m target,Identity baseline,3175,lichtenberg,1.0,0.6527062376476868,0.8284285155061732,1.2210947551600007,True,True,True
Context-adaptive 1/2/3 m target,Identity baseline,3176,lichtenberg,1.0,0.6424089524997808,0.8320666001847443,3.0575309389590988,True,True,True
Context-adaptive 1/2/3 m target,Identity baseline,3177,lichtenberg,1.0,2.079585567119514,1.5666245714086624,0.44068637942731115,True,True,True
Context-adaptive 1/2/3 m target,Identity baseline,3178,lichtenberg,1.0,0.42122346635154617,0.5000001862645149,0.27635522749657543,True,True,True
Context-adaptive 1/2/3 m target,Identity baseline,3181,lichtenberg,1.0,0.7888691198074375,1.1903864441059593,0.2626698459901643,True,True,True
Context-adaptive 1/2/3 m target,Identity baseline,3182,lichtenberg,1.0,0.17909199003692494,0.4838158105010128,0.42741827998656906,True,True,True
Context-adaptive 1/2/3 m target,Identity baseline,3183,lichtenberg,1.0,0.4252971165010337,0.5589745227224697,2.549532056435954,True,True,True
Context-adaptive 1/2/3 m target,Identity baseline,3184,lichtenberg,1.0,0.4268728681918026,0.5998122264300401,1.9900824831771802,True,True,True
Context-adaptive 1/2/3 m target,Identity baseline,3185,lichtenberg,1.0,0.5870562881043929,0.6076929942848027,0.5657213279217213,True,True,True
Context-adaptive 1/2/3 m target,Identity baseline,3186,lichtenberg,1.0,0.0,0.0,0.0,True,True,True
Context-adaptive 1/2/3 m target,Identity baseline,3187,lichtenberg,1.0,1.172447651176461,1.193243108135339,2.0344858345710533,True,True,True
Context-adaptive 1/2/3 m target,Identity baseline,3188,lichtenberg,1.0,0.7798034005995602,1.1304676009685812,0.7955997124297778,True,True,True
Context-adaptive 1/2/3 m target,Identity baseline,3189,lichtenberg,1.0,1.538140140892833,1.4638426022722866,1.069618517476129,True,True,True
Context-adaptive 1/2/3 m target,Identity baseline,3190,lichtenberg,1.0,0.5292068987204263,0.7056277551655654,1.007207821406796,True,True,True
Context-adaptive 1/2/3 m target,Identity baseline,3191,lichtenberg,2.0,0.0,0.0,0.0,True,True,True
Context-adaptive 1/2/3 m target,Identity baseline,3192,lichtenberg,1.0,0.33797527995090165,0.4414063304441374,0.7886065237694208,True,True,True
Context-adaptive 1/2/3 m target,Identity baseline,3193,lichtenberg,1.0,0.5542746025740652,0.7411594045411375,0.3570234806002731,True,True,True
Context-adaptive 1/2/3 m target,Identity baseline,3194,lichtenberg,1.0,0.005524309810414028,0.007469395656256342,0.003942933850511452,True,True,True
Context-adaptive 1/2/3 m target,Identity baseline,3195,lichtenberg,1.0,0.45964469846876543,0.693695327631361,0.7947409350841156,True,True,True
Context-adaptive 1/2/3 m target,Identity baseline,3196,lichtenberg,1.0,0.5820967811574175,0.6508089667400822,0.135720656580479,True,True,True
Context-adaptive 1/2/3 m target,Identity baseline,3197,lichtenberg,1.0,0.8651792416006611,0.9571363717285537,0.6085603770517632,True,True,True
Context-adaptive 1/2/3 m target,Identity baseline,3198,lichtenberg,1.0,0.8414864623750329,1.2483648029024412,1.0037102188820104,True,True,True
Context-adaptive 1/2/3 m target,Identity baseline,3199,lichtenberg,1.0,0.007812493582605384,0.030528100239569273,0.018026663671575755,True,True,True
Context-adaptive 1/2/3 m target,Identity baseline,3200,lichtenberg,1.0,0.3796102762206022,0.7480706291145935,0.8330523343975391,True,True,True
Context-adaptive 1/2/3 m target,Identity baseline,3201,lichtenberg,2.0,0.17125238997024658,0.49085379190117207,1.6617566251295421,True,True,True
Context-adaptive 1/2/3 m target,Identity baseline,3202,lichtenberg,2.0,1.0621265957835533,1.568493008781094,9.505652548429696,True,True,True
Context-adaptive 1/2/3 m target,Identity baseline,3203,lichtenberg,2.0,0.3686390866321557,0.5038910793932442,0.5124560090898969,True,True,True
Context-adaptive 1/2/3 m target,Identity baseline,3204,lichtenberg,2.0,1.459244569208987,0.7449419913520566,0.533888369166654,True,True,True
Context-adaptive 1/2/3 m target,Identity baseline,3205,lichtenberg,2.0,0.701539031030791,1.122033547311645,1.3904425921631711,True,True,True
Context-adaptive 1/2/3 m target,Identity baseline,3206,lichtenberg,1.0,0.0,0.0,0.0,True,True,True
Context-adaptive 1/2/3 m target,Identity baseline,3207,lichtenberg,1.0,0.0,0.0,0.0,True,True,True
Context-adaptive 1/2/3 m target,Identity baseline,3208,lichtenberg,1.0,1.1010913702675242,1.2424929876561421,0.06188593231170967,True,True,True
Context-adaptive 1/2/3 m target,Identity baseline,3209,lichtenberg,1.0,2.718923840132624,1.4039614061885444,0.31839329304608727,True,True,True
Context-adaptive 1/2/3 m target,Identity baseline,3210,lichtenberg,1.0,0.9622387630084952,1.1989370159414938,2.0826708754922723,True,True,True
Context-adaptive 1/2/3 m target,Identity baseline,3211,lichtenberg,1.0,1.579526511561738,1.7609040595702325,0.41275531424323264,True,True,True
Context-adaptive 1/2/3 m target,Identity baseline,3212,lichtenberg,1.0,0.7230045136803112,0.7706197888837578,3.139920269682422,True,True,True
Context-adaptive 1/2/3 m target,Identity baseline,3213,lichtenberg,1.0,2.589057129774168,1.1693939340914645,3.5236389526805745,True,True,True
Context-adaptive 1/2/3 m target,Identity baseline,3214,lichtenberg,1.0,1.2524512006145279,0.8782306251979156,3.507651179238238,True,True,True
Context-adaptive 1/2/3 m target,Identity baseline,3215,lichtenberg,1.0,0.5106590565565844,0.9910653747663553,2.1646481662038584,True,True,True
Context-adaptive 1/2/3 m target,Identity baseline,3216,lichtenberg,1.0,0.5057349531797163,0.9299498369598034,0.48451549379546704,True,True,True
Context-adaptive 1/2/3 m target,Identity baseline,3217,lichtenberg,1.0,1.039767168200383,0.9999999469146132,0.6538865124706075,True,True,True
Context-adaptive 1/2/3 m target,Identity baseline,3218,lichtenberg,1.0,1.0870890789922485,0.8690460242175299,0.9705985655306778,True,True,True
Context-adaptive 1/2/3 m target,Identity baseline,3219,lichtenberg,1.0,0.2642427405044288,0.5608639574139169,0.03332048752395524,True,True,True
Context-adaptive 1/2/3 m target,Identity baseline,3220,lichtenberg,1.0,11.85910872935032,1.7545928243561084,2.046746093962586,True,True,True
Context-adaptive 1/2/3 m target,Identity baseline,3221,lichtenberg,1.0,0.0,0.0,0.0,True,True,True
Context-adaptive 1/2/3 m target,Identity baseline,3222,lichtenberg,1.0,0.0,0.0,0.0,True,True,True
Context-adaptive 1/2/3 m target,Identity baseline,3223,lichtenberg,2.0,0.2526108451230206,0.5438203824865682,3.3696028387261037,True,True,True
Context-adaptive 1/2/3 m target,Identity baseline,3224,lichtenberg,2.0,1.1015208708038915,1.4084998845881085,0.472362361306312,True,True,True
Context-adaptive 1/2/3 m target,Identity baseline,3225,lichtenberg,1.0,0.3552755724330602,0.44529907838145094,1.2337866220271314,True,True,True
Context-adaptive 1/2/3 m target,Identity baseline,3226,lichtenberg,1.0,0.26087199264389505,0.6529935465869442,1.7191983078626147,True,True,True
Context-adaptive 1/2/3 m target,Identity baseline,3227,lichtenberg,1.0,6.204409095057594,1.153761518991773,1.3974614607051052,True,True,True
Context-adaptive 1/2/3 m target,Identity baseline,3228,lichtenberg,1.0,8.69016225994981,0.937042728153836,3.0985055039186737,True,True,True
Context-adaptive 1/2/3 m target,Identity baseline,3229,lichtenberg,2.0,4.820436006610688,0.8874305459558338,0.418587844081257,True,True,True
Context-adaptive 1/2/3 m target,Identity baseline,3230,lichtenberg,2.0,0.4679028872583381,0.7187501350417733,1.77219556612805,True,True,True
Context-adaptive 1/2/3 m target,Identity baseline,3231,lichtenberg,2.0,1.684296048425128,1.1382149432394362,0.9189175417989288,True,True,True
Context-adaptive 1/2/3 m target,Identity baseline,3232,lichtenberg,2.0,0.43955290995117197,0.5460774324423564,2.9687006044563495,True,True,True
Context-adaptive 1/2/3 m target,Identity baseline,3233,lichtenberg,1.0,0.359374947723232,0.8731281975461984,10.813443438279393,True,True,True
Context-adaptive 1/2/3 m target,Identity baseline,3234,lichtenberg,1.0,0.5038305577632934,0.5238440932312166,0.1415207312559106,True,True,True
Context-adaptive 1/2/3 m target,Identity baseline,3235,lichtenberg,1.0,0.44038528503628693,0.6312487945423267,1.3422654721129066,True,True,True
Context-adaptive 1/2/3 m target,Identity baseline,3236,lichtenberg,2.0,1.0391065264207031,1.746591906787703,1.5399098792909796,True,True,True
Context-adaptive 1/2/3 m target,Identity baseline,3237,lichtenberg,2.0,0.42493826188757994,0.4686032317186665,0.8633021671324669,True,True,True
Context-adaptive 1/2/3 m target,Identity baseline,3238,lichtenberg,2.0,3.162359713361879,0.8045892636286864,0.43368734660653796,True,True,True
Context-adaptive 1/2/3 m target,Identity baseline,3239,lichtenberg,2.0,0.45342797492416903,0.6141346904562943,1.0828299909126804,True,True,True
Context-adaptive 1/2/3 m target,Identity baseline,3240,lichtenberg,1.0,0.6424328687907643,0.9744792338941869,0.1685535360427819,True,True,True
Context-adaptive 1/2/3 m target,Identity baseline,3241,lichtenberg,1.0,0.0,0.0,0.0,True,True,True
Context-adaptive 1/2/3 m target,Identity baseline,3242,lichtenberg,2.0,4.01531332854774,1.2093384436300936,2.5001785877392484,True,True,True
Context-adaptive 1/2/3 m target,Identity baseline,3243,lichtenberg,1.0,0.43273073104293175,0.6403123101192084,0.10196401296698593,True,True,True
Context-adaptive 1/2/3 m target,Identity baseline,3244,lichtenberg,1.0,0.7522549665401076,0.9048816555026818,0.824961253484011,True,True,True
Context-adaptive 1/2/3 m target,Identity baseline,3245,lichtenberg,1.0,0.583929025030048,1.1385839581531856,1.0791168043543222,True,True,True
Context-adaptive 1/2/3 m target,Identity baseline,3246,lichtenberg,1.0,1.1677531315864997,1.1667591469242162,0.7616284499668612,True,True,True
Context-adaptive 1/2/3 m target,Identity baseline,3247,lichtenberg,1.0,0.0,0.0,0.0,True,True,True
Context-adaptive 1/2/3 m target,Identity baseline,3248,lichtenberg,2.0,0.8507198771239638,0.8588974616352703,1.8773019348471678,True,True,True
Context-adaptive 1/2/3 m target,Identity baseline,3249,lichtenberg,1.0,0.15418561695802813,0.5026751473190875,0.8192175390492917,True,True,True
Context-adaptive 1/2/3 m target,Identity baseline,3250,lichtenberg,1.0,0.0,0.0,0.0,True,True,True
Context-adaptive 1/2/3 m target,Identity baseline,3252,lichtenberg,1.0,0.7556549373842032,0.9801296906179185,0.26228847870761596,True,True,True
Context-adaptive 1/2/3 m target,Identity baseline,3253,lichtenberg,2.0,0.04170729335000656,0.11345350272837806,0.2738573059641861,True,True,True
Context-adaptive 1/2/3 m target,Identity baseline,3254,lichtenberg,1.0,1.158451692745422,1.184247537846433,2.2182189523053646,True,True,True
Context-adaptive 1/2/3 m target,Identity baseline,3255,lichtenberg,1.0,0.7661230507686757,1.1733403171685741,2.946715732415069,True,True,True
Context-adaptive 1/2/3 m target,Identity baseline,3256,lichtenberg,2.0,1.4095772454909787,1.709562671135816,1.0487396434305845,True,True,True
Context-adaptive 1/2/3 m target,Identity baseline,3257,lichtenberg,1.0,0.44472968248467165,0.6610676105406726,0.4636178687593172,True,True,True
Context-adaptive 1/2/3 m target,Identity baseline,3258,lichtenberg,1.0,0.5711947515004279,0.8645915994175345,2.4541412680986285,True,True,True
Context-adaptive 1/2/3 m target,Identity baseline,3259,lichtenberg,1.0,0.0,0.0,0.0,True,True,True
Context-adaptive 1/2/3 m target,Identity baseline,3260,lichtenberg,1.0,0.0,0.0,0.0,True,True,True
Context-adaptive 1/2/3 m target,Identity baseline,3261,lichtenberg,1.0,0.6650267926917035,1.062498592539192,0.10625177674860682,True,True,True
Context-adaptive 1/2/3 m target,Identity baseline,3262,lichtenberg,2.0,0.4806751070613135,0.5432029185990329,3.0691920413995986,True,True,True
Context-adaptive 1/2/3 m target,Identity baseline,3264,lichtenberg,3.0,0.9761092863912391,1.5000000055879354,8.587907744736986,True,True,True
Context-adaptive 1/2/3 m target,Identity baseline,3265,lichtenberg,2.0,1.0128117088797977,1.500000280328095,9.708191316850433,True,True,True
Context-adaptive 1/2/3 m target,Identity baseline,3266,lichtenberg,2.0,0.8938229388184256,1.4999995371326804,7.678674639783894,True,True,True
Context-adaptive 1/2/3 m target,Identity baseline,3268,lichtenberg,2.0,1.0092346358322233,1.4999998398125172,9.919851665915056,True,True,True
Context-adaptive 1/2/3 m target,Identity baseline,3269,lichtenberg,2.0,1.2063927311636047,2.41104951518876,1.1472211722309482,True,True,True
Context-adaptive 1/2/3 m target,Identity baseline,3270,lichtenberg,1.0,0.7846798886332481,0.9994134884813628,0.8028684122594375,True,True,True
Context-adaptive 1/2/3 m target,Identity baseline,3271,lichtenberg,1.0,0.4704721364856383,0.8680365877367103,0.3813826994067646,True,True,True
Context-adaptive 1/2/3 m target,Identity baseline,3272,lichtenberg,1.0,0.7584766530651236,1.3302446538309347,0.1385386530506724,True,True,True
Context-adaptive 1/2/3 m target,Identity baseline,3273,lichtenberg,1.0,4.0729957354981075,1.322891657142937,1.7784767514417334,True,True,True
Context-adaptive 1/2/3 m target,Identity baseline,3274,lichtenberg,1.0,0.6745947321559086,0.8879195288878617,1.8412620149259695,True,True,True
Context-adaptive 1/2/3 m target,Identity baseline,3275,lichtenberg,2.0,0.46933554384468723,1.3462912141599057,1.4736790867103788,True,True,True
Context-adaptive 1/2/3 m target,Identity baseline,3276,lichtenberg,2.0,0.8321320523439404,1.32051460164735,5.861847804987846,True,True,True
Context-adaptive 1/2/3 m target,Identity baseline,3277,lichtenberg,2.0,0.6707157732951378,1.4836507863396466,1.5622757019983111,True,True,True
Context-adaptive 1/2/3 m target,Identity baseline,3278,lichtenberg,1.0,0.4567808579921684,0.7071060106483141,0.9700905471220943,True,True,True
Context-adaptive 1/2/3 m target,Identity baseline,3279,lichtenberg,1.0,0.7571679738661639,0.7827995820963931,0.4054893755996103,True,True,True
Context-adaptive 1/2/3 m target,Identity baseline,3280,lichtenberg,1.0,0.42572756909897125,1.0578920669070528,0.42103755445636665,True,True,True
Context-adaptive 1/2/3 m target,Identity baseline,3281,lichtenberg,1.0,0.7874364770183896,1.0062304485772424,0.416321150193465,True,True,True
Context-adaptive 1/2/3 m target,Geometry + context CNN,2426,wedding,1.0,0.4042304710834214,0.6369455342177155,1.5263665488453677,True,True,True
Context-adaptive 1/2/3 m target,Geometry + context CNN,2427,wedding,1.0,0.07745859877014401,0.1288736080780767,0.5825374279249523,True,True,True
Context-adaptive 1/2/3 m target,Geometry + context CNN,2428,wedding,2.0,0.6866799087752918,0.8543037375356182,1.3246744521332379,True,True,True
Context-adaptive 1/2/3 m target,Geometry + context CNN,2429,wedding,1.0,0.13682524086997994,0.24961226349680238,0.6275630690229903,True,True,True
Context-adaptive 1/2/3 m target,Geometry + context CNN,2430,wedding,1.0,0.7941565545192655,1.7597326776467583,1.6943099600922642,True,True,True
Context-adaptive 1/2/3 m target,Geometry + context CNN,2431,wedding,1.0,0.8554496679092577,1.4298280953509188,3.298822496852422,True,True,True
Context-adaptive 1/2/3 m target,Geometry + context CNN,2432,wedding,1.0,0.4498270383650756,0.7371695849657793,2.4255915685942435,True,True,True
Context-adaptive 1/2/3 m target,Geometry + context CNN,2433,wedding,1.0,0.17032035790869882,0.27091078126161205,1.3833336371823621,True,True,True
Context-adaptive 1/2/3 m target,Geometry + context CNN,2434,wedding,2.0,0.24112369912460405,0.505817383250015,1.3617975559610367,True,True,True
Context-adaptive 1/2/3 m target,Geometry + context CNN,2435,wedding,2.0,2.0705472485774172,2.2883920440728245,4.888838489048689,True,True,True
Context-adaptive 1/2/3 m target,Geometry + context CNN,2436,wedding,1.0,3.1089137403260736,4.382884541650513,2.2411634405866896,True,True,True
Context-adaptive 1/2/3 m target,Geometry + context CNN,2437,wedding,1.0,1.4728651173264424,2.3401347118520004,0.8080375544020958,True,True,True
Context-adaptive 1/2/3 m target,Geometry + context CNN,2438,wedding,1.0,0.21116058742549174,0.41460776441943187,2.611594701732507,True,True,True
Context-adaptive 1/2/3 m target,Geometry + context CNN,2439,wedding,1.0,0.45528495753454346,0.9575555198841259,0.6303020433421306,True,True,True
Context-adaptive 1/2/3 m target,Geometry + context CNN,2440,wedding,1.0,0.47328986256277433,0.8602230564924547,0.8704145772167055,True,True,True
Context-adaptive 1/2/3 m target,Geometry + context CNN,2441,wedding,1.0,2.2446411306256353,0.8068527234274743,2.0536867578711324,True,True,True
Context-adaptive 1/2/3 m target,Geometry + context CNN,2442,wedding,1.0,1.0905098117122882,0.9912656230124539,0.35474930343492933,True,True,True
Context-adaptive 1/2/3 m target,Geometry + context CNN,2443,wedding,1.0,0.3991684518967803,0.7061305499797123,0.9195924780009064,True,True,True
Context-adaptive 1/2/3 m target,Geometry + context CNN,2444,wedding,1.0,1.7010961219040965,1.8693497712934242,0.5224867939942623,True,True,True
Context-adaptive 1/2/3 m target,Geometry + context CNN,2445,wedding,1.0,0.8015562706101368,1.684340349353872,0.23232994096975393,True,True,True
Context-adaptive 1/2/3 m target,Geometry + context CNN,2446,wedding,1.0,0.49288810590219845,0.8589733096996709,2.9217181614368344,True,True,True
Context-adaptive 1/2/3 m target,Geometry + context CNN,2447,wedding,1.0,0.5164132393783674,1.0027297620961433,2.3870540327748304,True,True,True
Context-adaptive 1/2/3 m target,Geometry + context CNN,2448,wedding,1.0,0.12383964233099436,0.1876460986197128,1.0256507388193215,True,True,True
Context-adaptive 1/2/3 m target,Geometry + context CNN,2449,wedding,2.0,0.08457166343046911,0.14036938300827928,0.5680696414405585,True,True,True
Context-adaptive 1/2/3 m target,Geometry + context CNN,2450,wedding,2.0,0.7350060625023127,0.7490133522708152,2.1819983738561555,True,True,True
Context-adaptive 1/2/3 m target,Geometry + context CNN,2451,wedding,2.0,0.482139757763797,0.5872891712290078,0.9575323253679687,True,True,True
Context-adaptive 1/2/3 m target,Geometry + context CNN,2452,wedding,2.0,0.7571708436764354,0.7981149182048539,2.0289263113247595,True,True,True
Context-adaptive 1/2/3 m target,Geometry + context CNN,2453,wedding,2.0,0.452262449751453,0.5998231352306362,2.27569987462478,True,True,True
Context-adaptive 1/2/3 m target,Geometry + context CNN,2454,wedding,2.0,0.8775540694299225,1.094058085043899,0.9820918937910459,True,True,True
Context-adaptive 1/2/3 m target,Geometry + context CNN,2455,wedding,2.0,0.3272836384606536,0.6338083498185947,2.199368758271846,True,True,True
Context-adaptive 1/2/3 m target,Geometry + context CNN,2456,wedding,2.0,0.8323455502285233,1.486986293647396,7.583954082816489,True,True,True
Context-adaptive 1/2/3 m target,Geometry + context CNN,2457,wedding,2.0,0.9151506392406287,1.1228498684734982,3.2217273849096175,True,True,True
Context-adaptive 1/2/3 m target,Geometry + context CNN,2458,wedding,2.0,0.06329035478064016,0.10660759845318693,0.6321184590012602,True,True,True
Context-adaptive 1/2/3 m target,Geometry + context CNN,2459,wedding,1.0,0.8364216043070716,0.9454479695661824,1.5725282138797005,True,True,True
Context-adaptive 1/2/3 m target,Geometry + context CNN,2460,wedding,2.0,1.0394956472885635,1.4101580902231863,3.0690255081130813,True,True,True
Context-adaptive 1/2/3 m target,Geometry + context CNN,2461,wedding,1.0,0.7374264296915856,0.930667811854054,0.25257819799866393,True,True,True
Context-adaptive 1/2/3 m target,Geometry + context CNN,2462,wedding,2.0,1.3463809184006639,1.7786015685784953,0.6235839664890379,True,True,True
Context-adaptive 1/2/3 m target,Geometry + context CNN,2463,wedding,2.0,0.7263167680410483,1.0931529891289136,0.09352942069762292,True,True,True
Context-adaptive 1/2/3 m target,Geometry + context CNN,2464,wedding,2.0,0.6527976954008942,1.1992629369353098,4.470378839652395,True,True,True
Context-adaptive 1/2/3 m target,Geometry + context CNN,2465,wedding,1.0,0.6414053276469357,0.9115011206357563,4.558803815579749,True,True,True
Context-adaptive 1/2/3 m target,Geometry + context CNN,2466,wedding,1.0,0.6074225823867981,0.7168859840898585,2.4763383263099383,True,True,True
Context-adaptive 1/2/3 m target,Geometry + context CNN,2467,wedding,2.0,1.0028727772689425,1.2730326419293632,0.4530293220665333,True,True,True
Context-adaptive 1/2/3 m target,Geometry + context CNN,2468,wedding,3.0,1.0287987993555283,1.2629655781108957,5.271828178221728,True,True,True
Context-adaptive 1/2/3 m target,Geometry + context CNN,2469,wedding,2.0,0.9213203639103597,1.6636816206424037,1.5371068785067468,True,True,True
Context-adaptive 1/2/3 m target,Geometry + context CNN,2470,wedding,2.0,0.6158831256905966,0.9798807135763073,3.2273998207691474,True,True,True
Context-adaptive 1/2/3 m target,Geometry + context CNN,2471,wedding,2.0,0.319640545046343,1.02772656083107,3.233147071936557,True,True,True
Context-adaptive 1/2/3 m target,Geometry + context CNN,2472,wedding,2.0,0.18907792074633958,0.6747797029092908,1.9584617328088811,True,True,True
Context-adaptive 1/2/3 m target,Geometry + context CNN,2473,wedding,1.0,0.225585901093259,0.5333805339052692,2.7924656803547934,True,True,True
Context-adaptive 1/2/3 m target,Geometry + context CNN,2474,wedding,2.0,1.5502952151913825,2.2109511174265335,1.338778638923469,True,True,True
Context-adaptive 1/2/3 m target,Geometry + context CNN,2475,wedding,1.0,0.35853738637853494,0.6764423066100109,2.0578518601520783,True,True,True
Context-adaptive 1/2/3 m target,Geometry + context CNN,2476,wedding,2.0,0.8224522020693746,1.3650161985490548,1.78957758627507,True,True,True
Context-adaptive 1/2/3 m target,Geometry + context CNN,2477,wedding,3.0,0.6022810379541432,1.206959313336762,0.6139953495436792,True,True,True
Context-adaptive 1/2/3 m target,Geometry + context CNN,2478,wedding,3.0,0.5658295679107885,0.9406182402602387,6.7735531684528185,True,True,True
Context-adaptive 1/2/3 m target,Geometry + context CNN,2479,wedding,2.0,1.150133094182695,1.8288151884227306,7.048612644946406,True,True,True
Context-adaptive 1/2/3 m target,Geometry + context CNN,2480,wedding,3.0,1.4142294306285852,1.427785659811254,4.500284587147334,True,True,True
Context-adaptive 1/2/3 m target,Geometry + context CNN,2481,wedding,3.0,1.4471150630754224,1.6887167168683908,6.273072324858012,True,True,True
Context-adaptive 1/2/3 m target,Geometry + context CNN,2482,wedding,3.0,0.20133378934693003,0.5324297674852813,3.221445572498073,True,True,True
Context-adaptive 1/2/3 m target,Geometry + context CNN,2483,wedding,2.0,1.3133557937806604,1.608456301477377,0.6047672578332671,True,True,True
Context-adaptive 1/2/3 m target,Geometry + context CNN,2484,wedding,2.0,1.182971700144843,1.9247801239477889,1.4240502435102353,True,True,True
Context-adaptive 1/2/3 m target,Geometry + context CNN,2485,wedding,2.0,1.84730406570307,2.7375634085233167,8.434117197339082,True,True,True
Context-adaptive 1/2/3 m target,Geometry + context CNN,2486,wedding,2.0,0.872844867311425,1.3246521202957928,1.7903309762295978,True,True,True
Context-adaptive 1/2/3 m target,Geometry + context CNN,2487,wedding,2.0,1.148319760467916,1.5914706885733085,1.4169875520470099,True,True,True
Context-adaptive 1/2/3 m target,Geometry + context CNN,2488,wedding,2.0,1.6004767425684618,1.3786595529394639,4.117914533891443,True,True,True
Context-adaptive 1/2/3 m target,Geometry + context CNN,2489,wedding,2.0,0.6568778588075161,1.286846348775127,0.7928086417098862,True,True,True
Context-adaptive 1/2/3 m target,Geometry + context CNN,2490,wedding,2.0,0.7297155899689304,1.6349165080738315,0.44322776767789496,True,True,True
Context-adaptive 1/2/3 m target,Geometry + context CNN,2491,wedding,1.0,1.1397127579610815,1.0878739075026238,0.7857113402525827,True,True,True
Context-adaptive 1/2/3 m target,Geometry + context CNN,2492,wedding,1.0,0.9012921731060959,1.1835222569432942,0.5777020192133425,True,True,True
Context-adaptive 1/2/3 m target,Geometry + context CNN,2493,wedding,1.0,0.4085255058291477,0.643210318608427,1.8076356420749766,True,True,True
Context-adaptive 1/2/3 m target,Geometry + context CNN,2494,wedding,2.0,2.035551167734314,2.361253106035773,10.710085370227285,True,True,True
Context-adaptive 1/2/3 m target,Geometry + context CNN,2495,wedding,1.0,0.06418049257272751,0.09985524640779696,0.46158410952400525,True,True,True
Context-adaptive 1/2/3 m target,Geometry + context CNN,2496,wedding,2.0,1.0272368133446743,1.8419636963517456,0.556034573057969,True,True,True
Context-adaptive 1/2/3 m target,Geometry + context CNN,2497,wedding,1.0,0.4101025503625223,0.6179758784383466,0.20927162985934816,True,True,True
Context-adaptive 1/2/3 m target,Geometry + context CNN,2499,wedding,2.0,2.009534763595606,1.6157367234313695,4.152370689452633,True,True,True
Context-adaptive 1/2/3 m target,Geometry + context CNN,2500,wedding,2.0,1.1436793607486153,1.3897811626402499,3.9240826215613547,True,True,True
Context-adaptive 1/2/3 m target,Geometry + context CNN,2501,wedding,2.0,0.41068656315268925,0.6998163283361036,0.431638156263902,True,True,True
Context-adaptive 1/2/3 m target,Geometry + context CNN,2502,wedding,2.0,1.5494122116907516,1.7673604750216023,12.597522522119792,True,True,True
Context-adaptive 1/2/3 m target,Geometry + context CNN,2503,wedding,3.0,1.4701926275612867,2.825013031155427,12.82896652575648,True,True,True
Context-adaptive 1/2/3 m target,Geometry + context CNN,2504,wedding,2.0,0.948593630831647,1.5667500838099675,1.6533532471242345,True,True,True
Context-adaptive 1/2/3 m target,Geometry + context CNN,2505,wedding,3.0,0.9642165508382206,1.602159892416029,5.0322902767320175,True,True,True
Context-adaptive 1/2/3 m target,Geometry + context CNN,2506,wedding,3.0,0.7765811179305397,1.1306870295530493,4.521784658416337,True,True,True
Context-adaptive 1/2/3 m target,Geometry + context CNN,2507,wedding,3.0,3.792755299926485,1.048290573444352,0.5979456027360261,True,True,True
Context-adaptive 1/2/3 m target,Geometry + context CNN,2508,wedding,3.0,0.47000257979446364,0.6962762157880978,1.7246273174498636,True,True,True
Context-adaptive 1/2/3 m target,Geometry + context CNN,2509,wedding,2.0,0.6557259197082704,0.766340338683145,1.939445963686833,True,True,True
Context-adaptive 1/2/3 m target,Geometry + context CNN,2510,wedding,2.0,0.8842605388622479,1.512225043216314,5.150276315571565,True,True,True
Context-adaptive 1/2/3 m target,Geometry + context CNN,2511,wedding,2.0,0.4489744892048924,0.49591098239787235,0.6664445980901573,True,True,True
Context-adaptive 1/2/3 m target,Geometry + context CNN,2512,wedding,2.0,1.021584826175647,1.6986041842688706,3.7832765588891384,True,True,True
Context-adaptive 1/2/3 m target,Geometry + context CNN,2513,wedding,2.0,0.7253597710282584,1.007777494378388,0.7041318898555428,True,True,True
Context-adaptive 1/2/3 m target,Geometry + context CNN,2514,wedding,2.0,0.07040169256366327,0.11118544617141012,1.1705594925216767,True,True,True
Context-adaptive 1/2/3 m target,Geometry + context CNN,2515,wedding,2.0,0.8653880283356246,1.0482026781016935,2.1190355006890003,True,True,True
Context-adaptive 1/2/3 m target,Geometry + context CNN,2516,wedding,3.0,1.8490689126887858,2.5145778160850147,6.711105873464605,True,True,True
Context-adaptive 1/2/3 m target,Geometry + context CNN,2517,wedding,3.0,0.7185656582372908,0.8385902609883634,1.8180802250091228,True,True,True
Context-adaptive 1/2/3 m target,Geometry + context CNN,2518,wedding,1.0,1.0675681626154074,1.3790694289847185,1.8864113944279746,True,True,True
Context-adaptive 1/2/3 m target,Geometry + context CNN,2519,wedding,1.0,0.6802509728316155,0.9161060137615331,4.769874031446998,True,True,True
Context-adaptive 1/2/3 m target,Geometry + context CNN,2520,wedding,1.0,0.6456809714745683,0.8524268356305628,0.4220829417066153,True,True,True
Context-adaptive 1/2/3 m target,Geometry + context CNN,2521,wedding,1.0,0.5382108393848078,1.1854427620831223,4.188361840268618,True,True,True
Context-adaptive 1/2/3 m target,Geometry + context CNN,2522,wedding,1.0,0.1812979169652402,0.30989575872442865,2.1707256597282862,True,True,True
Context-adaptive 1/2/3 m target,Geometry + context CNN,2523,wedding,2.0,0.6925145736325372,1.0698823416605592,3.2272320122306466,True,True,True
Context-adaptive 1/2/3 m target,Geometry + context CNN,2524,wedding,2.0,0.4233509176601179,0.5532347275752026,1.116245019251861,True,True,True
Context-adaptive 1/2/3 m target,Geometry + context CNN,2525,wedding,2.0,0.1424484000163124,0.5241153864273501,0.5064743671011608,True,True,True
Context-adaptive 1/2/3 m target,Geometry + context CNN,2526,wedding,2.0,0.6973458225044317,1.659427182397385,2.184653774178546,True,True,True
Context-adaptive 1/2/3 m target,Geometry + context CNN,2527,wedding,2.0,0.7884566187886808,1.504209460750445,2.4695022630303973,True,True,True
Context-adaptive 1/2/3 m target,Geometry + context CNN,2528,wedding,1.0,0.8878735956558292,0.6468373447973318,1.565447107308391,True,True,True
Context-adaptive 1/2/3 m target,Geometry + context CNN,2529,wedding,1.0,0.5327524435741842,0.8757136329120802,4.735655700420833,True,True,True
Context-adaptive 1/2/3 m target,Geometry + context CNN,2530,wedding,2.0,0.6848055900540075,1.5069592624953125,2.1000006482865494,True,True,True
Context-adaptive 1/2/3 m target,Geometry + context CNN,2531,wedding,2.0,0.34945078369110383,0.46300001877470354,3.423374729359911,True,True,True
Context-adaptive 1/2/3 m target,Geometry + context CNN,2532,wedding,2.0,0.1631911333599067,0.31650717892180746,1.202023245069261,True,True,True
Context-adaptive 1/2/3 m target,Geometry + context CNN,2533,wedding,2.0,11.011010665820086,1.4744599488369248,3.698976319448398,True,True,True
Context-adaptive 1/2/3 m target,Geometry + context CNN,2534,wedding,1.0,0.635990534409069,1.009201136417687,1.7083264124351925,True,True,True
Context-adaptive 1/2/3 m target,Geometry + context CNN,2535,wedding,2.0,0.8444556935746269,1.346661032558199,4.0126871962287955,True,True,True
Context-adaptive 1/2/3 m target,Geometry + context CNN,2536,wedding,1.0,0.1492905018574299,0.21148532838878645,2.344349334348531,True,True,True
Context-adaptive 1/2/3 m target,Geometry + context CNN,2537,wedding,2.0,0.23818218430385324,0.35367389297501894,3.6516733536606276,True,True,True
Context-adaptive 1/2/3 m target,Geometry + context CNN,2538,wedding,1.0,0.881237754737582,1.1447526905899337,4.098059117830991,True,True,True
Context-adaptive 1/2/3 m target,Geometry + context CNN,2539,wedding,2.0,0.5627945606886336,0.7871515478928697,0.12900903458244875,True,True,True
Context-adaptive 1/2/3 m target,Geometry + context CNN,2540,wedding,1.0,0.3416883669224825,0.5516339357453401,1.6685649607793593,True,True,True
Context-adaptive 1/2/3 m target,Geometry + context CNN,2541,wedding,2.0,0.6529001286145418,1.640099069454356,5.942492841717777,True,True,True
Context-adaptive 1/2/3 m target,Geometry + context CNN,2542,wedding,2.0,0.7580315841354976,1.5103447996079922,7.46724189941269,True,True,True
Context-adaptive 1/2/3 m target,Geometry + context CNN,2543,wedding,1.0,0.4113883949666893,0.603459128107046,3.9960372582484536,True,True,True
Context-adaptive 1/2/3 m target,Geometry + context CNN,2544,wedding,1.0,0.3201680433282813,0.832656884502218,6.594257863887805,True,True,True
Context-adaptive 1/2/3 m target,Geometry + context CNN,2545,wedding,2.0,0.7354082215756007,1.2073886127082292,2.4716262618523603,True,True,True
Context-adaptive 1/2/3 m target,Geometry + context CNN,2546,wedding,2.0,0.2608590028751373,0.4018804655425718,0.1979552117108509,True,True,True
Context-adaptive 1/2/3 m target,Geometry + context CNN,2547,wedding,1.0,0.3906778011231991,0.733532828078608,2.7791524466435806,True,True,True
Context-adaptive 1/2/3 m target,Geometry + context CNN,2548,wedding,2.0,0.49799651641017184,1.1783879254784893,2.8153666821988383,True,True,True
Context-adaptive 1/2/3 m target,Geometry + context CNN,2549,wedding,1.0,0.7889087712702958,0.9134793715850991,3.119264701531577,True,True,True
Context-adaptive 1/2/3 m target,Geometry + context CNN,2550,wedding,3.0,1.3407952876017581,2.6783666571298697,1.3369587551341564,True,True,True
Context-adaptive 1/2/3 m target,Geometry + context CNN,2551,wedding,1.0,2.8296843271387093,1.271576005910771,3.3136404328864533,True,True,True
Context-adaptive 1/2/3 m target,Geometry + context CNN,2552,wedding,2.0,1.9249965030863179,1.4346107620316841,1.879054032692758,True,True,True
Context-adaptive 1/2/3 m target,Geometry + context CNN,2553,wedding,1.0,0.2640606585493256,0.5891680488136865,1.6992153263800163,True,True,True
Context-adaptive 1/2/3 m target,Geometry + context CNN,2554,wedding,2.0,0.48737426288924063,1.3063369142773453,2.1212340466107307,True,True,True
Context-adaptive 1/2/3 m target,Geometry + context CNN,2555,wedding,2.0,1.2971115396536943,1.7587446795358697,3.5706844850148696,True,True,True
Context-adaptive 1/2/3 m target,Geometry + context CNN,2556,wedding,1.0,0.6300801435552966,1.036063900578674,3.3824422274553663,True,True,True
Context-adaptive 1/2/3 m target,Geometry + context CNN,2557,wedding,2.0,1.4267942248280647,1.178948591639654,1.8469531223247366,True,True,True
Context-adaptive 1/2/3 m target,Geometry + context CNN,2558,wedding,2.0,0.4325672290149113,1.0157309100031853,3.6509499247083586,True,True,True
Context-adaptive 1/2/3 m target,Geometry + context CNN,2559,wedding,2.0,0.19209944513502972,0.49498764891177416,1.481317213231122,True,True,True
Context-adaptive 1/2/3 m target,Geometry + context CNN,2560,wedding,2.0,0.6273862689326348,1.0912362945766911,1.3989097020262051,True,True,True
Context-adaptive 1/2/3 m target,Geometry + context CNN,2561,wedding,2.0,0.7177291813364425,1.4669007781520267,5.246182972189966,True,True,True
Context-adaptive 1/2/3 m target,Geometry + context CNN,2562,wedding,1.0,0.47737764061479715,0.7464451632071278,4.31851913852672,True,True,True
Context-adaptive 1/2/3 m target,Geometry + context CNN,2563,wedding,1.0,0.631613888333494,0.9062377973734296,2.6075320559611455,True,True,True
Context-adaptive 1/2/3 m target,Geometry + context CNN,2564,wedding,1.0,0.14920208211072508,0.38967183074380174,0.0831835791031862,True,True,True
Context-adaptive 1/2/3 m target,Geometry + context CNN,2565,wedding,1.0,0.8970848901116372,1.3336416012825494,2.757217976621951,True,True,True
Context-adaptive 1/2/3 m target,Geometry + context CNN,2566,wedding,2.0,0.9156799504824752,0.9809129910148836,0.8802508836616086,True,True,True
Context-adaptive 1/2/3 m target,Geometry + context CNN,2567,wedding,3.0,0.49416139785993557,1.0691734395521761,0.5192032472648086,True,True,True
Context-adaptive 1/2/3 m target,Geometry + context CNN,2568,wedding,3.0,0.7678490575755307,2.511671732778046,0.760506590525823,True,True,True
Context-adaptive 1/2/3 m target,Geometry + context CNN,2569,wedding,1.0,0.918678480033185,1.3150512449640632,0.877904155128094,True,True,True
Context-adaptive 1/2/3 m target,Geometry + context CNN,2570,wedding,2.0,0.18702925821616156,0.3069691207395624,2.0331867416288745,True,True,True
Context-adaptive 1/2/3 m target,Geometry + context CNN,2571,wedding,2.0,0.6992460617150551,1.564964723595347,3.590209911713772,True,True,True
Context-adaptive 1/2/3 m target,Geometry + context CNN,2572,wedding,2.0,0.3834826614543773,0.538896924068612,2.067321170522508,True,True,True
Context-adaptive 1/2/3 m target,Geometry + context CNN,2573,wedding,1.0,0.9966844843458944,1.4352890328767376,4.2861517885688025,True,True,True
Context-adaptive 1/2/3 m target,Geometry + context CNN,2574,wedding,1.0,0.2950944372206274,0.3554759307132831,1.706107210324216,True,True,True
Context-adaptive 1/2/3 m target,Geometry + context CNN,2575,wedding,2.0,7.564473019644086,1.1452783573710625,2.2102663626486456,True,True,True
Context-adaptive 1/2/3 m target,Geometry + context CNN,2576,wedding,2.0,0.5304117294330044,0.9454725761076582,2.655605229905625,True,True,True
Context-adaptive 1/2/3 m target,Geometry + context CNN,2577,wedding,2.0,0.7939736649121271,1.38326625884006,2.6514894607321504,True,True,True
Context-adaptive 1/2/3 m target,Geometry + context CNN,2578,wedding,2.0,1.3933839818886526,0.9688962268374484,4.328555843451462,True,True,True
Context-adaptive 1/2/3 m target,Geometry + context CNN,2579,wedding,2.0,0.7869747178398713,1.654603144493632,6.697008649139373,True,True,True
Context-adaptive 1/2/3 m target,Geometry + context CNN,2580,wedding,2.0,0.5437278884561101,1.7091203829739783,0.24644328504482677,True,True,True
Context-adaptive 1/2/3 m target,Geometry + context CNN,2581,wedding,1.0,0.2948700229902869,0.7926541847004686,2.421028802908824,True,True,True
Context-adaptive 1/2/3 m target,Geometry + context CNN,2582,wedding,2.0,0.6101752515227507,1.5959756158884122,5.4505911051253,True,True,True
Context-adaptive 1/2/3 m target,Geometry + context CNN,2583,wedding,2.0,0.7469482057306813,1.0818480525906733,2.1379086825522324,True,True,True
Context-adaptive 1/2/3 m target,Geometry + context CNN,2584,wedding,1.0,0.13826774287725319,0.20140317681555062,0.8178066921201725,True,True,True
Context-adaptive 1/2/3 m target,Geometry + context CNN,2585,wedding,2.0,1.0564435613094139,1.4121455352257009,1.5841249636227361,True,True,True
Context-adaptive 1/2/3 m target,Geometry + context CNN,2586,wedding,1.0,0.5387584673339588,1.0142174464309401,0.10028338248606397,True,True,True
Context-adaptive 1/2/3 m target,Geometry + context CNN,2587,wedding,2.0,0.7763870543644569,0.9996310423974408,0.3578098423098849,True,True,True
Context-adaptive 1/2/3 m target,Geometry + context CNN,2588,wedding,1.0,0.577932939757728,0.970314747421704,3.274560755966592,True,True,True
Context-adaptive 1/2/3 m target,Geometry + context CNN,2589,wedding,3.0,1.602519262179346,1.442673809826374,1.970824367072118,True,True,True
Context-adaptive 1/2/3 m target,Geometry + context CNN,2590,wedding,1.0,0.42997226462398963,0.6766516874807867,0.7381501394151588,True,True,True
Context-adaptive 1/2/3 m target,Geometry + context CNN,2591,wedding,3.0,0.302449673216668,0.7699042253225628,3.8939823363575092,True,True,True
Context-adaptive 1/2/3 m target,Geometry + context CNN,2592,wedding,3.0,2.2382251502352375,3.882386311749958,23.36134407520024,True,True,True
Context-adaptive 1/2/3 m target,Geometry + context CNN,2593,wedding,2.0,0.9092486860664972,0.9642218879205922,0.9624279611077492,True,True,True
Context-adaptive 1/2/3 m target,Geometry + context CNN,2594,wedding,2.0,2.1296284304818127,1.5672407120501899,3.970453980510349,True,True,True
Context-adaptive 1/2/3 m target,Geometry + context CNN,2595,wedding,2.0,0.7429218797126105,1.2482409291796355,5.993229366836692,True,True,True
Context-adaptive 1/2/3 m target,Geometry + context CNN,2596,wedding,1.0,0.44985678982697075,0.7187616058301844,1.4510050307065256,True,True,True
Context-adaptive 1/2/3 m target,Geometry + context CNN,2597,wedding,1.0,0.4689208358563141,0.9735665916461472,2.4830543386834543,True,True,True
Context-adaptive 1/2/3 m target,Geometry + context CNN,2598,wedding,1.0,0.585957637130492,0.9155445726359652,2.0083233871551354,True,True,True
Context-adaptive 1/2/3 m target,Geometry + context CNN,2599,wedding,1.0,0.6306624533450627,1.1115998879243592,2.7572894701305892,True,True,True
Context-adaptive 1/2/3 m target,Geometry + context CNN,2600,wedding,3.0,0.26310122240248507,0.9338527609499568,4.658551259209015,True,True,True
Context-adaptive 1/2/3 m target,Geometry + context CNN,2601,wedding,2.0,1.1806385098589216,1.6249454182543561,4.360207686513768,True,True,True
Context-adaptive 1/2/3 m target,Geometry + context CNN,2602,wedding,2.0,1.646735016773434,1.0824945291737023,1.4343488606096162,True,True,True
Context-adaptive 1/2/3 m target,Geometry + context CNN,2603,wedding,2.0,0.47632818279311434,0.959682179595619,2.425226338464471,True,True,True
Context-adaptive 1/2/3 m target,Geometry + context CNN,2604,wedding,2.0,0.6345166516426478,0.7461174431323279,3.6981979181109668,True,True,True
Context-adaptive 1/2/3 m target,Geometry + context CNN,2605,wedding,2.0,0.2881619127016005,0.4397099865600467,2.208367044000441,True,True,True
Context-adaptive 1/2/3 m target,Geometry + context CNN,2606,wedding,2.0,0.23703840760897954,0.4068600940818385,1.162813015219752,True,True,True
Context-adaptive 1/2/3 m target,Geometry + context CNN,2607,wedding,2.0,0.29803950889441566,0.7070625436081209,0.8108706788056006,True,True,True
Context-adaptive 1/2/3 m target,Geometry + context CNN,2608,wedding,1.0,0.059095505082829805,0.1140141961377382,0.7713942431186903,True,True,True
Context-adaptive 1/2/3 m target,Geometry + context CNN,2609,wedding,2.0,0.22186688088474488,0.5434115335444175,2.2535687199042402,True,True,True
Context-adaptive 1/2/3 m target,Geometry + context CNN,2610,wedding,2.0,0.936790319027822,1.4042761940297,2.13400700940342,True,True,True
Context-adaptive 1/2/3 m target,Geometry + context CNN,2611,wedding,2.0,1.025069609522629,1.19898603259251,4.226132572345529,True,True,True
Context-adaptive 1/2/3 m target,Geometry + context CNN,2612,wedding,1.0,0.14249881663381203,0.24495595235453677,0.7125989197122122,True,True,True
Context-adaptive 1/2/3 m target,Geometry + context CNN,2613,wedding,3.0,1.1891949293494033,2.057256953846882,8.076693990348495,True,True,True
Context-adaptive 1/2/3 m target,Geometry + context CNN,2614,wedding,1.0,0.16626393410832974,0.3550630988172764,2.2497341015874155,True,True,True
Context-adaptive 1/2/3 m target,Geometry + context CNN,2615,wedding,1.0,0.42800281412637375,0.6411229081616702,0.41436364972500894,True,True,True
Context-adaptive 1/2/3 m target,Geometry + context CNN,2616,wedding,2.0,0.8549319872205903,1.095271914196167,1.6172372977181766,True,True,True
Context-adaptive 1/2/3 m target,Geometry + context CNN,2617,wedding,2.0,0.4391276614674072,0.7128619855697176,3.3821225323697544,True,True,True
Context-adaptive 1/2/3 m target,Geometry + context CNN,2618,wedding,2.0,0.0893078861587934,0.1298219153415216,0.23592491067095595,True,True,True
Context-adaptive 1/2/3 m target,Geometry + context CNN,2619,wedding,2.0,1.0160077085762294,1.8198792389912903,8.292053355579384,True,True,True
Context-adaptive 1/2/3 m target,Geometry + context CNN,2620,wedding,2.0,1.379636553050358,2.0994690853009548,4.290981287123875,True,True,True
Context-adaptive 1/2/3 m target,Geometry + context CNN,2621,wedding,2.0,0.551537801997592,0.7430521878193078,2.807620563580386,True,True,True
Context-adaptive 1/2/3 m target,Geometry + context CNN,2622,wedding,2.0,0.6786720327476626,1.2467909165459312,10.80290707508028,True,True,True
Context-adaptive 1/2/3 m target,Geometry + context CNN,2623,wedding,2.0,1.3327497138796356,1.4526369615181196,10.026370711108868,True,True,True
Context-adaptive 1/2/3 m target,Geometry + context CNN,2624,wedding,2.0,0.8067691594522213,1.0114205693415237,2.5749701523040236,True,True,True
Context-adaptive 1/2/3 m target,Geometry + context CNN,2625,wedding,2.0,0.6110545626051389,0.9984921333095007,3.2389404483608413,True,True,True
Context-adaptive 1/2/3 m target,Geometry + context CNN,2626,wedding,1.0,0.9681389303761838,1.4873393135851012,3.4189899269448465,True,True,True
Context-adaptive 1/2/3 m target,Geometry + context CNN,2627,wedding,2.0,0.5620773474741007,0.6213662876026909,1.9016610795177418,True,True,True
Context-adaptive 1/2/3 m target,Geometry + context CNN,2628,wedding,2.0,0.47594283858979924,1.2323206149928219,3.6822391781468693,True,True,True
Context-adaptive 1/2/3 m target,Geometry + context CNN,2629,wedding,2.0,0.999292236378939,1.138297181628384,3.299845057053039,True,True,True
Context-adaptive 1/2/3 m target,Geometry + context CNN,2630,wedding,2.0,1.7738596095448846,2.14326410799125,2.1260393335911534,True,True,True
Context-adaptive 1/2/3 m target,Geometry + context CNN,2631,wedding,2.0,0.9130215810106207,1.4683751475191285,3.1736541486554297,True,True,True
Context-adaptive 1/2/3 m target,Geometry + context CNN,2632,wedding,2.0,1.7286834947333587,1.1222575005348798,2.7040411862595213,True,True,True
Context-adaptive 1/2/3 m target,Geometry + context CNN,2633,wedding,2.0,1.0514130751194664,1.2634948217398305,6.578820402443688,True,True,True
Context-adaptive 1/2/3 m target,Geometry + context CNN,2634,wedding,2.0,0.12835486304842858,0.19105035477713808,0.5366293151376971,True,True,True
Context-adaptive 1/2/3 m target,Geometry + context CNN,2635,wedding,2.0,0.8437958096337009,1.2612474580398023,2.1835826431584806,True,True,True
Context-adaptive 1/2/3 m target,Geometry + context CNN,2636,wedding,3.0,1.954583458970415,2.3818728961543156,10.21145344439538,True,True,True
Context-adaptive 1/2/3 m target,Geometry + context CNN,2637,wedding,3.0,0.6452795379719886,0.7008451236160216,2.348342710375345,True,True,True
Context-adaptive 1/2/3 m target,Geometry + context CNN,2638,wedding,2.0,0.2447604944432999,0.6428707170030729,1.3050849159162605,True,True,True
Context-adaptive 1/2/3 m target,Geometry + context CNN,2639,wedding,3.0,0.9829234184195772,1.932838237541881,1.3268550600697033,True,True,True
Context-adaptive 1/2/3 m target,Geometry + context CNN,2640,wedding,3.0,0.3061872797667227,0.5833311885144887,0.8397945207215328,True,True,True
Context-adaptive 1/2/3 m target,Geometry + context CNN,2641,wedding,3.0,0.37615515280870576,0.6528115973924605,4.305975300059014,True,True,True
Context-adaptive 1/2/3 m target,Geometry + context CNN,2642,wedding,3.0,0.478196412609909,0.7351134789547031,1.8180166463078982,True,True,True
Context-adaptive 1/2/3 m target,Geometry + context CNN,2643,wedding,2.0,0.9821217820617674,1.6976108371068992,4.412372141344196,True,True,True
Context-adaptive 1/2/3 m target,Geometry + context CNN,2644,wedding,2.0,0.7433134307991922,1.008827208349764,2.109448586459976,True,True,True
Context-adaptive 1/2/3 m target,Geometry + context CNN,2645,wedding,1.0,0.47609607593092984,0.7934809553037007,1.3904388831008752,True,True,True
Context-adaptive 1/2/3 m target,Geometry + context CNN,2646,wedding,2.0,1.818034766428087,2.018425349417315,4.329299503218963,True,True,True
Context-adaptive 1/2/3 m target,Geometry + context CNN,2647,wedding,2.0,1.4020467300966268,2.264410685573239,8.69575953964643,True,True,True
Context-adaptive 1/2/3 m target,Geometry + context CNN,2648,wedding,1.0,0.25631912589088285,0.5533218839579198,1.6338844848341183,True,True,True
Context-adaptive 1/2/3 m target,Geometry + context CNN,2649,wedding,2.0,0.740011316471812,1.4425540948286653,3.208133482736961,True,True,True
Context-adaptive 1/2/3 m target,Geometry + context CNN,2650,wedding,2.0,0.6821284269324386,1.3847800376214696,0.7946770406544996,True,True,True
Context-adaptive 1/2/3 m target,Geometry + context CNN,2651,wedding,2.0,1.1571815801233432,1.5198522931725376,0.7224603185677242,True,True,True
Context-adaptive 1/2/3 m target,Geometry + context CNN,2652,wedding,2.0,0.509349019513324,1.041230351798718,3.6050282997893563,True,True,True
Context-adaptive 1/2/3 m target,Geometry + context CNN,2653,wedding,3.0,0.5781175491247015,0.7029658499053083,1.8844441114003785,True,True,True
Context-adaptive 1/2/3 m target,Geometry + context CNN,2654,wedding,1.0,0.37276838240054566,0.8013167467830274,2.901488071534492,True,True,True
Context-adaptive 1/2/3 m target,Geometry + context CNN,2655,wedding,2.0,0.6774124665091876,1.3166077540103573,2.878634785531166,True,True,True
Context-adaptive 1/2/3 m target,Geometry + context CNN,2656,wedding,1.0,0.6783020139123815,0.8807180432119684,3.203174973907242,True,True,True
Context-adaptive 1/2/3 m target,Geometry + context CNN,2657,wedding,1.0,0.1655087588859838,0.3103420322041506,0.9617217528355694,True,True,True
Context-adaptive 1/2/3 m target,Geometry + context CNN,2658,wedding,1.0,0.5338373592967576,0.6383156044680062,2.9360304597781464,True,True,True
Context-adaptive 1/2/3 m target,Geometry + context CNN,2659,wedding,2.0,0.981677394613104,1.8260877939542857,4.522921623085818,True,True,True
Context-adaptive 1/2/3 m target,Geometry + context CNN,2660,wedding,2.0,0.2660817628749865,0.5291192370438299,1.7325125748842212,True,True,True
Context-adaptive 1/2/3 m target,Geometry + context CNN,2661,wedding,2.0,0.2976164568931704,0.6577744499075372,1.856427251890004,True,True,True
Context-adaptive 1/2/3 m target,Geometry + context CNN,2662,wedding,2.0,0.570129190777181,1.2371092453070156,1.2951659053489866,True,True,True
Context-adaptive 1/2/3 m target,Geometry + context CNN,2663,wedding,2.0,0.7232688462291209,1.115729842020237,8.00681492652145,True,True,True
Context-adaptive 1/2/3 m target,Geometry + context CNN,2664,wedding,2.0,0.6022249778992862,0.9916743551569708,0.8253703094814135,True,True,True
Context-adaptive 1/2/3 m target,Geometry + context CNN,2665,wedding,2.0,1.7319196532599452,1.5900579528651255,1.321204446798461,True,True,True
Context-adaptive 1/2/3 m target,Geometry + context CNN,2666,wedding,2.0,1.3087754323750433,1.8469955944279817,0.5156908174506338,True,True,True
Context-adaptive 1/2/3 m target,Geometry + context CNN,2667,wedding,2.0,1.1712988297607825,1.2420031774071025,5.3925207394243335,True,True,True
Context-adaptive 1/2/3 m target,Geometry + context CNN,2668,wedding,2.0,0.11712890296397327,0.36588810866324556,0.5360976939829541,True,True,True
Context-adaptive 1/2/3 m target,Geometry + context CNN,2669,wedding,3.0,0.5227382646656722,1.112249562147146,3.3660191543751132,True,True,True
Context-adaptive 1/2/3 m target,Geometry + context CNN,2670,wedding,2.0,0.5098843638507089,1.147318064092639,2.0339672268545925,True,True,True
Context-adaptive 1/2/3 m target,Geometry + context CNN,2671,wedding,1.0,0.05173530818486619,0.08656750163149078,0.7842249425022549,True,True,True
Context-adaptive 1/2/3 m target,Geometry + context CNN,2672,wedding,1.0,0.6733285093978354,0.7190066256325094,1.7568599419920432,True,True,True
Context-adaptive 1/2/3 m target,Geometry + context CNN,2673,wedding,1.0,0.6514721916272855,0.967741897114312,3.7168979880199364,True,True,True
Context-adaptive 1/2/3 m target,Geometry + context CNN,2674,wedding,2.0,0.5542040224972619,0.6943151424496493,4.474974676224926,True,True,True
Context-adaptive 1/2/3 m target,Geometry + context CNN,2675,wedding,2.0,3.7146822852976213,1.2713168232947543,5.070468040315812,True,True,True
Context-adaptive 1/2/3 m target,Geometry + context CNN,2676,wedding,2.0,1.1462862251468413,1.9533807744857759,16.12116074122751,True,True,True
Context-adaptive 1/2/3 m target,Geometry + context CNN,2677,wedding,1.0,0.658679910891525,0.9038042847612723,1.6545525481598058,True,True,True
Context-adaptive 1/2/3 m target,Geometry + context CNN,2678,wedding,1.0,0.8144029455633927,1.232588079072414,2.1044428621854503,True,True,True
Context-adaptive 1/2/3 m target,Geometry + context CNN,2679,wedding,1.0,1.1344179778197279,0.7819103032088945,0.11159243599153969,True,True,True
Context-adaptive 1/2/3 m target,Geometry + context CNN,2680,wedding,1.0,0.6736868643087295,1.0528935570990956,3.8421526703372524,True,True,True
Context-adaptive 1/2/3 m target,Geometry + context CNN,2681,wedding,1.0,0.5504953747019219,0.9096100272741061,0.8645370642030594,True,True,True
Context-adaptive 1/2/3 m target,Geometry + context CNN,2682,wedding,2.0,0.8395541030820319,1.2206765533192083,1.4137013767183175,True,True,True
Context-adaptive 1/2/3 m target,Geometry + context CNN,2683,wedding,2.0,0.8031514751678153,1.173798753220026,5.224278821293688,True,True,True
Context-adaptive 1/2/3 m target,Geometry + context CNN,2684,wedding,2.0,0.8279003650582125,0.8774881929631616,2.9208055337838825,True,True,True
Context-adaptive 1/2/3 m target,Geometry + context CNN,2685,wedding,1.0,0.43393053195942694,0.5878828396236522,1.6233164052156703,True,True,True
Context-adaptive 1/2/3 m target,Geometry + context CNN,2686,wedding,1.0,0.42285579241314786,1.0028860645324802,2.49637998389101,True,True,True
Context-adaptive 1/2/3 m target,Geometry + context CNN,2687,wedding,1.0,0.40409764522447505,0.6332583666061268,1.7270970537922739,True,True,True
Context-adaptive 1/2/3 m target,Geometry + context CNN,2688,wedding,1.0,0.2556934295157234,0.4450327440221577,0.9240944307538426,True,True,True
Context-adaptive 1/2/3 m target,Geometry + context CNN,2689,wedding,1.0,0.22350340008251549,0.3245261209939502,2.3374874249884545,True,True,True
Context-adaptive 1/2/3 m target,Geometry + context CNN,2690,wedding,2.0,0.1505979132681737,0.3976412966080566,0.8969301889454743,True,True,True
Context-adaptive 1/2/3 m target,Geometry + context CNN,2691,wedding,2.0,0.5300771632500244,0.6820478519411558,0.20694727520540654,True,True,True
Context-adaptive 1/2/3 m target,Geometry + context CNN,2692,wedding,1.0,0.5574931622662863,0.9080377012381429,2.3399144433948034,True,True,True
Context-adaptive 1/2/3 m target,Geometry + context CNN,2693,wedding,3.0,1.3415169470168558,1.458513653366146,2.5723233491240776,True,True,True
Context-adaptive 1/2/3 m target,Geometry + context CNN,2694,wedding,2.0,1.0851348507603806,1.1022457296814325,0.8494948265590061,True,True,True
Context-adaptive 1/2/3 m target,Geometry + context CNN,2695,wedding,2.0,0.5225560999240108,0.7299521886697509,5.183778432664137,True,True,True
Context-adaptive 1/2/3 m target,Geometry + context CNN,2696,wedding,3.0,0.6906539213675194,0.9976378349519845,2.4127187710359075,True,True,True
Context-adaptive 1/2/3 m target,Geometry + context CNN,2697,wedding,3.0,1.4212637972244742,1.642213664452192,4.758277064167961,True,True,True
Context-adaptive 1/2/3 m target,Geometry + context CNN,2698,wedding,2.0,1.167030853108953,1.6409299858903124,0.3018600066038879,True,True,True
Context-adaptive 1/2/3 m target,Geometry + context CNN,2699,wedding,3.0,0.5385525374401237,0.7926304390282403,6.5721697723719705,True,True,True
Context-adaptive 1/2/3 m target,Geometry + context CNN,2700,wedding,2.0,0.6522422336865592,1.3244678896567856,3.6884720892836222,True,True,True
Context-adaptive 1/2/3 m target,Geometry + context CNN,2701,wedding,3.0,0.5669117139770288,0.7116742469449964,10.239055747236819,True,True,True
Context-adaptive 1/2/3 m target,Geometry + context CNN,2702,wedding,3.0,0.8476260519420672,1.3403080105254326,2.0674530299248333,True,True,True
Context-adaptive 1/2/3 m target,Geometry + context CNN,2703,wedding,2.0,0.5189100304701576,0.9121624697357734,2.282970638622246,True,True,True
Context-adaptive 1/2/3 m target,Geometry + context CNN,2704,wedding,2.0,0.967218520135088,1.3191640704018877,2.0240851455135753,True,True,True
Context-adaptive 1/2/3 m target,Geometry + context CNN,2705,wedding,3.0,0.15906500729815257,0.3238640873168778,0.46138519311110376,True,True,True
Context-adaptive 1/2/3 m target,Geometry + context CNN,2706,wedding,3.0,1.3327919167324949,2.3918578409782056,9.91515192753364,True,True,True
Context-adaptive 1/2/3 m target,Geometry + context CNN,2707,wedding,3.0,0.5894812454285779,1.282692617459479,2.556447455195761,True,True,True
Context-adaptive 1/2/3 m target,Geometry + context CNN,2708,wedding,3.0,0.29111324105829844,0.45401062109226187,1.62558181627636,True,True,True
Context-adaptive 1/2/3 m target,Geometry + context CNN,2709,wedding,3.0,0.36795467831852285,1.2770996927091893,4.288598291546597,True,True,True
Context-adaptive 1/2/3 m target,Geometry + context CNN,2710,wedding,2.0,0.7556652728280493,1.399701700609026,4.426301231878447,True,True,True
Context-adaptive 1/2/3 m target,Geometry + context CNN,2711,wedding,3.0,0.4062031031312709,0.47598623262326173,0.27325494627823677,True,True,True
Context-adaptive 1/2/3 m target,Geometry + context CNN,2712,wedding,3.0,0.8619220384134452,2.1490471490327945,15.422856631140498,True,True,True
Context-adaptive 1/2/3 m target,Geometry + context CNN,2713,wedding,3.0,0.7748458770291575,1.1102502710751916,3.044109894346464,True,True,True
Context-adaptive 1/2/3 m target,Geometry + context CNN,2714,wedding,3.0,1.2023040530763922,0.9865450794641487,1.087332410281813,True,True,True
Context-adaptive 1/2/3 m target,Geometry + context CNN,2715,wedding,3.0,0.6738787311203998,1.0196948531813452,0.38579654578099476,True,True,True
Context-adaptive 1/2/3 m target,Geometry + context CNN,2716,wedding,2.0,0.4093474678657956,0.7523741034414696,2.4199658791453724,True,True,True
Context-adaptive 1/2/3 m target,Geometry + context CNN,2717,wedding,3.0,1.6775459275146312,2.6432295246387434,9.726479678052996,True,True,True
Context-adaptive 1/2/3 m target,Geometry + context CNN,2718,wedding,2.0,0.38753729372070067,0.9743871207006551,3.141933553917146,True,True,True
Context-adaptive 1/2/3 m target,Geometry + context CNN,2719,wedding,3.0,0.3040736012536167,0.4830057380444209,2.9602493588622836,True,True,True
Context-adaptive 1/2/3 m target,Geometry + context CNN,2720,wedding,3.0,0.7667216181794915,1.6835192925475437,1.2418446282955657,True,True,True
Context-adaptive 1/2/3 m target,Geometry + context CNN,2721,wedding,2.0,0.5856890310215198,0.8505540759087608,0.45553534303074017,True,True,True
Context-adaptive 1/2/3 m target,Geometry + context CNN,2722,wedding,2.0,0.4997119130196426,0.687335152979147,1.3099229563598533,True,True,True
Context-adaptive 1/2/3 m target,Geometry + context CNN,2723,wedding,2.0,1.0750889959861367,1.8465418395327233,2.6166813317387665,True,True,True
Context-adaptive 1/2/3 m target,Geometry + context CNN,2724,wedding,1.0,0.7366236261828613,0.915729786558441,1.7307300986950804,True,True,True
Context-adaptive 1/2/3 m target,Geometry + context CNN,2725,wedding,2.0,0.6893504365846658,1.870809296685149,7.372084800198911,True,True,True
Context-adaptive 1/2/3 m target,Geometry + context CNN,2726,wedding,2.0,0.5182070668931299,0.870921821333468,3.7984427437981942,True,True,True
Context-adaptive 1/2/3 m target,Geometry + context CNN,2727,wedding,2.0,1.137703871419765,1.6647558416533776,6.391918232677648,True,True,True
Context-adaptive 1/2/3 m target,Geometry + context CNN,2728,wedding,1.0,0.332882952607264,0.5452425961505326,2.3454314318121754,True,True,True
Context-adaptive 1/2/3 m target,Geometry + context CNN,2729,wedding,1.0,0.15795195846005894,0.2568627126443922,1.1077779414375404,True,True,True
Context-adaptive 1/2/3 m target,Geometry + context CNN,2730,wedding,2.0,1.2026251226187832,1.4358191812689916,4.477473146735629,True,True,True
Context-adaptive 1/2/3 m target,Geometry + context CNN,2731,wedding,1.0,0.20653373520573678,0.3935412939981949,1.7469582517529498,True,True,True
Context-adaptive 1/2/3 m target,Geometry + context CNN,2732,wedding,1.0,0.31004577660366706,0.4018414518630691,1.8258967079853385,True,True,True
Context-adaptive 1/2/3 m target,Geometry + context CNN,2733,wedding,3.0,0.8843748077163133,2.2014059007291302,10.319995362004184,True,True,True
Context-adaptive 1/2/3 m target,Geometry + context CNN,2734,wedding,3.0,1.069350651523752,0.8708399109841836,2.104266304495341,True,True,True
Context-adaptive 1/2/3 m target,Geometry + context CNN,2735,wedding,3.0,0.6380598274532274,1.519488920695763,13.530504367743411,True,True,True
Context-adaptive 1/2/3 m target,Geometry + context CNN,2736,wedding,1.0,0.3586533740080099,0.4530415711022081,1.5602267604577273,True,True,True
Context-adaptive 1/2/3 m target,Geometry + context CNN,2737,wedding,2.0,1.1857754712088464,1.6183879352351174,3.6648712262783443,True,True,True
Context-adaptive 1/2/3 m target,Geometry + context CNN,2738,wedding,1.0,0.24321010700612722,0.4146901506464509,0.738187588422574,True,True,True
Context-adaptive 1/2/3 m target,Geometry + context CNN,2739,wedding,2.0,1.083284504688706,1.5011965651065111,2.134288286618203,True,True,True
Context-adaptive 1/2/3 m target,Geometry + context CNN,2740,wedding,3.0,2.7774127785259637,2.230162293666953,3.866039897803842,True,True,True
Context-adaptive 1/2/3 m target,Geometry + context CNN,2741,wedding,1.0,0.34190481765866965,0.6400833142525924,2.592109900731761,True,True,True
Context-adaptive 1/2/3 m target,Geometry + context CNN,2742,wedding,2.0,0.9313646446471008,1.217748404959841,0.4977187277626894,True,True,True
Context-adaptive 1/2/3 m target,Geometry + context CNN,2743,wedding,1.0,0.507201662470372,0.8781844327677119,3.5082072892956324,True,True,True
Context-adaptive 1/2/3 m target,Geometry + context CNN,2744,wedding,1.0,0.45884271066608623,0.927470930851996,1.4616444276068803,True,True,True
Context-adaptive 1/2/3 m target,Geometry + context CNN,2745,wedding,2.0,0.8167437588026063,1.1182511204366286,0.9303014341503322,True,True,True
Context-adaptive 1/2/3 m target,Geometry + context CNN,2746,wedding,1.0,0.4783712499673991,1.03792229097353,1.9984606706299022,True,True,True
Context-adaptive 1/2/3 m target,Geometry + context CNN,2747,wedding,1.0,0.9264130837085449,1.5265302125330802,2.262058156118931,True,True,True
Context-adaptive 1/2/3 m target,Geometry + context CNN,2748,wedding,2.0,0.5486769080609881,1.7231794899119341,5.395007117867526,True,True,True
Context-adaptive 1/2/3 m target,Geometry + context CNN,2749,wedding,3.0,0.6722422540226635,1.0860738481315284,2.6967275468061973,True,True,True
Context-adaptive 1/2/3 m target,Geometry + context CNN,2750,wedding,3.0,0.10520570208272494,0.3314861954787275,0.30747109349437635,True,True,True
Context-adaptive 1/2/3 m target,Geometry + context CNN,2751,wedding,1.0,0.08625464196758764,0.15513614373113505,1.0030076836005601,True,True,True
Context-adaptive 1/2/3 m target,Geometry + context CNN,2752,wedding,2.0,0.4135263431844433,0.6864380242484178,1.5619585050879246,True,True,True
Context-adaptive 1/2/3 m target,Geometry + context CNN,2753,wedding,1.0,0.3262795686282732,0.5598458825371982,2.844045106422792,True,True,True
Context-adaptive 1/2/3 m target,Geometry + context CNN,2754,wedding,2.0,0.14189890792447618,0.4875446187292359,1.4067128830545947,True,True,True
Context-adaptive 1/2/3 m target,Geometry + context CNN,2755,wedding,2.0,0.49391653337770264,0.9233936406672001,1.6677382603705346,True,True,True
Context-adaptive 1/2/3 m target,Geometry + context CNN,2756,wedding,1.0,0.21600512052395618,0.3059101502941793,0.44817822453635975,True,True,True
Context-adaptive 1/2/3 m target,Geometry + context CNN,2757,wedding,3.0,0.9671942181385105,1.5823169210277588,3.7139129700134013,True,True,True
Context-adaptive 1/2/3 m target,Geometry + context CNN,2758,wedding,1.0,0.23256507416581942,0.33736178185790777,3.41873172862638,True,True,True
Context-adaptive 1/2/3 m target,Geometry + context CNN,2759,wedding,1.0,0.33648427837763395,0.7026046077111189,1.4303187092339238,True,True,True
Context-adaptive 1/2/3 m target,Geometry + context CNN,2760,wedding,2.0,0.4466917180810422,1.0357096803572263,5.378909049479024,True,True,True
Context-adaptive 1/2/3 m target,Geometry + context CNN,2761,wedding,1.0,0.11375825110448236,0.1861011349291866,1.0662282570600856,True,True,True
Context-adaptive 1/2/3 m target,Geometry + context CNN,2762,wedding,2.0,0.47334066280742604,0.729682665543809,2.4903467088597893,True,True,True
Context-adaptive 1/2/3 m target,Geometry + context CNN,2763,wedding,2.0,0.9893413123764506,1.1776831590505883,0.771672330687337,True,True,True
Context-adaptive 1/2/3 m target,Geometry + context CNN,2764,wedding,1.0,0.10808789236870346,0.15952623118579892,2.7385736543712556,True,True,True
Context-adaptive 1/2/3 m target,Geometry + context CNN,2765,wedding,2.0,0.6926210674657857,1.0309786351040042,1.3317172719331076,True,True,True
Context-adaptive 1/2/3 m target,Geometry + context CNN,2766,wedding,2.0,0.279299869613849,0.5508665470604199,3.573070453650138,True,True,True
Context-adaptive 1/2/3 m target,Geometry + context CNN,2767,wedding,2.0,1.3560917543689486,1.5408213299795805,1.41635694451249,True,True,True
Context-adaptive 1/2/3 m target,Geometry + context CNN,2768,wedding,2.0,0.09821592313361073,0.19841516441150492,1.4841968033649855,True,True,True
Context-adaptive 1/2/3 m target,Geometry + context CNN,2769,wedding,2.0,0.057129684290422124,0.10420500817177944,0.5571444063770665,True,True,True
Context-adaptive 1/2/3 m target,Geometry + context CNN,2770,wedding,2.0,0.10326137925894653,0.43291358650182576,0.17520430389645372,True,True,True
Context-adaptive 1/2/3 m target,Geometry + context CNN,2771,wedding,1.0,0.5256525522798955,0.6341367575921292,0.6148042144070709,True,True,True
Context-adaptive 1/2/3 m target,Geometry + context CNN,2772,wedding,2.0,0.3710801029778034,0.5779448464828141,0.5381875696787343,True,True,True
Context-adaptive 1/2/3 m target,Geometry + context CNN,2773,wedding,1.0,0.5278938128431326,0.7728794633614069,3.0241894090324366,True,True,True
Context-adaptive 1/2/3 m target,Geometry + context CNN,2774,wedding,2.0,0.2500265075245985,0.48234008285312985,1.1370075025144692,True,True,True
Context-adaptive 1/2/3 m target,Geometry + context CNN,2775,wedding,2.0,0.9249144109079264,1.4191081289212182,5.134237629499083,True,True,True
Context-adaptive 1/2/3 m target,Geometry + context CNN,2776,wedding,2.0,0.6302451270035532,0.8358766395583936,0.014947713077954972,True,True,True
Context-adaptive 1/2/3 m target,Geometry + context CNN,2777,wedding,2.0,0.7158647636912431,1.164714037716785,0.9546073224241294,True,True,True
Context-adaptive 1/2/3 m target,Geometry + context CNN,2778,wedding,3.0,0.6202563178269265,0.7826092750441647,1.8288723169935892,True,True,True
Context-adaptive 1/2/3 m target,Geometry + context CNN,2779,wedding,2.0,0.4505303829840384,0.7605264674036818,0.43895280397515096,True,True,True
Context-adaptive 1/2/3 m target,Geometry + context CNN,2780,wedding,3.0,0.7269106988340499,1.2814718533150755,4.538706825930818,True,True,True
Context-adaptive 1/2/3 m target,Geometry + context CNN,2781,wedding,2.0,0.3936521754744043,0.6761593382519444,0.6576649188922469,True,True,True
Context-adaptive 1/2/3 m target,Geometry + context CNN,2782,wedding,2.0,0.5285317397156778,0.9357422994053393,1.600501448945071,True,True,True
Context-adaptive 1/2/3 m target,Geometry + context CNN,2783,wedding,1.0,0.31971202688575406,0.5010566343358225,0.48162165721717676,True,True,True
Context-adaptive 1/2/3 m target,Geometry + context CNN,2784,wedding,2.0,1.1213648268207623,1.7704134112247143,4.407763067510037,True,True,True
Context-adaptive 1/2/3 m target,Geometry + context CNN,2785,wedding,2.0,1.9231466502184524,2.26234650661988,1.7637878808774814,True,True,True
Context-adaptive 1/2/3 m target,Geometry + context CNN,2786,wedding,2.0,0.9850876004186817,1.2300311205351062,5.950445212828692,True,True,True
Context-adaptive 1/2/3 m target,Geometry + context CNN,2787,wedding,2.0,0.7252906616450508,1.057622803667276,5.19211470597147,True,True,True
Context-adaptive 1/2/3 m target,Geometry + context CNN,2788,wedding,2.0,4.1975416697432415,0.8425360822996837,2.9959928210500855,True,True,True
Context-adaptive 1/2/3 m target,Geometry + context CNN,2789,wedding,1.0,0.6356722516874841,0.8030045119545247,0.6714738667394953,True,True,True
Context-adaptive 1/2/3 m target,Geometry + context CNN,2790,wedding,2.0,0.874516452660511,1.9701700611039996,7.257780525764658,True,True,True
Context-adaptive 1/2/3 m target,Geometry + context CNN,2791,wedding,2.0,1.5504716948229664,1.3604779493986097,0.5432454096293217,True,True,True
Context-adaptive 1/2/3 m target,Geometry + context CNN,2792,wedding,1.0,0.18264501617325438,0.3485078285333679,1.8187824298874393,True,True,True
Context-adaptive 1/2/3 m target,Geometry + context CNN,2793,wedding,2.0,0.926219451738574,1.1369324091831032,2.5388274559909747,True,True,True
Context-adaptive 1/2/3 m target,Geometry + context CNN,2794,wedding,2.0,0.515649928556561,0.8453404053119579,2.8374386752344294,True,True,True
Context-adaptive 1/2/3 m target,Geometry + context CNN,2795,wedding,3.0,0.5830314035452321,0.8608600966823048,5.447936720676326,True,True,True
Context-adaptive 1/2/3 m target,Geometry + context CNN,2796,wedding,3.0,0.6056330911033261,0.7282908578485771,8.463170703635283,True,True,True
Context-adaptive 1/2/3 m target,Geometry + context CNN,2797,wedding,2.0,1.3995644996552647,1.0793847323708998,0.15053033374548014,True,True,True
Context-adaptive 1/2/3 m target,Geometry + context CNN,2798,wedding,3.0,0.3883085209032917,0.678337581531334,1.632737073631327,True,True,True
Context-adaptive 1/2/3 m target,Geometry + context CNN,2799,wedding,2.0,1.2084948489896097,1.3473853850342972,4.457768595508531,True,True,True
Context-adaptive 1/2/3 m target,Geometry + context CNN,2800,wedding,2.0,2.55540129289131,1.5054867275348063,3.346017491692768,True,True,True
Context-adaptive 1/2/3 m target,Geometry + context CNN,2801,wedding,2.0,0.9353881837207348,0.763161692285158,1.3682207763596068,True,True,True
Context-adaptive 1/2/3 m target,Geometry + context CNN,2802,wedding,1.0,0.4271454646155709,0.7687430678709312,0.5448943805362366,True,True,True
Context-adaptive 1/2/3 m target,Geometry + context CNN,2803,wedding,1.0,0.23411548480130673,0.2925397933717747,0.07855617655439848,True,True,True
Context-adaptive 1/2/3 m target,Geometry + context CNN,2804,wedding,2.0,0.5268398412925185,1.6652157218455976,2.2627977565899817,True,True,True
Context-adaptive 1/2/3 m target,Geometry + context CNN,2805,wedding,2.0,1.56044170690356,1.6528791897976371,2.4289879379777295,True,True,True
Context-adaptive 1/2/3 m target,Geometry + context CNN,2806,wedding,2.0,0.3918340956667452,0.6194780439327481,0.018535089350801136,True,True,True
Context-adaptive 1/2/3 m target,Geometry + context CNN,2807,wedding,2.0,0.22844464588701774,0.5860815153089242,1.0939005781627658,True,True,True
Context-adaptive 1/2/3 m target,Geometry + context CNN,2808,wedding,2.0,0.3960184909864394,0.6962126904318269,2.1759291342361005,True,True,True
Context-adaptive 1/2/3 m target,Geometry + context CNN,2809,wedding,3.0,0.7948726398527312,1.3713644180787663,3.5666187803642244,True,True,True
Context-adaptive 1/2/3 m target,Geometry + context CNN,2810,wedding,3.0,0.23201241821580607,0.36272056083482884,0.49990092255587326,True,True,True
Context-adaptive 1/2/3 m target,Geometry + context CNN,2811,wedding,2.0,0.1516586918416829,0.23054329868009352,2.067338810303604,True,True,True
Context-adaptive 1/2/3 m target,Geometry + context CNN,2812,wedding,3.0,1.280966125405162,1.889447453148775,3.771838015800652,True,True,True
Context-adaptive 1/2/3 m target,Geometry + context CNN,2813,wedding,3.0,1.1744024260259667,1.9552966230794742,4.85488077621593,True,True,True
Context-adaptive 1/2/3 m target,Geometry + context CNN,2814,wedding,1.0,0.1507987547167377,0.25457699562663477,0.9486740471218048,True,True,True
Context-adaptive 1/2/3 m target,Geometry + context CNN,2815,wedding,3.0,0.9927805874164596,1.6717248421079034,4.623967659510099,True,True,True
Context-adaptive 1/2/3 m target,Geometry + context CNN,2816,wedding,2.0,0.13749068361036682,0.20441918994718455,1.9390407104360217,True,True,True
Context-adaptive 1/2/3 m target,Geometry + context CNN,2817,wedding,2.0,0.9006900687478955,1.1715147487993385,1.0252282223550715,True,True,True
Context-adaptive 1/2/3 m target,Geometry + context CNN,2818,wedding,2.0,0.5889196952455846,1.4645011873333973,5.429672450828249,True,True,True
Context-adaptive 1/2/3 m target,Geometry + context CNN,2819,wedding,2.0,0.9137349106085393,1.5309364589369863,0.11505869279233119,True,True,True
Context-adaptive 1/2/3 m target,Geometry + context CNN,2820,wedding,3.0,0.2546743922217147,0.47910157830703587,0.13433352434767185,True,True,True
Context-adaptive 1/2/3 m target,Geometry + context CNN,2821,wedding,2.0,0.9908889645398422,0.8394284597010753,1.2116493928353242,True,True,True
Context-adaptive 1/2/3 m target,Geometry + context CNN,2822,wedding,2.0,0.6450147223249312,1.0911274254039236,0.15635895131709113,True,True,True
Context-adaptive 1/2/3 m target,Geometry + context CNN,2823,wedding,2.0,1.257606265521237,1.4103401897519865,3.1948317851256034,True,True,True
Context-adaptive 1/2/3 m target,Geometry + context CNN,2824,wedding,2.0,0.5731650696829487,0.7727152119244961,1.1557276358883337,True,True,True
Context-adaptive 1/2/3 m target,Geometry + context CNN,2825,wedding,1.0,0.09899747028028233,0.18783591339915573,1.2231858104200504,True,True,True
Context-adaptive 1/2/3 m target,Geometry + context CNN,2826,wedding,3.0,0.4435749749029804,0.9162658856205195,5.165631946281192,True,True,True
Context-adaptive 1/2/3 m target,Geometry + context CNN,2827,wedding,3.0,0.9827773260537532,1.4038935274180622,2.221044786905731,True,True,True
Context-adaptive 1/2/3 m target,Geometry + context CNN,2828,wedding,3.0,0.857447266044981,0.8261395391650149,1.3343654090452224,True,True,True
Context-adaptive 1/2/3 m target,Geometry + context CNN,2829,wedding,2.0,1.0137437538857506,1.2002913111330753,2.638583872637847,True,True,True
Context-adaptive 1/2/3 m target,Geometry + context CNN,2830,wedding,1.0,0.337652480335139,0.5326978032316366,1.7544218467582207,True,True,True
Context-adaptive 1/2/3 m target,Geometry + context CNN,2831,wedding,2.0,0.6286941376935411,1.1325817365647284,4.73552972579719,True,True,True
Context-adaptive 1/2/3 m target,Geometry + context CNN,2832,wedding,1.0,1.2386365465133324,1.2731880029533762,3.746008371950118,True,True,True
Context-adaptive 1/2/3 m target,Geometry + context CNN,2833,wedding,2.0,1.6921531746592435,1.2100142013843505,0.4773966835971163,True,True,True
Context-adaptive 1/2/3 m target,Geometry + context CNN,2834,wedding,3.0,1.6194003015812959,1.5925451112698672,0.16160896385734802,True,True,True
Context-adaptive 1/2/3 m target,Geometry + context CNN,2835,wedding,2.0,0.14655500346945563,0.370958140617326,1.8439739088275369,True,True,True
Context-adaptive 1/2/3 m target,Geometry + context CNN,2836,wedding,2.0,0.345001755209576,0.6973875074164256,0.11916045522752375,True,True,True
Context-adaptive 1/2/3 m target,Geometry + context CNN,2837,wedding,2.0,0.5795919622621527,0.7093652088962841,1.424271376329226,True,True,True
Context-adaptive 1/2/3 m target,Geometry + context CNN,2838,wedding,3.0,1.4824727258809867,2.8897016840055585,3.1164529865697155,True,True,True
Context-adaptive 1/2/3 m target,Geometry + context CNN,2839,wedding,3.0,1.1987597416152251,1.7684616247286118,2.408936884644506,True,True,True
Context-adaptive 1/2/3 m target,Geometry + context CNN,2840,wedding,3.0,1.0086799944381701,1.54148713542203,6.686043605675702,True,True,True
Context-adaptive 1/2/3 m target,Geometry + context CNN,2841,wedding,1.0,0.6434583092987223,1.409017938902424,2.6169407484269174,True,True,True
Context-adaptive 1/2/3 m target,Geometry + context CNN,2842,wedding,2.0,0.6206439287956922,0.9831140370780392,0.15048591882290382,True,True,True
Context-adaptive 1/2/3 m target,Geometry + context CNN,2843,wedding,1.0,0.4468582364321178,0.7424844256178007,3.180794853064503,True,True,True
Context-adaptive 1/2/3 m target,Geometry + context CNN,2844,wedding,2.0,0.4269253302599642,1.0079087760379979,4.275160896100523,True,True,True
Context-adaptive 1/2/3 m target,Geometry + context CNN,2845,wedding,2.0,0.32411630576422984,0.7866621690534751,1.1033868485623555,True,True,True
Context-adaptive 1/2/3 m target,Geometry + context CNN,2846,wedding,2.0,1.1709447796792742,1.5371663793350159,2.3862831247235126,True,True,True
Context-adaptive 1/2/3 m target,Geometry + context CNN,2847,wedding,2.0,0.7586041136842495,0.9554683009837184,2.474039854781296,True,True,True
Context-adaptive 1/2/3 m target,Geometry + context CNN,2848,wedding,2.0,0.6562202159859919,0.745256517297543,1.1881165150446023,True,True,True
Context-adaptive 1/2/3 m target,Geometry + context CNN,2849,wedding,1.0,0.5200630487015044,0.7161286924483051,3.5882112732465243,True,True,True
Context-adaptive 1/2/3 m target,Geometry + context CNN,2850,wedding,2.0,0.7079970429536433,0.6600676552544036,0.22569343239515413,True,True,True
Context-adaptive 1/2/3 m target,Geometry + context CNN,2851,wedding,2.0,0.8197788724062917,1.7018696783680451,3.0399131942152975,True,True,True
Context-adaptive 1/2/3 m target,Geometry + context CNN,2852,wedding,2.0,0.2825131826211485,0.38901930712003135,3.08272394787329,True,True,True
Context-adaptive 1/2/3 m target,Geometry + context CNN,2853,wedding,2.0,0.43679631849852474,1.085924630340661,0.7156320306287755,True,True,True
Context-adaptive 1/2/3 m target,Geometry + context CNN,2854,wedding,2.0,4.11382547897971,1.842906897538689,2.010984189746971,True,True,True
Context-adaptive 1/2/3 m target,Geometry + context CNN,2855,wedding,2.0,0.8665821823278167,0.7925995499391312,1.6869899334574083,True,True,True
Context-adaptive 1/2/3 m target,Geometry + context CNN,2856,wedding,2.0,1.0138984274298577,1.4448610753469064,1.62679135427658,True,True,True
Context-adaptive 1/2/3 m target,Geometry + context CNN,2857,wedding,2.0,1.6912775164865892,1.0797601980631983,2.5594131937164906,True,True,True
Context-adaptive 1/2/3 m target,Geometry + context CNN,2858,wedding,3.0,0.6184452357266553,0.8827108620644897,1.941729103601577,True,True,True
Context-adaptive 1/2/3 m target,Geometry + context CNN,2859,wedding,1.0,0.3134469129389677,0.5413025784019841,1.3865503473527765,True,True,True
Context-adaptive 1/2/3 m target,Geometry + context CNN,2860,wedding,2.0,1.1883745156505992,1.5592315080167913,1.7268750326799598,True,True,True
Context-adaptive 1/2/3 m target,Geometry + context CNN,2861,wedding,1.0,0.3843762173893704,0.6037641134001844,2.1367010265234563,True,True,True
Context-adaptive 1/2/3 m target,Geometry + context CNN,2862,wedding,2.0,0.7447919742349691,0.919455381436277,1.0353204545498944,True,True,True
Context-adaptive 1/2/3 m target,Geometry + context CNN,2863,wedding,3.0,1.267216003902492,2.2289161026329953,7.149913011872437,True,True,True
Context-adaptive 1/2/3 m target,Geometry + context CNN,2864,wedding,2.0,0.8182548865024073,1.1827006912153921,0.9373581141952322,True,True,True
Context-adaptive 1/2/3 m target,Geometry + context CNN,2865,wedding,2.0,0.970126897706742,1.4142433200308295,2.098700417593262,True,True,True
Context-adaptive 1/2/3 m target,Geometry + context CNN,2866,wedding,2.0,1.1248397616293109,1.3833210162603506,5.624333788154711,True,True,True
Context-adaptive 1/2/3 m target,Geometry + context CNN,2867,wedding,2.0,0.9678150798861886,1.4284864829480874,1.360386140109534,True,True,True
Context-adaptive 1/2/3 m target,Geometry + context CNN,2868,wedding,2.0,0.7389766997638642,1.3224033148087018,0.7871762488613414,True,True,True
Context-adaptive 1/2/3 m target,Geometry + context CNN,2869,wedding,2.0,1.2953601267759014,1.5397926663469859,1.4184335022175056,True,True,True
Context-adaptive 1/2/3 m target,Geometry + context CNN,2870,wedding,2.0,0.9717609452499887,1.599874199027754,1.5377677866838049,True,True,True
Context-adaptive 1/2/3 m target,Geometry + context CNN,2871,wedding,1.0,0.6861449619142305,1.2228070454477853,2.1474350751216615,True,True,True
Context-adaptive 1/2/3 m target,Geometry + context CNN,2872,wedding,2.0,0.49728810551254865,0.7660026397121914,1.1433502103822883,True,True,True
Context-adaptive 1/2/3 m target,Geometry + context CNN,2873,wedding,2.0,0.46092043760596135,0.6018658630313762,0.5248923536604986,True,True,True
Context-adaptive 1/2/3 m target,Geometry + context CNN,2874,wedding,3.0,0.22853051162070448,0.41555334169826275,0.19997450161940047,True,True,True
Context-adaptive 1/2/3 m target,Geometry + context CNN,2875,wedding,1.0,0.07556894659223526,0.1341624483160928,0.7223596814303757,True,True,True
Context-adaptive 1/2/3 m target,Geometry + context CNN,2876,wedding,2.0,0.9471506765710347,1.8654062801392604,3.9657538400605845,True,True,True
Context-adaptive 1/2/3 m target,Geometry + context CNN,2877,wedding,2.0,0.2526415128596709,0.49446488798095045,0.22285634873564314,True,True,True
Context-adaptive 1/2/3 m target,Geometry + context CNN,2878,wedding,2.0,0.7621909721896202,1.1584388072161302,0.6079011751088768,True,True,True
Context-adaptive 1/2/3 m target,Geometry + context CNN,2879,wedding,1.0,0.27931526263958056,0.6679538488950597,1.3112226190346434,True,True,True
Context-adaptive 1/2/3 m target,Geometry + context CNN,2880,wedding,1.0,0.5697306309030635,0.6896977411335374,0.6337789267720871,True,True,True
Context-adaptive 1/2/3 m target,Geometry + context CNN,2881,wedding,1.0,0.4041721589900859,0.6360136846569631,3.28363355483997,True,True,True
Context-adaptive 1/2/3 m target,Geometry + context CNN,2882,wedding,2.0,0.8309919864819775,1.6021952167951192,2.2609064769844682,True,True,True
Context-adaptive 1/2/3 m target,Geometry + context CNN,2883,wedding,2.0,0.50486423481245,0.6086627270539662,0.7035514316424152,True,True,True
Context-adaptive 1/2/3 m target,Geometry + context CNN,2884,wedding,2.0,0.28097753020667215,0.948585041637147,3.4184554999380112,True,True,True
Context-adaptive 1/2/3 m target,Geometry + context CNN,2885,wedding,2.0,0.3391726160049963,0.6961935398536259,4.407564728711297,True,True,True
Context-adaptive 1/2/3 m target,Geometry + context CNN,2886,wedding,2.0,0.3022704807573203,0.5870961476095422,1.643264193230455,True,True,True
Context-adaptive 1/2/3 m target,Geometry + context CNN,2887,wedding,2.0,1.0176097972891858,0.98714553220914,2.60305792286667,True,True,True
Context-adaptive 1/2/3 m target,Geometry + context CNN,2888,wedding,2.0,1.0138392161551417,1.3947444211407862,2.826059056457488,True,True,True
Context-adaptive 1/2/3 m target,Geometry + context CNN,2889,wedding,1.0,1.7183261778333168,2.657767514481537,4.568407475983246,True,True,True
Context-adaptive 1/2/3 m target,Geometry + context CNN,2890,wedding,2.0,0.9605864491187286,1.2881784398078817,0.16539491493436873,True,True,True
Context-adaptive 1/2/3 m target,Geometry + context CNN,2891,wedding,2.0,1.8725894653316264,1.4753798937358094,0.035960638234334596,True,True,True
Context-adaptive 1/2/3 m target,Geometry + context CNN,2892,wedding,2.0,0.7983096661246485,1.5574069195174278,3.0506207932879894,True,True,True
Context-adaptive 1/2/3 m target,Geometry + context CNN,2893,wedding,1.0,0.2765352885069811,0.6854874236180488,2.1630253582130736,True,True,True
Context-adaptive 1/2/3 m target,Geometry + context CNN,2894,wedding,1.0,0.8125452563491966,1.0082075720068053,1.2252909781715022,True,True,True
Context-adaptive 1/2/3 m target,Geometry + context CNN,2895,wedding,2.0,0.8030226758854571,1.2763692749900004,3.210052958389447,True,True,True
Context-adaptive 1/2/3 m target,Geometry + context CNN,2896,wedding,2.0,0.5818763136244959,1.0316690945735119,0.0355504081796596,True,True,True
Context-adaptive 1/2/3 m target,Geometry + context CNN,2897,wedding,2.0,0.8439868188552409,1.1426121029299898,0.06695621369707802,True,True,True
Context-adaptive 1/2/3 m target,Geometry + context CNN,2898,wedding,2.0,1.237205936505186,1.4540366810877288,2.974397395618936,True,True,True
Context-adaptive 1/2/3 m target,Geometry + context CNN,2899,wedding,2.0,0.9951666846794507,1.623223951122535,7.261481525463152,True,True,True
Context-adaptive 1/2/3 m target,Geometry + context CNN,2900,wedding,2.0,0.5221643718774065,0.7749094484487457,2.996403235305799,True,True,True
Context-adaptive 1/2/3 m target,Geometry + context CNN,2901,wedding,3.0,0.8264688821860944,1.6806398573451267,2.466316731599315,True,True,True
Context-adaptive 1/2/3 m target,Geometry + context CNN,2902,wedding,3.0,0.6650845163665469,1.4995404919609427,1.3340066248778033,True,True,True
Context-adaptive 1/2/3 m target,Geometry + context CNN,2903,wedding,2.0,1.1135133926028746,1.5617818100990293,2.768193588485451,True,True,True
Context-adaptive 1/2/3 m target,Geometry + context CNN,2904,wedding,2.0,0.396893490202676,1.1220826456980184,1.2186544573108138,True,True,True
Context-adaptive 1/2/3 m target,Geometry + context CNN,2905,wedding,3.0,0.5140919193569062,0.7311920129217993,2.1301189370729867,True,True,True
Context-adaptive 1/2/3 m target,Geometry + context CNN,2906,wedding,2.0,0.7006588048252517,0.9724414544180036,3.543737407840496,True,True,True
Context-adaptive 1/2/3 m target,Geometry + context CNN,2907,wedding,2.0,1.3377687764112265,1.441332699696818,3.552853103545129,True,True,True
Context-adaptive 1/2/3 m target,Geometry + context CNN,2908,wedding,1.0,1.0135053077218006,0.7404799864461538,0.08940768914854,True,True,True
Context-adaptive 1/2/3 m target,Geometry + context CNN,2909,wedding,2.0,1.076665247476437,1.4312866413965821,3.8123583028922594,True,True,True
Context-adaptive 1/2/3 m target,Geometry + context CNN,2910,wedding,1.0,0.5747619025731745,0.9297171780231799,1.3603961107187963,True,True,True
Context-adaptive 1/2/3 m target,Geometry + context CNN,2911,wedding,3.0,0.9969751251428036,1.5810801082960064,3.773389413809805,True,True,True
Context-adaptive 1/2/3 m target,Geometry + context CNN,2912,wedding,2.0,0.7069247542816609,1.0757861458911546,0.8458299474650914,True,True,True
Context-adaptive 1/2/3 m target,Geometry + context CNN,2913,wedding,2.0,0.7166267485019332,1.0441515369414491,6.334987718489382,True,True,True
Context-adaptive 1/2/3 m target,Geometry + context CNN,2914,wedding,2.0,0.18874558115085052,0.5019942206475465,1.0024815448968516,True,True,True
Context-adaptive 1/2/3 m target,Geometry + context CNN,2915,wedding,3.0,0.8775755172045768,1.3430626403826467,4.497759980205933,True,True,True
Context-adaptive 1/2/3 m target,Geometry + context CNN,2916,wedding,2.0,0.6782589761819233,0.7028629157510482,3.224053007486527,True,True,True
Context-adaptive 1/2/3 m target,Geometry + context CNN,2917,wedding,2.0,0.6041893753452875,1.5191816568741436,5.087124029444579,True,True,True
Context-adaptive 1/2/3 m target,Geometry + context CNN,2918,wedding,3.0,1.517821589374903,1.8870912641568873,11.578381055653177,True,True,True
Context-adaptive 1/2/3 m target,Geometry + context CNN,2919,wedding,2.0,0.3084509564456944,0.6274057220823491,3.4737326474042325,True,True,True
Context-adaptive 1/2/3 m target,Geometry + context CNN,2920,wedding,2.0,0.5986860577130091,1.2357196203338645,2.5542876552059712,True,True,True
Context-adaptive 1/2/3 m target,Geometry + context CNN,2921,wedding,2.0,0.45674839129020767,0.9449729892978116,1.7043639165656808,True,True,True
Context-adaptive 1/2/3 m target,Geometry + context CNN,2922,wedding,2.0,1.3189067399548484,1.9764983572413695,5.865708662178575,True,True,True
Context-adaptive 1/2/3 m target,Geometry + context CNN,2923,wedding,2.0,0.640637118148001,1.0435493142247194,0.8766299424811007,True,True,True
Context-adaptive 1/2/3 m target,Geometry + context CNN,2924,wedding,1.0,0.6365358439518047,0.5798618216067553,4.663795694313029,True,True,True
Context-adaptive 1/2/3 m target,Geometry + context CNN,2925,wedding,2.0,0.4957632438014927,0.6832495749335575,0.02224941187383144,True,True,True
Context-adaptive 1/2/3 m target,Geometry + context CNN,2926,wedding,2.0,0.43858427683171497,0.6808105179090885,1.943930206093143,True,True,True
Context-adaptive 1/2/3 m target,Geometry + context CNN,2927,wedding,3.0,0.9116716518977308,1.510892217519732,4.427222310572229,True,True,True
Context-adaptive 1/2/3 m target,Geometry + context CNN,2928,wedding,2.0,0.4851181552317473,0.6401655467909582,1.269311757216735,True,True,True
Context-adaptive 1/2/3 m target,Geometry + context CNN,2929,wedding,2.0,1.2427940022420634,1.0044752694666386,2.015316905138371,True,True,True
Context-adaptive 1/2/3 m target,Geometry + context CNN,2930,wedding,2.0,9.848754219414742,1.7713493486699952,11.758635943169542,True,True,True
Context-adaptive 1/2/3 m target,Geometry + context CNN,2931,wedding,2.0,0.775045258187684,0.6910464940592647,1.996081170376835,True,True,True
Context-adaptive 1/2/3 m target,Geometry + context CNN,2932,wedding,2.0,1.0726968678774071,1.5039528235793114,1.3503284696114832,True,True,True
Context-adaptive 1/2/3 m target,Geometry + context CNN,2933,wedding,2.0,0.4693190874931052,0.6903402005482123,4.05036935954131,True,True,True
Context-adaptive 1/2/3 m target,Geometry + context CNN,2934,wedding,2.0,0.63494088893927,0.6752855426517009,1.9681157704702654,True,True,True
Context-adaptive 1/2/3 m target,Geometry + context CNN,2935,wedding,2.0,0.7837866773531943,1.4572529452062672,1.4534759471411411,True,True,True
Context-adaptive 1/2/3 m target,Geometry + context CNN,2936,wedding,2.0,1.134294942536998,1.2077656265922336,0.5809722284146228,True,True,True
Context-adaptive 1/2/3 m target,Geometry + context CNN,2937,wedding,2.0,0.3125437603204598,0.4851989999694035,1.5363134385068362,True,True,True
Context-adaptive 1/2/3 m target,Geometry + context CNN,2938,wedding,2.0,1.1928185625256462,1.78879033953343,3.4538452043211114,True,True,True
Context-adaptive 1/2/3 m target,Geometry + context CNN,2939,wedding,2.0,0.352116966977405,0.5412378730252385,1.2282931552927292,True,True,True
Context-adaptive 1/2/3 m target,Geometry + context CNN,2940,wedding,2.0,7.78841253963188,1.4586131293326616,1.8403512791920706,True,True,True
Context-adaptive 1/2/3 m target,Geometry + context CNN,2941,wedding,2.0,3.787576765881825,1.1342109500339708,2.2147182464966093,True,True,True
Context-adaptive 1/2/3 m target,Geometry + context CNN,2942,wedding,3.0,0.2381385577895248,0.3925841620136732,0.5670584877883444,True,True,True
Context-adaptive 1/2/3 m target,Geometry + context CNN,2943,wedding,2.0,7.645287073615017,0.9327689949423075,0.14194823376359206,True,True,True
Context-adaptive 1/2/3 m target,Geometry + context CNN,2944,wedding,2.0,0.3281487035413452,0.5825146535886283,0.6391827699474113,True,True,True
Context-adaptive 1/2/3 m target,Geometry + context CNN,2945,wedding,2.0,0.32532531749889576,0.5145081058144569,1.345213483434274,True,True,True
Context-adaptive 1/2/3 m target,Geometry + context CNN,2946,wedding,2.0,0.462468086671764,0.654122352613687,1.4344326890341024,True,True,True
Context-adaptive 1/2/3 m target,Geometry + context CNN,2947,wedding,2.0,1.080342108605714,1.8891512806622994,6.604198273527846,True,True,True
Context-adaptive 1/2/3 m target,Geometry + context CNN,2948,wedding,2.0,0.6357052332622658,1.9712543252868955,1.7355942685503267,True,True,True
Context-adaptive 1/2/3 m target,Geometry + context CNN,2949,wedding,3.0,0.7528655741600485,1.2321191552696997,1.738775446799445,True,True,True
Context-adaptive 1/2/3 m target,Geometry + context CNN,2950,wedding,2.0,0.6569060293898594,0.996320407729612,1.3541620773931826,True,True,True
Context-adaptive 1/2/3 m target,Geometry + context CNN,2951,wedding,2.0,1.0997752649718369,1.6997280243281039,5.043008249858224,True,True,True
Context-adaptive 1/2/3 m target,Geometry + context CNN,2952,wedding,3.0,0.9413324876782658,0.9634802575022904,3.4653621167795667,True,True,True
Context-adaptive 1/2/3 m target,Geometry + context CNN,2953,wedding,2.0,0.9484198872553313,1.5076130851530114,2.833863657985919,True,True,True
Context-adaptive 1/2/3 m target,Geometry + context CNN,2954,wedding,1.0,0.17324693912871464,0.4797119917348027,1.4852290517881026,True,True,True
Context-adaptive 1/2/3 m target,Geometry + context CNN,2955,wedding,2.0,0.07735901211840182,0.11803108731614058,0.6995101032259388,True,True,True
Context-adaptive 1/2/3 m target,Geometry + context CNN,2957,wedding,2.0,0.38132680446310624,0.550045676711412,0.07300940022665088,True,True,True
Context-adaptive 1/2/3 m target,Geometry + context CNN,2958,wedding,3.0,0.2720698751771653,0.5050256419926882,1.3197984931616276,True,True,True
Context-adaptive 1/2/3 m target,Geometry + context CNN,2959,wedding,1.0,0.3305746924748344,0.6113700066684175,2.5041880297989536,True,True,True
Context-adaptive 1/2/3 m target,Geometry + context CNN,2960,wedding,1.0,0.4643362330574675,0.5294060680999162,1.0037920709036976,True,True,True
Context-adaptive 1/2/3 m target,Geometry + context CNN,2961,wedding,3.0,1.3638471184888907,1.3878340982512378,4.21768179898117,True,True,True
Context-adaptive 1/2/3 m target,Geometry + context CNN,2962,wedding,3.0,0.44824025152849883,0.49053647064178646,1.2605178469170573,True,True,True
Context-adaptive 1/2/3 m target,Geometry + context CNN,2963,wedding,2.0,0.44171975806919866,0.7094216404060677,4.29491959114717,True,True,True
Context-adaptive 1/2/3 m target,Geometry + context CNN,2964,wedding,3.0,1.382626546691213,1.6400583411313665,5.231539957541993,True,True,True
Context-adaptive 1/2/3 m target,Geometry + context CNN,2965,wedding,2.0,0.16655776009177692,0.36839381605221533,2.2274033682823235,True,True,True
Context-adaptive 1/2/3 m target,Geometry + context CNN,2966,wedding,3.0,0.8948798030624594,1.3822656037572543,3.045900774960002,True,True,True
Context-adaptive 1/2/3 m target,Geometry + context CNN,2967,wedding,3.0,0.5414732285461717,0.6293088621969961,1.6181163308682343,True,True,True
Context-adaptive 1/2/3 m target,Geometry + context CNN,2968,wedding,2.0,6.590693508720303,1.4410045595495466,9.064729468021008,True,True,True
Context-adaptive 1/2/3 m target,Geometry + context CNN,2969,wedding,3.0,0.6919972240367226,0.6212552052989291,0.17280817583438296,True,True,True
Context-adaptive 1/2/3 m target,Geometry + context CNN,2970,wedding,2.0,0.39579882152524004,0.7393311949128187,2.6919531592674755,True,True,True
Context-adaptive 1/2/3 m target,Geometry + context CNN,2971,wedding,2.0,0.5030768917529783,0.699950977048423,2.2136882188195215,True,True,True
Context-adaptive 1/2/3 m target,Geometry + context CNN,2972,wedding,2.0,0.3991021270308628,0.6559008260451152,0.12394751964117964,True,True,True
Context-adaptive 1/2/3 m target,Geometry + context CNN,2973,wedding,2.0,1.1207491751677148,1.3905417371598814,3.985040031865763,True,True,True
Context-adaptive 1/2/3 m target,Geometry + context CNN,2974,wedding,1.0,1.0236116587809767,1.1345577993962244,0.9967574921206479,True,True,True
Context-adaptive 1/2/3 m target,Geometry + context CNN,2975,wedding,2.0,1.9471866291647342,2.5325677106156945,8.085167443776283,True,True,True
Context-adaptive 1/2/3 m target,Geometry + context CNN,2976,wedding,2.0,2.317264504212402,1.4772171114915427,2.1610074126922294,True,True,True
Context-adaptive 1/2/3 m target,Geometry + context CNN,2977,wedding,2.0,6.900824974720666,1.0161795197054744,0.7576811542697427,True,True,True
Context-adaptive 1/2/3 m target,Geometry + context CNN,2978,wedding,2.0,0.26997185344471497,0.5060698976740241,0.0031798159009298202,True,True,True
Context-adaptive 1/2/3 m target,Geometry + context CNN,2979,wedding,2.0,0.6265345808062157,1.1654282813297923,0.34674061077433604,True,True,True
Context-adaptive 1/2/3 m target,Geometry + context CNN,2980,wedding,2.0,0.1563490727319234,0.2741589049749199,2.956274273362039,True,True,True
Context-adaptive 1/2/3 m target,Geometry + context CNN,2981,wedding,2.0,0.7497748923257967,1.2017169424602965,3.1920191352379765,True,True,True
Context-adaptive 1/2/3 m target,Geometry + context CNN,2982,wedding,2.0,1.0569534988603568,1.3258999466239818,5.847250291725864,True,True,True
Context-adaptive 1/2/3 m target,Geometry + context CNN,2983,wedding,1.0,0.5238407502238687,0.8882736368799786,3.6605385875377072,True,True,True
Context-adaptive 1/2/3 m target,Geometry + context CNN,2984,wedding,1.0,3.631104867870747,0.8800364081603281,0.17339008866511196,True,True,True
Context-adaptive 1/2/3 m target,Geometry + context CNN,2985,wedding,1.0,2.397769537828507,4.065650758605358,7.776149691279158,True,True,True
Context-adaptive 1/2/3 m target,Geometry + context CNN,2986,wedding,1.0,0.5397955622995486,0.7873796092952153,3.7353990163313924,True,True,True
Context-adaptive 1/2/3 m target,Geometry + context CNN,2987,wedding,2.0,0.6860511112502412,1.5010760053992271,2.5192074039994217,True,True,True
Context-adaptive 1/2/3 m target,Geometry + context CNN,2988,wedding,3.0,0.5015877417647494,0.4713518394203158,1.900740858099131,True,True,True
Context-adaptive 1/2/3 m target,Geometry + context CNN,2989,wedding,2.0,0.5063331801786614,0.6632047872349827,0.1117934659598979,True,True,True
Context-adaptive 1/2/3 m target,Geometry + context CNN,2990,wedding,2.0,0.12019817543349809,0.19646086635095433,1.278436582126514,True,True,True
Context-adaptive 1/2/3 m target,Geometry + context CNN,2991,wedding,3.0,0.14561531018616042,0.4629716959501345,1.6658540866641969,True,True,True
Context-adaptive 1/2/3 m target,Geometry + context CNN,2992,wedding,2.0,0.5264680644589426,0.7989991596352279,2.837650903117116,True,True,True
Context-adaptive 1/2/3 m target,Geometry + context CNN,2993,wedding,1.0,0.1637610926522713,0.2427775734292818,0.8445682402266819,True,True,True
Context-adaptive 1/2/3 m target,Geometry + context CNN,2994,wedding,2.0,1.8253171033091262,1.5201719055543266,2.2929522161317895,True,True,True
Context-adaptive 1/2/3 m target,Geometry + context CNN,2995,wedding,1.0,0.34785195338580505,0.4923787560602313,0.11679154165366655,True,True,True
Context-adaptive 1/2/3 m target,Geometry + context CNN,2996,wedding,3.0,0.8839270246602731,1.3915638519435085,4.697764114498272,True,True,True
Context-adaptive 1/2/3 m target,Geometry + context CNN,2997,wedding,3.0,0.7499699364193917,1.1224540063113309,4.304229683162389,True,True,True
Context-adaptive 1/2/3 m target,Geometry + context CNN,2998,wedding,3.0,0.5497249199115252,0.9918393825229868,3.400948817228475,True,True,True
Context-adaptive 1/2/3 m target,Geometry + context CNN,2999,wedding,2.0,0.39489933692493767,0.8474542946926528,1.8659294046103199,True,True,True
Context-adaptive 1/2/3 m target,Geometry + context CNN,3000,wedding,2.0,0.4323154680137169,0.8566799577618005,2.0263462068484595,True,True,True
Context-adaptive 1/2/3 m target,Geometry + context CNN,3001,wedding,2.0,0.745463324739357,1.1272394049283667,0.10361910194959793,True,True,True
Context-adaptive 1/2/3 m target,Geometry + context CNN,3002,wedding,3.0,1.5842374550443874,2.9293450135737658,23.683595546636376,True,True,True
Context-adaptive 1/2/3 m target,Geometry + context CNN,3003,wedding,2.0,0.34480319892798994,0.9600542201943618,0.04023060184500172,True,True,True
Context-adaptive 1/2/3 m target,Geometry + context CNN,3004,wedding,3.0,2.2755732637112804,2.278217073231751,5.297423919680093,True,True,True
Context-adaptive 1/2/3 m target,Geometry + context CNN,3005,wedding,2.0,1.1230572036521198,1.8196623314066347,7.514895995688802,True,True,True
Context-adaptive 1/2/3 m target,Geometry + context CNN,3006,wedding,3.0,0.3421867494953989,0.5210768393952048,1.4530371938822844,True,True,True
Context-adaptive 1/2/3 m target,Geometry + context CNN,3007,wedding,3.0,1.882704473639903,2.2274567091231345,11.98927860978001,True,True,True
Context-adaptive 1/2/3 m target,Geometry + context CNN,3008,wedding,1.0,0.37188508880301957,0.5645764094820123,0.7430511634530359,True,True,True
Context-adaptive 1/2/3 m target,Geometry + context CNN,3009,wedding,1.0,0.26993500368172135,0.617485258074512,3.2170310060015277,True,True,True
Context-adaptive 1/2/3 m target,Geometry + context CNN,3010,wedding,3.0,1.7559918206298033,2.2014841026498764,10.209708815373657,True,True,True
Context-adaptive 1/2/3 m target,Geometry + context CNN,3011,wedding,3.0,2.1647616504724505,2.7253469519671696,2.6686069168167474,True,True,True
Context-adaptive 1/2/3 m target,Geometry + context CNN,3012,wedding,2.0,1.5422808543342392,1.713393188198567,5.552003381846369,True,True,True
Context-adaptive 1/2/3 m target,Geometry + context CNN,3013,wedding,1.0,0.4287564168781012,0.8271799275147579,0.9452269554709742,True,True,True
Context-adaptive 1/2/3 m target,Geometry + context CNN,3014,wedding,2.0,0.8260534084424019,1.3371636651230168,4.273510710994754,True,True,True
Context-adaptive 1/2/3 m target,Geometry + context CNN,3015,wedding,2.0,0.8860445317287444,1.3117041850115847,3.742722421066369,True,True,True
Context-adaptive 1/2/3 m target,Geometry + context CNN,3016,wedding,2.0,0.8614791655279046,1.3121280893941842,6.263151684627756,True,True,True
Context-adaptive 1/2/3 m target,Geometry + context CNN,3017,wedding,2.0,1.787595733626128,1.6638284853475822,4.457335815627086,True,True,True
Context-adaptive 1/2/3 m target,Geometry + context CNN,3018,wedding,2.0,2.5148684298192596,1.6985784844763618,3.2055883984054336,True,True,True
Context-adaptive 1/2/3 m target,Geometry + context CNN,3019,wedding,1.0,0.15478752831845422,0.29468380977755265,1.0529618894968844,True,True,True
Context-adaptive 1/2/3 m target,Geometry + context CNN,3020,wedding,2.0,0.7571871886790129,1.5880674636822047,6.236007856933213,True,True,True
Context-adaptive 1/2/3 m target,Geometry + context CNN,3021,wedding,1.0,0.10526419215569262,0.15986710225952178,2.557123735679133,True,True,True
Context-adaptive 1/2/3 m target,Geometry + context CNN,3022,wedding,3.0,0.603067582761499,1.1261871149237206,2.693970552234912,True,True,True
Context-adaptive 1/2/3 m target,Geometry + context CNN,3023,wedding,3.0,0.4437820921507156,0.8598117366220434,2.2330635213216357,True,True,True
Context-adaptive 1/2/3 m target,Geometry + context CNN,3024,wedding,1.0,0.31743610366497593,0.6558920566583135,1.5678376216942354,True,True,True
Context-adaptive 1/2/3 m target,Geometry + context CNN,3025,wedding,2.0,0.2625958160194028,0.6144189620325275,1.24805319537952,True,True,True
Context-adaptive 1/2/3 m target,Geometry + context CNN,3026,wedding,3.0,3.4232947140102405,1.5169605365209542,3.3250672584449927,True,True,True
Context-adaptive 1/2/3 m target,Geometry + context CNN,3027,wedding,2.0,0.7047235529398531,0.9225713536143303,2.404286759528845,True,True,True
Context-adaptive 1/2/3 m target,Geometry + context CNN,3028,wedding,3.0,0.8389601952981058,1.5151642821729183,3.810520722370075,True,True,True
Context-adaptive 1/2/3 m target,Geometry + context CNN,3029,wedding,2.0,0.4198383673467056,0.9859513666256069,4.780837446957055,True,True,True
Context-adaptive 1/2/3 m target,Geometry + context CNN,3030,wedding,3.0,1.1181987611851036,1.0833259583585095,3.1019141771413485,True,True,True
Context-adaptive 1/2/3 m target,Geometry + context CNN,3031,wedding,3.0,0.8353773441081345,0.9251223956287661,2.8977715018966883,True,True,True
Context-adaptive 1/2/3 m target,Geometry + context CNN,3032,wedding,3.0,1.13990616366998,2.406451693942977,13.027804067192298,True,True,True
Context-adaptive 1/2/3 m target,Geometry + context CNN,3033,wedding,3.0,0.9820846557850273,2.188522804769529,10.691844490065954,True,True,True
Context-adaptive 1/2/3 m target,Geometry + context CNN,3034,wedding,2.0,1.0958055814692196,1.6454967317105662,3.3121395741808635,True,True,True
Context-adaptive 1/2/3 m target,Geometry + context CNN,3035,wedding,3.0,0.7698341225612608,1.2514087112914771,6.761290368474272,True,True,True
Context-adaptive 1/2/3 m target,Geometry + context CNN,3036,wedding,2.0,0.793443519478302,1.0583540327990446,2.049645686026345,True,True,True
Context-adaptive 1/2/3 m target,Geometry + context CNN,3037,wedding,3.0,1.0825660300868307,2.578534626914911,15.148962439129008,True,True,True
Context-adaptive 1/2/3 m target,Geometry + context CNN,3038,wedding,2.0,0.7915299839207526,1.0035533049392777,0.13665575230184696,True,True,True
Context-adaptive 1/2/3 m target,Geometry + context CNN,3039,wedding,3.0,0.6013718175252218,1.141843820248161,0.20320496727579315,True,True,True
Context-adaptive 1/2/3 m target,Geometry + context CNN,3040,wedding,2.0,0.732636027451374,1.1747224698270264,5.741740101120027,True,True,True
Context-adaptive 1/2/3 m target,Geometry + context CNN,3041,wedding,2.0,0.45510459762427713,0.6380401349195753,0.7986038532920872,True,True,True
Context-adaptive 1/2/3 m target,Geometry + context CNN,3042,wedding,2.0,0.21633313666488269,0.49196950669056305,1.3039945345390203,True,True,True
Context-adaptive 1/2/3 m target,Geometry + context CNN,3043,wedding,3.0,1.0950111915762555,1.4450841145494842,4.067687923953815,True,True,True
Context-adaptive 1/2/3 m target,Geometry + context CNN,3044,wedding,3.0,1.3376931798712948,2.523600838368987,6.093521810492152,True,True,True
Context-adaptive 1/2/3 m target,Geometry + context CNN,3045,wedding,2.0,0.2896530046620933,0.6226446180242298,3.932487485753727,True,True,True
Context-adaptive 1/2/3 m target,Geometry + context CNN,3046,wedding,2.0,0.6221272783391626,0.9770187614775134,1.4241457601320147,True,True,True
Context-adaptive 1/2/3 m target,Geometry + context CNN,3047,wedding,3.0,1.22853177006005,2.3049781766539663,6.084522701003669,True,True,True
Context-adaptive 1/2/3 m target,Geometry + context CNN,3048,wedding,2.0,0.7940373067210541,1.6197676601093438,5.02054618729304,True,True,True
Context-adaptive 1/2/3 m target,Geometry + context CNN,3049,wedding,2.0,1.9803131389135014,1.7818078001707052,7.571233473474727,True,True,True
Context-adaptive 1/2/3 m target,Geometry + context CNN,3050,wedding,3.0,0.0988594281349597,0.15385308551309906,1.3096890821508431,True,True,True
Context-adaptive 1/2/3 m target,Geometry + context CNN,3051,wedding,2.0,0.900495628229416,1.7304551200390976,4.4333046987950935,True,True,True
Context-adaptive 1/2/3 m target,Geometry + context CNN,3052,wedding,2.0,6.769984292118815,1.4321902496471586,0.0873860224209355,True,True,True
Context-adaptive 1/2/3 m target,Geometry + context CNN,3053,wedding,2.0,0.3417482034706684,0.4778270121440422,1.6035013002178915,True,True,True
Context-adaptive 1/2/3 m target,Geometry + context CNN,3054,wedding,2.0,0.39705831926932633,0.9187920441923861,2.2410981636698293,True,True,True
Context-adaptive 1/2/3 m target,Geometry + context CNN,3055,wedding,2.0,0.4427575601627282,0.7367563855860374,1.466957016333958,True,True,True
Context-adaptive 1/2/3 m target,Geometry + context CNN,3056,wedding,2.0,0.290561306592123,0.49057329268483,1.3780952390037393,True,True,True
Context-adaptive 1/2/3 m target,Geometry + context CNN,3057,wedding,2.0,0.34154836463912336,0.514971191715924,1.9857235999761722,True,True,True
Context-adaptive 1/2/3 m target,Geometry + context CNN,3058,wedding,2.0,0.43972246493398326,0.7093898380557855,2.52724438477438,True,True,True
Context-adaptive 1/2/3 m target,Geometry + context CNN,3059,wedding,2.0,0.27578560272742103,0.5402340188506201,2.0161027926961497,True,True,True
Context-adaptive 1/2/3 m target,Geometry + context CNN,3060,wedding,2.0,0.2301483564813757,0.49514497823643266,1.177053608983543,True,True,True
Context-adaptive 1/2/3 m target,Geometry + context CNN,3061,wedding,2.0,7.130971219194764,1.6208690183544796,3.5630248868494627,True,True,True
Context-adaptive 1/2/3 m target,Geometry + context CNN,3062,wedding,2.0,0.6674946636488308,0.7629459415909446,7.559646446238864,True,True,True
Context-adaptive 1/2/3 m target,Geometry + context CNN,3063,wedding,2.0,0.41278290874038315,1.282135251481242,4.465933140540831,True,True,True
Context-adaptive 1/2/3 m target,Geometry + context CNN,3064,wedding,2.0,0.3318204785783934,0.7075436594679051,2.0946550976216702,True,True,True
Context-adaptive 1/2/3 m target,Geometry + context CNN,3065,wedding,1.0,0.34830481702272836,0.7270407658040944,2.9968593163262454,True,True,True
Context-adaptive 1/2/3 m target,Geometry + context CNN,3066,wedding,1.0,0.25494940473838845,0.5352810858062025,1.9894756815419448,True,True,True
Context-adaptive 1/2/3 m target,Geometry + context CNN,3067,wedding,1.0,0.22372046238921886,0.37905355275404357,4.587016519295031,True,True,True
Context-adaptive 1/2/3 m target,Geometry + context CNN,3068,wedding,1.0,0.5737416518586165,0.9735743190416236,3.16846416650938,True,True,True
Context-adaptive 1/2/3 m target,Geometry + context CNN,3069,wedding,2.0,1.1172200238324328,1.0644897839086402,5.332057567700606,True,True,True
Context-adaptive 1/2/3 m target,Geometry + context CNN,3070,wedding,2.0,1.159811250890704,1.7595289042678204,3.9069725406764273,True,True,True
Context-adaptive 1/2/3 m target,Geometry + context CNN,3071,wedding,1.0,0.15827337245949666,0.24490429667656521,1.3721523943656955,True,True,True
Context-adaptive 1/2/3 m target,Geometry + context CNN,3072,wedding,1.0,0.4881689522855087,0.8969005046861925,5.010718377848712,True,True,True
Context-adaptive 1/2/3 m target,Geometry + context CNN,3073,wedding,3.0,0.06868065398679382,0.10873158580448712,0.5060859320202585,True,True,True
Context-adaptive 1/2/3 m target,Geometry + context CNN,3074,wedding,2.0,0.09305818180868414,0.15282636068835156,1.1532520020596875,True,True,True
Context-adaptive 1/2/3 m target,Geometry + context CNN,3075,wedding,2.0,0.20104575288614138,0.47492219668075664,3.1331585784672273,True,True,True
Context-adaptive 1/2/3 m target,Geometry + context CNN,3076,wedding,2.0,0.2197031527758759,0.5494412564144099,2.45753799280091,True,True,True
Context-adaptive 1/2/3 m target,Geometry + context CNN,3077,wedding,2.0,0.09379426118430713,0.15593439353043234,0.736396299216799,True,True,True
Context-adaptive 1/2/3 m target,Geometry + context CNN,3078,wedding,2.0,1.5190993423987005,1.5385516862570714,1.5291849165552422,True,True,True
Context-adaptive 1/2/3 m target,Geometry + context CNN,3079,wedding,2.0,0.6063199967158788,1.12420032815743,5.3475120297944665,True,True,True
Context-adaptive 1/2/3 m target,Geometry + context CNN,3080,wedding,2.0,1.0171612548766151,1.345222437928579,4.54698542117145,True,True,True
Context-adaptive 1/2/3 m target,Geometry + context CNN,3081,wedding,3.0,0.7207994116294841,1.0629463131832442,7.182676745349595,True,True,True
Context-adaptive 1/2/3 m target,Geometry + context CNN,3082,wedding,3.0,1.7901954526959416,2.5587710840220135,7.511770359797125,True,True,True
Context-adaptive 1/2/3 m target,Geometry + context CNN,3083,wedding,3.0,0.622240174600836,0.9697759959946839,6.541259510262723,True,True,True
Context-adaptive 1/2/3 m target,Geometry + context CNN,3084,wedding,2.0,1.0968400349746728,1.9963038359451144,4.397328273879847,True,True,True
Context-adaptive 1/2/3 m target,Geometry + context CNN,3085,wedding,3.0,0.946515242403064,1.5931811892309864,5.959845873195131,True,True,True
Context-adaptive 1/2/3 m target,Geometry + context CNN,3086,wedding,2.0,0.5609868144278646,0.7239960671760737,0.8009436586722583,True,True,True
Context-adaptive 1/2/3 m target,Geometry + context CNN,3087,wedding,3.0,0.34764695548828245,0.6236027880612752,3.349374698255552,True,True,True
Context-adaptive 1/2/3 m target,Geometry + context CNN,3088,wedding,3.0,0.4088352947383111,0.6845301589819055,1.9826747197343886,True,True,True
Context-adaptive 1/2/3 m target,Geometry + context CNN,3089,wedding,3.0,0.5551259530618051,1.2059802945934084,5.097951806834558,True,True,True
Context-adaptive 1/2/3 m target,Geometry + context CNN,3090,wedding,3.0,1.0537069975548088,1.7167262999158859,8.280245480168954,True,True,True
Context-adaptive 1/2/3 m target,Geometry + context CNN,3091,wedding,3.0,0.9883072554438846,1.6552618673069552,5.400620980830736,True,True,True
Context-adaptive 1/2/3 m target,Geometry + context CNN,3092,wedding,3.0,1.2075005982865201,1.6585322798328066,2.650725935136304,True,True,True
Context-adaptive 1/2/3 m target,Geometry + context CNN,3093,wedding,3.0,0.8954931810532274,1.580528079587962,5.21474154853454,True,True,True
Context-adaptive 1/2/3 m target,Geometry + context CNN,3094,wedding,3.0,0.6798817845506169,1.179440592379987,8.571603111828875,True,True,True
Context-adaptive 1/2/3 m target,Geometry + context CNN,3095,wedding,3.0,1.4902052866607944,1.8675421459435655,2.865481836687619,True,True,True
Context-adaptive 1/2/3 m target,Geometry + context CNN,3096,wedding,3.0,1.1119690927988237,1.6971311885913862,7.301115921595501,True,True,True
Context-adaptive 1/2/3 m target,Geometry + context CNN,3097,wedding,3.0,0.5110595543790034,1.2243949658148752,3.1006930680972036,True,True,True
Context-adaptive 1/2/3 m target,Geometry + context CNN,3098,wedding,2.0,0.4432617322038933,0.8947190059256523,2.728458825667978,True,True,True
Context-adaptive 1/2/3 m target,Geometry + context CNN,3099,wedding,3.0,0.9767418621394496,1.342433746946396,0.007885178770155597,True,True,True
Context-adaptive 1/2/3 m target,Geometry + context CNN,3100,wedding,1.0,0.2282220969772996,0.44840699524923244,0.5302137972684566,True,True,True
Context-adaptive 1/2/3 m target,Geometry + context CNN,3101,wedding,1.0,0.6421484370052796,0.7973761443549742,1.3805591102752675,True,True,True
Context-adaptive 1/2/3 m target,Geometry + context CNN,3102,lichtenberg,1.0,0.6185822880226814,1.072608694321458,0.6537060813356625,True,True,True
Context-adaptive 1/2/3 m target,Geometry + context CNN,3103,lichtenberg,1.0,0.3054830109685998,0.48908144849181984,0.66964730604455,True,True,True
Context-adaptive 1/2/3 m target,Geometry + context CNN,3104,lichtenberg,1.0,0.7377863175131574,0.9693464014136133,1.0119316482123746,True,True,True
Context-adaptive 1/2/3 m target,Geometry + context CNN,3105,lichtenberg,1.0,1.243276902748239,1.9520983960876737,1.1514696965013438,True,True,True
Context-adaptive 1/2/3 m target,Geometry + context CNN,3106,lichtenberg,1.0,1.710783938352752,2.2904651209804836,1.0675669650297546,True,True,True
Context-adaptive 1/2/3 m target,Geometry + context CNN,3107,lichtenberg,1.0,0.42956499821827776,0.6750916582189527,2.205401813591634,True,True,True
Context-adaptive 1/2/3 m target,Geometry + context CNN,3108,lichtenberg,1.0,0.7442903423586864,1.1558062927170807,0.04933725180375442,True,True,True
Context-adaptive 1/2/3 m target,Geometry + context CNN,3109,lichtenberg,1.0,0.6686651597076747,1.4532732115452345,1.550365159374066,True,True,True
Context-adaptive 1/2/3 m target,Geometry + context CNN,3110,lichtenberg,2.0,0.5459870153951356,1.3394022794712501,1.5067531831840963,True,True,True
Context-adaptive 1/2/3 m target,Geometry + context CNN,3111,lichtenberg,2.0,0.6706839908895122,0.9884648922354685,0.916130357352797,True,True,True
Context-adaptive 1/2/3 m target,Geometry + context CNN,3112,lichtenberg,1.0,0.1874039412155335,0.33835895607895927,3.3214165519263474,True,True,True
Context-adaptive 1/2/3 m target,Geometry + context CNN,3113,lichtenberg,2.0,0.5710145442741957,1.0648732928076075,4.575886065763781,True,True,True
Context-adaptive 1/2/3 m target,Geometry + context CNN,3114,lichtenberg,1.0,0.8413104538208449,1.7988194936793624,4.787305158385891,True,True,True
Context-adaptive 1/2/3 m target,Geometry + context CNN,3115,lichtenberg,1.0,0.9477643830459918,1.3230867080466433,10.317511542931944,True,True,True
Context-adaptive 1/2/3 m target,Geometry + context CNN,3116,lichtenberg,1.0,1.0365666458846574,1.7339565856481567,8.950225744119326,True,True,True
Context-adaptive 1/2/3 m target,Geometry + context CNN,3117,lichtenberg,1.0,0.8834457018085313,1.4979671101779686,1.1280223037123143,True,True,True
Context-adaptive 1/2/3 m target,Geometry + context CNN,3118,lichtenberg,1.0,0.49643233372639667,0.6845440279300946,3.1843895319992757,True,True,True
Context-adaptive 1/2/3 m target,Geometry + context CNN,3119,lichtenberg,1.0,0.42414957942799836,0.9979364988968018,0.7490801555772859,True,True,True
Context-adaptive 1/2/3 m target,Geometry + context CNN,3120,lichtenberg,1.0,0.6298331221343195,0.8663289047824724,6.770981701364244,True,True,True
Context-adaptive 1/2/3 m target,Geometry + context CNN,3121,lichtenberg,1.0,1.0227844008524802,1.2762845884256608,1.1918537625052228,True,True,True
Context-adaptive 1/2/3 m target,Geometry + context CNN,3122,lichtenberg,1.0,2.0294432922847156,2.1408888248665243,4.709379795461166,True,True,True
Context-adaptive 1/2/3 m target,Geometry + context CNN,3123,lichtenberg,1.0,1.0146576813780621,1.6009179305902526,0.42712995495953215,True,True,True
Context-adaptive 1/2/3 m target,Geometry + context CNN,3124,lichtenberg,2.0,1.0707134242501324,1.2765531189699206,3.7351540691024963,True,True,True
Context-adaptive 1/2/3 m target,Geometry + context CNN,3125,lichtenberg,1.0,0.1827537417656172,0.2898470481599794,1.765886478289495,True,True,True
Context-adaptive 1/2/3 m target,Geometry + context CNN,3126,lichtenberg,1.0,0.7258609869045493,1.2347608706149211,1.9247416409887315,True,True,True
Context-adaptive 1/2/3 m target,Geometry + context CNN,3127,lichtenberg,1.0,0.5052810188145617,0.833138006609728,2.2708789307307193,True,True,True
Context-adaptive 1/2/3 m target,Geometry + context CNN,3128,lichtenberg,1.0,0.7037851447925512,1.0727874919354143,1.3345127881149623,True,True,True
Context-adaptive 1/2/3 m target,Geometry + context CNN,3129,lichtenberg,1.0,1.0789636691735938,2.2155705249688604,10.725280085471809,True,True,True
Context-adaptive 1/2/3 m target,Geometry + context CNN,3130,lichtenberg,1.0,1.5783168082038783,1.969251781598231,10.316825552980683,True,True,True
Context-adaptive 1/2/3 m target,Geometry + context CNN,3131,lichtenberg,1.0,0.9637650786676862,1.445692042884811,7.458753485766327,True,True,True
Context-adaptive 1/2/3 m target,Geometry + context CNN,3132,lichtenberg,1.0,0.8867373487143125,1.128288010267241,5.290581620909971,True,True,True
Context-adaptive 1/2/3 m target,Geometry + context CNN,3133,lichtenberg,1.0,0.37407632685529185,0.6385220914959394,4.222762839213089,True,True,True
Context-adaptive 1/2/3 m target,Geometry + context CNN,3134,lichtenberg,1.0,0.8609088544270833,0.8822573045848501,0.4178647321334647,True,True,True
Context-adaptive 1/2/3 m target,Geometry + context CNN,3135,lichtenberg,1.0,0.4783384754274273,0.7701453417347721,2.468906237369716,True,True,True
Context-adaptive 1/2/3 m target,Geometry + context CNN,3136,lichtenberg,1.0,0.19527559561116867,0.5521069237299965,0.12147054056584781,True,True,True
Context-adaptive 1/2/3 m target,Geometry + context CNN,3137,lichtenberg,1.0,0.31946807590364795,0.7175368360142944,1.1901192159207115,True,True,True
Context-adaptive 1/2/3 m target,Geometry + context CNN,3138,lichtenberg,1.0,0.24465218224212715,0.36361475837812707,1.8024494522075263,True,True,True
Context-adaptive 1/2/3 m target,Geometry + context CNN,3139,lichtenberg,1.0,0.2694033831693482,0.49366025444952155,1.5012897377173704,True,True,True
Context-adaptive 1/2/3 m target,Geometry + context CNN,3140,lichtenberg,1.0,0.3555775579366819,0.7153445762678731,1.9719277898966665,True,True,True
Context-adaptive 1/2/3 m target,Geometry + context CNN,3141,lichtenberg,1.0,0.4198702762489789,0.6829364620159256,4.826616634863011,True,True,True
Context-adaptive 1/2/3 m target,Geometry + context CNN,3142,lichtenberg,1.0,0.5694466235548366,0.8705983319258678,1.476404249227335,True,True,True
Context-adaptive 1/2/3 m target,Geometry + context CNN,3143,lichtenberg,1.0,0.25928175940531356,0.4354377573990257,2.9403184353491834,True,True,True
Context-adaptive 1/2/3 m target,Geometry + context CNN,3145,lichtenberg,1.0,6.098667673623669,1.0490845969921878,3.9231362737433044,True,True,True
Context-adaptive 1/2/3 m target,Geometry + context CNN,3146,lichtenberg,1.0,0.33262521200696143,0.5346146833548192,1.98720582348959,True,True,True
Context-adaptive 1/2/3 m target,Geometry + context CNN,3147,lichtenberg,1.0,0.8329937481701131,0.9103736062076224,0.8630755991293568,True,True,True
Context-adaptive 1/2/3 m target,Geometry + context CNN,3148,lichtenberg,2.0,1.0526092445339834,1.4549426983906943,0.375957344009846,True,True,True
Context-adaptive 1/2/3 m target,Geometry + context CNN,3149,lichtenberg,1.0,0.4140184934225078,0.6063475105223056,2.5924628274414676,True,True,True
Context-adaptive 1/2/3 m target,Geometry + context CNN,3150,lichtenberg,1.0,2.377461398173335,3.1720063097914215,4.506379986395674,True,True,True
Context-adaptive 1/2/3 m target,Geometry + context CNN,3151,lichtenberg,1.0,0.5164142695847037,0.6875273032683803,0.40836117339578426,True,True,True
Context-adaptive 1/2/3 m target,Geometry + context CNN,3152,lichtenberg,1.0,0.6038422695604383,0.9757486117729528,6.0426942023862,True,True,True
Context-adaptive 1/2/3 m target,Geometry + context CNN,3153,lichtenberg,1.0,1.4999363488526656,2.025236984257403,1.7316436875360157,True,True,True
Context-adaptive 1/2/3 m target,Geometry + context CNN,3154,lichtenberg,1.0,0.8683955891699497,1.489420540755627,4.858921583022779,True,True,True
Context-adaptive 1/2/3 m target,Geometry + context CNN,3155,lichtenberg,1.0,0.5366167427778737,1.022143664700582,1.1656323633222117,True,True,True
Context-adaptive 1/2/3 m target,Geometry + context CNN,3156,lichtenberg,1.0,0.5275920538260412,0.8084581652779446,2.513034091479056,True,True,True
Context-adaptive 1/2/3 m target,Geometry + context CNN,3157,lichtenberg,1.0,0.23682776080951903,0.5653386487327002,0.9457517387585651,True,True,True
Context-adaptive 1/2/3 m target,Geometry + context CNN,3158,lichtenberg,1.0,1.6943168748174031,1.697300418656871,1.6064681515789392,True,True,True
Context-adaptive 1/2/3 m target,Geometry + context CNN,3159,lichtenberg,1.0,0.3150390669123042,0.7154631336477015,1.1194068171586933,True,True,True
Context-adaptive 1/2/3 m target,Geometry + context CNN,3160,lichtenberg,1.0,0.2073242409201087,0.30167243843295116,0.615510821188592,True,True,True
Context-adaptive 1/2/3 m target,Geometry + context CNN,3161,lichtenberg,2.0,0.8536228747759167,1.6014823860605247,1.0588940329039949,True,True,True
Context-adaptive 1/2/3 m target,Geometry + context CNN,3162,lichtenberg,1.0,0.39065036366894684,0.6915921681263988,3.8050969289996663,True,True,True
Context-adaptive 1/2/3 m target,Geometry + context CNN,3163,lichtenberg,1.0,0.7031733462630617,0.9160920136397807,2.0775054483151907,True,True,True
Context-adaptive 1/2/3 m target,Geometry + context CNN,3164,lichtenberg,1.0,0.3332198744054226,0.6549969132033617,0.21467340395415485,True,True,True
Context-adaptive 1/2/3 m target,Geometry + context CNN,3165,lichtenberg,1.0,1.1362264218416687,1.8387492319471714,2.6915937594526387,True,True,True
Context-adaptive 1/2/3 m target,Geometry + context CNN,3166,lichtenberg,1.0,2.6179525839535063,2.4810889154669593,0.3267677748200785,True,True,True
Context-adaptive 1/2/3 m target,Geometry + context CNN,3167,lichtenberg,1.0,1.6247091916136087,2.9305659180371615,4.519956913348302,True,True,True
Context-adaptive 1/2/3 m target,Geometry + context CNN,3168,lichtenberg,1.0,4.331029743581397,7.701269057520253,14.111740356055194,True,True,True
Context-adaptive 1/2/3 m target,Geometry + context CNN,3169,lichtenberg,1.0,0.34758446622353073,1.1291964351578436,2.313951086978187,True,True,True
Context-adaptive 1/2/3 m target,Geometry + context CNN,3170,lichtenberg,1.0,0.4617251391897559,0.69088044372711,3.742206597949639,True,True,True
Context-adaptive 1/2/3 m target,Geometry + context CNN,3171,lichtenberg,1.0,0.6988483131244204,1.0064649769408025,4.093006244199209,True,True,True
Context-adaptive 1/2/3 m target,Geometry + context CNN,3172,lichtenberg,1.0,2.2099957711497704,2.4063035140073508,2.728728759518258,True,True,True
Context-adaptive 1/2/3 m target,Geometry + context CNN,3173,lichtenberg,1.0,0.5915510340556555,1.0923197346523497,4.306266244549937,True,True,True
Context-adaptive 1/2/3 m target,Geometry + context CNN,3174,lichtenberg,1.0,0.4963824227111214,1.0050485900408903,4.294692471690585,True,True,True
Context-adaptive 1/2/3 m target,Geometry + context CNN,3175,lichtenberg,1.0,0.6369802960314446,0.815782984166372,1.7786524918074147,True,True,True
Context-adaptive 1/2/3 m target,Geometry + context CNN,3176,lichtenberg,1.0,0.6566327478455547,0.7951059972249296,2.2041880728581247,True,True,True
Context-adaptive 1/2/3 m target,Geometry + context CNN,3177,lichtenberg,1.0,2.0877563255380442,1.1379811191111213,1.7907177584811924,True,True,True
Context-adaptive 1/2/3 m target,Geometry + context CNN,3178,lichtenberg,1.0,0.4294278814384947,0.5515501293961087,0.8498249876792044,True,True,True
Context-adaptive 1/2/3 m target,Geometry + context CNN,3181,lichtenberg,1.0,0.8422290011389124,1.4233251359373391,1.0242303818437635,True,True,True
Context-adaptive 1/2/3 m target,Geometry + context CNN,3182,lichtenberg,1.0,0.2458183201451926,0.6486217842943424,1.46760260875837,True,True,True
Context-adaptive 1/2/3 m target,Geometry + context CNN,3183,lichtenberg,1.0,0.4372721581166873,0.5728236423846474,1.9702861225794621,True,True,True
Context-adaptive 1/2/3 m target,Geometry + context CNN,3184,lichtenberg,1.0,0.43893562196063834,0.5827574079442572,1.37120877478623,True,True,True
Context-adaptive 1/2/3 m target,Geometry + context CNN,3185,lichtenberg,1.0,0.5895413072887935,0.6257434233901505,0.09315380425870899,True,True,True
Context-adaptive 1/2/3 m target,Geometry + context CNN,3186,lichtenberg,1.0,0.21399468415971273,0.343682086397128,2.5849573646355832,True,True,True
Context-adaptive 1/2/3 m target,Geometry + context CNN,3187,lichtenberg,1.0,1.1630154984284768,1.132877975307737,1.2854592366178828,True,True,True
Context-adaptive 1/2/3 m target,Geometry + context CNN,3188,lichtenberg,1.0,0.7442833805781007,0.946128512603418,0.01989314469388174,True,True,True
Context-adaptive 1/2/3 m target,Geometry + context CNN,3189,lichtenberg,1.0,1.5249758199290089,1.7937128503941733,5.0333140779894165,True,True,True
Context-adaptive 1/2/3 m target,Geometry + context CNN,3190,lichtenberg,1.0,0.5249349702528713,0.7859704047441483,0.08459937903512824,True,True,True
Context-adaptive 1/2/3 m target,Geometry + context CNN,3191,lichtenberg,2.0,0.10973349961463766,0.20253376112718482,1.2128255355935262,True,True,True
Context-adaptive 1/2/3 m target,Geometry + context CNN,3192,lichtenberg,1.0,0.32279518296560883,0.598344678588909,0.8115237262462314,True,True,True
Context-adaptive 1/2/3 m target,Geometry + context CNN,3193,lichtenberg,1.0,0.7625137356573641,1.2416206096891527,2.809761532175117,True,True,True
Context-adaptive 1/2/3 m target,Geometry + context CNN,3194,lichtenberg,1.0,0.09524159961529362,0.16687260278345478,1.4120958542234778,True,True,True
Context-adaptive 1/2/3 m target,Geometry + context CNN,3195,lichtenberg,1.0,0.45210569908983533,0.6183679052899015,1.5172247315735632,True,True,True
Context-adaptive 1/2/3 m target,Geometry + context CNN,3196,lichtenberg,1.0,0.5650505493787632,0.5997423992458072,0.8199406667602364,True,True,True
Context-adaptive 1/2/3 m target,Geometry + context CNN,3197,lichtenberg,1.0,0.8364715349524453,1.0943233791021196,2.6851824326874274,True,True,True
Context-adaptive 1/2/3 m target,Geometry + context CNN,3198,lichtenberg,1.0,0.8832187839676695,1.3347284384429807,4.08188115055791,True,True,True
Context-adaptive 1/2/3 m target,Geometry + context CNN,3199,lichtenberg,1.0,0.10632430960883651,0.15771906901806992,1.485255016700668,True,True,True
Context-adaptive 1/2/3 m target,Geometry + context CNN,3200,lichtenberg,1.0,0.7057847379030423,1.3305568581808185,4.466216963451028,True,True,True
Context-adaptive 1/2/3 m target,Geometry + context CNN,3201,lichtenberg,2.0,0.28032453623984205,0.48917119601045855,1.5176699839625984,True,True,True
Context-adaptive 1/2/3 m target,Geometry + context CNN,3202,lichtenberg,2.0,1.0420085774608723,1.5225571004898877,11.714368072390721,True,True,True
Context-adaptive 1/2/3 m target,Geometry + context CNN,3203,lichtenberg,2.0,0.3514699851135886,0.55348775992702,3.282621418097177,True,True,True
Context-adaptive 1/2/3 m target,Geometry + context CNN,3204,lichtenberg,2.0,1.428099269261397,0.6559789470851043,0.23336336010994652,True,True,True
Context-adaptive 1/2/3 m target,Geometry + context CNN,3205,lichtenberg,2.0,0.6843009801178835,1.1071126113994028,2.2846935406794286,True,True,True
Context-adaptive 1/2/3 m target,Geometry + context CNN,3206,lichtenberg,1.0,0.03332551477870837,0.0561922398004646,0.3727932504843082,True,True,True
Context-adaptive 1/2/3 m target,Geometry + context CNN,3207,lichtenberg,1.0,0.05822905200696828,0.0944920173871758,1.6510671644469705,True,True,True
Context-adaptive 1/2/3 m target,Geometry + context CNN,3208,lichtenberg,1.0,1.0482443657286324,1.1917428040769593,2.7447988738216784,True,True,True
Context-adaptive 1/2/3 m target,Geometry + context CNN,3209,lichtenberg,1.0,2.6291521574997185,1.4183855915228407,1.5316060976500816,True,True,True
Context-adaptive 1/2/3 m target,Geometry + context CNN,3210,lichtenberg,1.0,0.9637434759720623,1.2835152286694393,5.735036333768843,True,True,True
Context-adaptive 1/2/3 m target,Geometry + context CNN,3211,lichtenberg,1.0,1.518478714138356,1.680904661696387,2.1262918011394643,True,True,True
Context-adaptive 1/2/3 m target,Geometry + context CNN,3212,lichtenberg,1.0,0.7333299718395712,0.7870470787054207,0.6154061387820908,True,True,True
Context-adaptive 1/2/3 m target,Geometry + context CNN,3213,lichtenberg,1.0,2.574232275965341,1.0855802546383229,4.204999485319074,True,True,True
Context-adaptive 1/2/3 m target,Geometry + context CNN,3214,lichtenberg,1.0,1.1905129853772802,0.822770412091089,1.190771486378034,True,True,True
Context-adaptive 1/2/3 m target,Geometry + context CNN,3215,lichtenberg,1.0,0.5138168271860013,0.9643539554506217,2.794859577992697,True,True,True
Context-adaptive 1/2/3 m target,Geometry + context CNN,3216,lichtenberg,1.0,0.5223515919281752,0.7749045275878211,2.5711902643545845,True,True,True
Context-adaptive 1/2/3 m target,Geometry + context CNN,3217,lichtenberg,1.0,1.0212189874021658,0.9821493374183774,0.03214371927396249,True,True,True
Context-adaptive 1/2/3 m target,Geometry + context CNN,3218,lichtenberg,1.0,1.0678202178272012,0.8464611298169149,1.6285276846532855,True,True,True
Context-adaptive 1/2/3 m target,Geometry + context CNN,3219,lichtenberg,1.0,0.26796344154478263,0.5880124524476249,0.6547509272672227,True,True,True
Context-adaptive 1/2/3 m target,Geometry + context CNN,3220,lichtenberg,1.0,11.650566714649601,2.08193838285354,1.1777265854360466,True,True,True
Context-adaptive 1/2/3 m target,Geometry + context CNN,3221,lichtenberg,1.0,0.2199082454533972,0.33574461345375406,2.659768936914448,True,True,True
Context-adaptive 1/2/3 m target,Geometry + context CNN,3222,lichtenberg,1.0,0.25649269571656463,0.36280820741004494,2.598830449650633,True,True,True
Context-adaptive 1/2/3 m target,Geometry + context CNN,3223,lichtenberg,2.0,0.24491006558712958,0.5202558691924848,3.7953107127832597,True,True,True
Context-adaptive 1/2/3 m target,Geometry + context CNN,3224,lichtenberg,2.0,1.1269959985326607,1.3394313187060982,2.3116391691911775,True,True,True
Context-adaptive 1/2/3 m target,Geometry + context CNN,3225,lichtenberg,1.0,0.3376185720165021,0.43918662309622586,0.766081967563537,True,True,True
Context-adaptive 1/2/3 m target,Geometry + context CNN,3226,lichtenberg,1.0,0.3087142450503369,0.7146898111668728,0.08840185898434781,True,True,True
Context-adaptive 1/2/3 m target,Geometry + context CNN,3227,lichtenberg,1.0,6.231586478831416,1.401996537897059,1.0493786801845306,True,True,True
Context-adaptive 1/2/3 m target,Geometry + context CNN,3228,lichtenberg,1.0,8.693913429771582,0.9466441566203639,1.6576998117940829,True,True,True
Context-adaptive 1/2/3 m target,Geometry + context CNN,3229,lichtenberg,2.0,4.740021880226321,1.0195838188686341,2.3463350071267395,True,True,True
Context-adaptive 1/2/3 m target,Geometry + context CNN,3230,lichtenberg,2.0,0.4481305604830598,0.6902299807406962,3.069910707290802,True,True,True
Context-adaptive 1/2/3 m target,Geometry + context CNN,3231,lichtenberg,2.0,1.651058639219137,1.034987241913519,1.1267914356003645,True,True,True
Context-adaptive 1/2/3 m target,Geometry + context CNN,3232,lichtenberg,2.0,0.4587869101086644,0.5462427255864383,1.5647735989926475,True,True,True
Context-adaptive 1/2/3 m target,Geometry + context CNN,3233,lichtenberg,1.0,0.35512329112302904,0.8262620810958685,9.693802822351321,True,True,True
Context-adaptive 1/2/3 m target,Geometry + context CNN,3234,lichtenberg,1.0,0.5919774388894087,0.7797262075792809,1.3311796540702292,True,True,True
Context-adaptive 1/2/3 m target,Geometry + context CNN,3235,lichtenberg,1.0,0.4366926734609054,0.6673749843389025,2.8582646385444095,True,True,True
Context-adaptive 1/2/3 m target,Geometry + context CNN,3236,lichtenberg,2.0,1.0427276470886682,1.7105408608794266,0.8770781893967264,True,True,True
Context-adaptive 1/2/3 m target,Geometry + context CNN,3237,lichtenberg,2.0,0.4289378436212231,0.46054843793593,1.4521002588180674,True,True,True
Context-adaptive 1/2/3 m target,Geometry + context CNN,3238,lichtenberg,2.0,3.11027237293026,0.7820786222348295,0.7617915468471073,True,True,True
Context-adaptive 1/2/3 m target,Geometry + context CNN,3239,lichtenberg,2.0,0.4468801868808049,0.6135888323369453,1.9062067785051822,True,True,True
Context-adaptive 1/2/3 m target,Geometry + context CNN,3240,lichtenberg,1.0,0.8370341358204698,1.3720400996131532,3.2880868650253623,True,True,True
Context-adaptive 1/2/3 m target,Geometry + context CNN,3241,lichtenberg,1.0,0.10478402504697722,0.20622223574964882,0.6417920011614544,True,True,True
Context-adaptive 1/2/3 m target,Geometry + context CNN,3242,lichtenberg,2.0,3.9554242993087216,1.2004167242978425,6.764675038654914,True,True,True
Context-adaptive 1/2/3 m target,Geometry + context CNN,3243,lichtenberg,1.0,0.441679755043491,0.5664849848905146,0.3388326159596957,True,True,True
Context-adaptive 1/2/3 m target,Geometry + context CNN,3244,lichtenberg,1.0,0.7656037873050634,0.8567908189292532,0.4613526687021946,True,True,True
Context-adaptive 1/2/3 m target,Geometry + context CNN,3245,lichtenberg,1.0,0.6408205237575877,0.725858754731308,3.2244132437516524,True,True,True
Context-adaptive 1/2/3 m target,Geometry + context CNN,3246,lichtenberg,1.0,1.1984765396733557,1.4235913759768977,2.9091966058740675,True,True,True
Context-adaptive 1/2/3 m target,Geometry + context CNN,3247,lichtenberg,1.0,0.578756340395274,1.043770589449491,5.0366417109456,True,True,True
Context-adaptive 1/2/3 m target,Geometry + context CNN,3248,lichtenberg,2.0,0.8277056550073076,0.80688134471216,3.0165679564334527,True,True,True
Context-adaptive 1/2/3 m target,Geometry + context CNN,3249,lichtenberg,1.0,0.26897651484399443,0.5316063664011516,0.22404615455231025,True,True,True
Context-adaptive 1/2/3 m target,Geometry + context CNN,3250,lichtenberg,1.0,0.06408070493033224,0.11777732345657294,0.772085380075976,True,True,True
Context-adaptive 1/2/3 m target,Geometry + context CNN,3252,lichtenberg,1.0,0.7726399393584854,1.2625672833745538,2.4329439164297226,True,True,True
Context-adaptive 1/2/3 m target,Geometry + context CNN,3253,lichtenberg,2.0,0.10013634754071596,0.17358594521341236,0.654969678358947,True,True,True
Context-adaptive 1/2/3 m target,Geometry + context CNN,3254,lichtenberg,1.0,1.1565569480221067,1.26826899346221,0.08256319055935074,True,True,True
Context-adaptive 1/2/3 m target,Geometry + context CNN,3255,lichtenberg,1.0,0.7105403286579227,0.9189891540316739,0.7570068161100256,True,True,True
Context-adaptive 1/2/3 m target,Geometry + context CNN,3256,lichtenberg,2.0,1.4055813412438773,1.6259944651291651,2.187033652541269,True,True,True
Context-adaptive 1/2/3 m target,Geometry + context CNN,3257,lichtenberg,1.0,0.7527781775730581,1.1944146470482988,9.713583328257359,True,True,True
Context-adaptive 1/2/3 m target,Geometry + context CNN,3258,lichtenberg,1.0,0.5761661598751932,0.8600390012722087,1.4540534543637245,True,True,True
Context-adaptive 1/2/3 m target,Geometry + context CNN,3259,lichtenberg,1.0,0.4100134895241719,0.6380325500357501,4.6414576179807066,True,True,True
Context-adaptive 1/2/3 m target,Geometry + context CNN,3260,lichtenberg,1.0,0.7132546531277763,1.1322960361061885,3.725203586430961,True,True,True
Context-adaptive 1/2/3 m target,Geometry + context CNN,3261,lichtenberg,1.0,0.992329207491225,2.060827572477017,1.675812851516175,True,True,True
Context-adaptive 1/2/3 m target,Geometry + context CNN,3262,lichtenberg,2.0,0.4704673382099689,0.5554739030241815,1.7085882953174216,True,True,True
Context-adaptive 1/2/3 m target,Geometry + context CNN,3264,lichtenberg,3.0,0.951921608135138,1.4841359062120318,9.17952146124875,True,True,True
Context-adaptive 1/2/3 m target,Geometry + context CNN,3265,lichtenberg,2.0,0.9951105314437441,1.5009855385869741,10.265901230894453,True,True,True
Context-adaptive 1/2/3 m target,Geometry + context CNN,3266,lichtenberg,2.0,0.8739924379920517,1.4700188853463592,8.376977045513502,True,True,True
Context-adaptive 1/2/3 m target,Geometry + context CNN,3268,lichtenberg,2.0,0.9899380332739915,1.4856775552034378,10.325104345853424,True,True,True
Context-adaptive 1/2/3 m target,Geometry + context CNN,3269,lichtenberg,2.0,1.5302980737937615,3.2883368368793393,6.528180848826194,True,True,True
Context-adaptive 1/2/3 m target,Geometry + context CNN,3270,lichtenberg,1.0,0.7650857065085043,1.105330399023469,1.6983258798051089,True,True,True
Context-adaptive 1/2/3 m target,Geometry + context CNN,3271,lichtenberg,1.0,0.5416211336368291,1.104376476279532,1.2099815784533976,True,True,True
Context-adaptive 1/2/3 m target,Geometry + context CNN,3272,lichtenberg,1.0,0.7839921591389065,1.3903655050159687,3.5351836545517252,True,True,True
Context-adaptive 1/2/3 m target,Geometry + context CNN,3273,lichtenberg,1.0,4.059101585430767,1.5017308100118232,0.21782428001948909,True,True,True
Context-adaptive 1/2/3 m target,Geometry + context CNN,3274,lichtenberg,1.0,0.7538129545591674,1.1664490274429282,5.056088641150651,True,True,True
Context-adaptive 1/2/3 m target,Geometry + context CNN,3275,lichtenberg,2.0,0.5082750531398719,1.2751115461631521,0.6800053344705073,True,True,True
Context-adaptive 1/2/3 m target,Geometry + context CNN,3276,lichtenberg,2.0,0.8804125897261209,1.4188720298127406,9.040463117808041,True,True,True
Context-adaptive 1/2/3 m target,Geometry + context CNN,3277,lichtenberg,2.0,0.6635730314383934,1.3998766978290111,0.32478777917667484,True,True,True
Context-adaptive 1/2/3 m target,Geometry + context CNN,3278,lichtenberg,1.0,0.6814217177549551,1.1670588464826386,2.118608494444301,True,True,True
Context-adaptive 1/2/3 m target,Geometry + context CNN,3279,lichtenberg,1.0,0.7204125054576584,0.9538605384827451,1.1052522623864796,True,True,True
Context-adaptive 1/2/3 m target,Geometry + context CNN,3280,lichtenberg,1.0,0.4275900028585312,0.8879606900351781,2.1579073559786277,True,True,True
Context-adaptive 1/2/3 m target,Geometry + context CNN,3281,lichtenberg,1.0,0.89103334142936,1.065629050568136,3.8292528148721985,True,True,True
